Warning: Permanently added '109.123.245.77' (ED25519) to the list of known hosts.
reading file "/tmp/fa-campaign-20260908-heap/profile.zst" - please wait, this might take some time...
Debuggee command was: /Users/jemanuel/projects/franken_alignment_wave4_gate2_20260908/.rch-target/release/build/fa-reference/e669633187e11169/out/profile_costs-e669633187e11169 --exact fixed_reference_profile_costs_are_descriptive_and_assert_all_outcomes --nocapture --test-threads=1
finished reading file, now analyzing data:

MOST CALLS TO ALLOCATION FUNCTIONS
4915 calls to allocation functions with 58.18K peak consumption from
_RNvMs5_NtCsfVXW7bATEob_5alloc7raw_vecNtB5_11RawVecInner11finish_growCsbx1baUgb63R_12fa_reference
  in /data/projects/franken_alignment_wave4_gate2_20260908/.rch-target/release/build/fa-reference/e669633187e11169/out/profile_costs-e669633187e11169
372 calls with 0B peak consumption from:
    _RINvNvMs2_NtCsfVXW7bATEob_5alloc7raw_vecINtB8_11RawVecInnerpE7reserve21do_reserve_and_handleNtNtBa_5alloc6GlobalECsbx1baUgb63R_12fa_reference
      in /data/projects/franken_alignment_wave4_gate2_20260908/.rch-target/release/build/fa-reference/e669633187e11169/out/profile_costs-e669633187e11169
    _RNvMs4_NtCsbx1baUgb63R_12fa_reference11strict_jsonNtB5_6Parser12parse_string
      in /data/projects/franken_alignment_wave4_gate2_20260908/.rch-target/release/build/fa-reference/e669633187e11169/out/profile_costs-e669633187e11169
    _RNvMs4_NtCsbx1baUgb63R_12fa_reference11strict_jsonNtB5_6Parser12parse_object
      in /data/projects/franken_alignment_wave4_gate2_20260908/.rch-target/release/build/fa-reference/e669633187e11169/out/profile_costs-e669633187e11169
    _RNvNtCsbx1baUgb63R_12fa_reference11strict_json5parse
      in /data/projects/franken_alignment_wave4_gate2_20260908/.rch-target/release/build/fa-reference/e669633187e11169/out/profile_costs-e669633187e11169
    _RNvNtCsbx1baUgb63R_12fa_reference14canonical_json16decode_canonical
      in /data/projects/franken_alignment_wave4_gate2_20260908/.rch-target/release/build/fa-reference/e669633187e11169/out/profile_costs-e669633187e11169
    _RNvCsd1K78oRme2b_13profile_costs9roundtrip
      in /data/projects/franken_alignment_wave4_gate2_20260908/.rch-target/release/build/fa-reference/e669633187e11169/out/profile_costs-e669633187e11169
    _RNvCsd1K78oRme2b_13profile_costss_69fixed_reference_profile_costs_are_descriptive_and_assert_all_outcomes
      in /data/projects/franken_alignment_wave4_gate2_20260908/.rch-target/release/build/fa-reference/e669633187e11169/out/profile_costs-e669633187e11169
    _RNvYNCNvCsd1K78oRme2b_13profile_costs69fixed_reference_profile_costs_are_descriptive_and_assert_all_outcomes0INtNtNtCshw961UFXsya_4core3ops8function6FnOnceuE9call_onceB6_
      in /data/projects/franken_alignment_wave4_gate2_20260908/.rch-target/release/build/fa-reference/e669633187e11169/out/profile_costs-e669633187e11169
    _RINvCslSvshESn9jA_4test28___rust_begin_short_backtraceINtNtCshw961UFXsya_4core6result6ResultuNtNtCsfVXW7bATEob_5alloc6string6StringEFEBQ_EB2_
      in /data/projects/franken_alignment_wave4_gate2_20260908/.rch-target/release/build/fa-reference/e669633187e11169/out/profile_costs-e669633187e11169
    _RNCNvCslSvshESn9jA_4test8run_test0B3_
      in /data/projects/franken_alignment_wave4_gate2_20260908/.rch-target/release/build/fa-reference/e669633187e11169/out/profile_costs-e669633187e11169
    _RINvNtNtCs88x0hlevqs9_3std3sys9backtrace28___rust_begin_short_backtraceNCNvCslSvshESn9jA_4test8run_tests_0uEB1b_
      in /data/projects/franken_alignment_wave4_gate2_20260908/.rch-target/release/build/fa-reference/e669633187e11169/out/profile_costs-e669633187e11169
    _RNSNvYNCINvNtNtCs88x0hlevqs9_3std6thread9lifecycle15spawn_uncheckedNCNvCslSvshESn9jA_4test8run_tests_0uEs_0INtNtNtCshw961UFXsya_4core3ops8function6FnOnceuE9call_once6vtableB17_
      in /data/projects/franken_alignment_wave4_gate2_20260908/.rch-target/release/build/fa-reference/e669633187e11169/out/profile_costs-e669633187e11169
    _RNvNvMs0_NtNtNtCs88x0hlevqs9_3std3sys6thread4unixNtB7_6Thread3new12thread_start
      in /data/projects/franken_alignment_wave4_gate2_20260908/.rch-target/release/build/fa-reference/e669633187e11169/out/profile_costs-e669633187e11169
    start_thread
      at ./nptl/pthread_create.c:454
      in /usr/lib/x86_64-linux-gnu/libc.so.6
    __clone3
      at ../sysdeps/unix/sysv/linux/x86_64/clone3.S:78
      in /usr/lib/x86_64-linux-gnu/libc.so.6
312 calls with 0B peak consumption from:
    _RINvNvMs2_NtCsfVXW7bATEob_5alloc7raw_vecINtB8_11RawVecInnerpE7reserve21do_reserve_and_handleNtNtBa_5alloc6GlobalECsbx1baUgb63R_12fa_reference
      in /data/projects/franken_alignment_wave4_gate2_20260908/.rch-target/release/build/fa-reference/e669633187e11169/out/profile_costs-e669633187e11169
    _RNvMs4_NtCsbx1baUgb63R_12fa_reference11strict_jsonNtB5_6Parser12parse_string
      in /data/projects/franken_alignment_wave4_gate2_20260908/.rch-target/release/build/fa-reference/e669633187e11169/out/profile_costs-e669633187e11169
    _RNvMs4_NtCsbx1baUgb63R_12fa_reference11strict_jsonNtB5_6Parser12parse_object
      in /data/projects/franken_alignment_wave4_gate2_20260908/.rch-target/release/build/fa-reference/e669633187e11169/out/profile_costs-e669633187e11169
    _RNvNtCsbx1baUgb63R_12fa_reference11strict_json5parse
      in /data/projects/franken_alignment_wave4_gate2_20260908/.rch-target/release/build/fa-reference/e669633187e11169/out/profile_costs-e669633187e11169
    _RNvNtCsbx1baUgb63R_12fa_reference14canonical_json16decode_canonical
      in /data/projects/franken_alignment_wave4_gate2_20260908/.rch-target/release/build/fa-reference/e669633187e11169/out/profile_costs-e669633187e11169
    _RNvCsd1K78oRme2b_13profile_costs9roundtrip
      in /data/projects/franken_alignment_wave4_gate2_20260908/.rch-target/release/build/fa-reference/e669633187e11169/out/profile_costs-e669633187e11169
    _RNvCsd1K78oRme2b_13profile_costss_69fixed_reference_profile_costs_are_descriptive_and_assert_all_outcomes
      in /data/projects/franken_alignment_wave4_gate2_20260908/.rch-target/release/build/fa-reference/e669633187e11169/out/profile_costs-e669633187e11169
    _RNvYNCNvCsd1K78oRme2b_13profile_costs69fixed_reference_profile_costs_are_descriptive_and_assert_all_outcomes0INtNtNtCshw961UFXsya_4core3ops8function6FnOnceuE9call_onceB6_
      in /data/projects/franken_alignment_wave4_gate2_20260908/.rch-target/release/build/fa-reference/e669633187e11169/out/profile_costs-e669633187e11169
    _RINvCslSvshESn9jA_4test28___rust_begin_short_backtraceINtNtCshw961UFXsya_4core6result6ResultuNtNtCsfVXW7bATEob_5alloc6string6StringEFEBQ_EB2_
      in /data/projects/franken_alignment_wave4_gate2_20260908/.rch-target/release/build/fa-reference/e669633187e11169/out/profile_costs-e669633187e11169
    _RNCNvCslSvshESn9jA_4test8run_test0B3_
      in /data/projects/franken_alignment_wave4_gate2_20260908/.rch-target/release/build/fa-reference/e669633187e11169/out/profile_costs-e669633187e11169
    _RINvNtNtCs88x0hlevqs9_3std3sys9backtrace28___rust_begin_short_backtraceNCNvCslSvshESn9jA_4test8run_tests_0uEB1b_
      in /data/projects/franken_alignment_wave4_gate2_20260908/.rch-target/release/build/fa-reference/e669633187e11169/out/profile_costs-e669633187e11169
    _RNSNvYNCINvNtNtCs88x0hlevqs9_3std6thread9lifecycle15spawn_uncheckedNCNvCslSvshESn9jA_4test8run_tests_0uEs_0INtNtNtCshw961UFXsya_4core3ops8function6FnOnceuE9call_once6vtableB17_
      in /data/projects/franken_alignment_wave4_gate2_20260908/.rch-target/release/build/fa-reference/e669633187e11169/out/profile_costs-e669633187e11169
    _RNvNvMs0_NtNtNtCs88x0hlevqs9_3std3sys6thread4unixNtB7_6Thread3new12thread_start
      in /data/projects/franken_alignment_wave4_gate2_20260908/.rch-target/release/build/fa-reference/e669633187e11169/out/profile_costs-e669633187e11169
    start_thread
      at ./nptl/pthread_create.c:454
      in /usr/lib/x86_64-linux-gnu/libc.so.6
    __clone3
      at ../sysdeps/unix/sysv/linux/x86_64/clone3.S:78
      in /usr/lib/x86_64-linux-gnu/libc.so.6
228 calls with 0B peak consumption from:
    _RINvNvMs2_NtCsfVXW7bATEob_5alloc7raw_vecINtB8_11RawVecInnerpE7reserve21do_reserve_and_handleNtNtBa_5alloc6GlobalECsbx1baUgb63R_12fa_reference
      in /data/projects/franken_alignment_wave4_gate2_20260908/.rch-target/release/build/fa-reference/e669633187e11169/out/profile_costs-e669633187e11169
    _RNvMs4_NtCsbx1baUgb63R_12fa_reference11strict_jsonNtB5_6Parser12parse_string
      in /data/projects/franken_alignment_wave4_gate2_20260908/.rch-target/release/build/fa-reference/e669633187e11169/out/profile_costs-e669633187e11169
    _RNvMs4_NtCsbx1baUgb63R_12fa_reference11strict_jsonNtB5_6Parser11parse_value
      in /data/projects/franken_alignment_wave4_gate2_20260908/.rch-target/release/build/fa-reference/e669633187e11169/out/profile_costs-e669633187e11169
    _RNvMs4_NtCsbx1baUgb63R_12fa_reference11strict_jsonNtB5_6Parser12parse_object
      in /data/projects/franken_alignment_wave4_gate2_20260908/.rch-target/release/build/fa-reference/e669633187e11169/out/profile_costs-e669633187e11169
    _RNvNtCsbx1baUgb63R_12fa_reference11strict_json5parse
      in /data/projects/franken_alignment_wave4_gate2_20260908/.rch-target/release/build/fa-reference/e669633187e11169/out/profile_costs-e669633187e11169
    _RNvNtCsbx1baUgb63R_12fa_reference14canonical_json16decode_canonical
      in /data/projects/franken_alignment_wave4_gate2_20260908/.rch-target/release/build/fa-reference/e669633187e11169/out/profile_costs-e669633187e11169
    _RNvCsd1K78oRme2b_13profile_costs9roundtrip
      in /data/projects/franken_alignment_wave4_gate2_20260908/.rch-target/release/build/fa-reference/e669633187e11169/out/profile_costs-e669633187e11169
    _RNvCsd1K78oRme2b_13profile_costss_69fixed_reference_profile_costs_are_descriptive_and_assert_all_outcomes
      in /data/projects/franken_alignment_wave4_gate2_20260908/.rch-target/release/build/fa-reference/e669633187e11169/out/profile_costs-e669633187e11169
    _RNvYNCNvCsd1K78oRme2b_13profile_costs69fixed_reference_profile_costs_are_descriptive_and_assert_all_outcomes0INtNtNtCshw961UFXsya_4core3ops8function6FnOnceuE9call_onceB6_
      in /data/projects/franken_alignment_wave4_gate2_20260908/.rch-target/release/build/fa-reference/e669633187e11169/out/profile_costs-e669633187e11169
    _RINvCslSvshESn9jA_4test28___rust_begin_short_backtraceINtNtCshw961UFXsya_4core6result6ResultuNtNtCsfVXW7bATEob_5alloc6string6StringEFEBQ_EB2_
      in /data/projects/franken_alignment_wave4_gate2_20260908/.rch-target/release/build/fa-reference/e669633187e11169/out/profile_costs-e669633187e11169
    _RNCNvCslSvshESn9jA_4test8run_test0B3_
      in /data/projects/franken_alignment_wave4_gate2_20260908/.rch-target/release/build/fa-reference/e669633187e11169/out/profile_costs-e669633187e11169
    _RINvNtNtCs88x0hlevqs9_3std3sys9backtrace28___rust_begin_short_backtraceNCNvCslSvshESn9jA_4test8run_tests_0uEB1b_
      in /data/projects/franken_alignment_wave4_gate2_20260908/.rch-target/release/build/fa-reference/e669633187e11169/out/profile_costs-e669633187e11169
    _RNSNvYNCINvNtNtCs88x0hlevqs9_3std6thread9lifecycle15spawn_uncheckedNCNvCslSvshESn9jA_4test8run_tests_0uEs_0INtNtNtCshw961UFXsya_4core3ops8function6FnOnceuE9call_once6vtableB17_
      in /data/projects/franken_alignment_wave4_gate2_20260908/.rch-target/release/build/fa-reference/e669633187e11169/out/profile_costs-e669633187e11169
    _RNvNvMs0_NtNtNtCs88x0hlevqs9_3std3sys6thread4unixNtB7_6Thread3new12thread_start
      in /data/projects/franken_alignment_wave4_gate2_20260908/.rch-target/release/build/fa-reference/e669633187e11169/out/profile_costs-e669633187e11169
    start_thread
      at ./nptl/pthread_create.c:454
      in /usr/lib/x86_64-linux-gnu/libc.so.6
    __clone3
      at ../sysdeps/unix/sysv/linux/x86_64/clone3.S:78
      in /usr/lib/x86_64-linux-gnu/libc.so.6
  and 4003 from 113 other places

1248 calls to allocation functions with 632B peak consumption from
_RNvMs4_NtCsbx1baUgb63R_12fa_reference11strict_jsonNtB5_6Parser12parse_object
  in /data/projects/franken_alignment_wave4_gate2_20260908/.rch-target/release/build/fa-reference/e669633187e11169/out/profile_costs-e669633187e11169
372 calls with 0B peak consumption from:
    _RNvNtCsbx1baUgb63R_12fa_reference11strict_json5parse
      in /data/projects/franken_alignment_wave4_gate2_20260908/.rch-target/release/build/fa-reference/e669633187e11169/out/profile_costs-e669633187e11169
    _RNvNtCsbx1baUgb63R_12fa_reference14canonical_json16decode_canonical
      in /data/projects/franken_alignment_wave4_gate2_20260908/.rch-target/release/build/fa-reference/e669633187e11169/out/profile_costs-e669633187e11169
    _RNvCsd1K78oRme2b_13profile_costs9roundtrip
      in /data/projects/franken_alignment_wave4_gate2_20260908/.rch-target/release/build/fa-reference/e669633187e11169/out/profile_costs-e669633187e11169
    _RNvCsd1K78oRme2b_13profile_costss_69fixed_reference_profile_costs_are_descriptive_and_assert_all_outcomes
      in /data/projects/franken_alignment_wave4_gate2_20260908/.rch-target/release/build/fa-reference/e669633187e11169/out/profile_costs-e669633187e11169
    _RNvYNCNvCsd1K78oRme2b_13profile_costs69fixed_reference_profile_costs_are_descriptive_and_assert_all_outcomes0INtNtNtCshw961UFXsya_4core3ops8function6FnOnceuE9call_onceB6_
      in /data/projects/franken_alignment_wave4_gate2_20260908/.rch-target/release/build/fa-reference/e669633187e11169/out/profile_costs-e669633187e11169
    _RINvCslSvshESn9jA_4test28___rust_begin_short_backtraceINtNtCshw961UFXsya_4core6result6ResultuNtNtCsfVXW7bATEob_5alloc6string6StringEFEBQ_EB2_
      in /data/projects/franken_alignment_wave4_gate2_20260908/.rch-target/release/build/fa-reference/e669633187e11169/out/profile_costs-e669633187e11169
    _RNCNvCslSvshESn9jA_4test8run_test0B3_
      in /data/projects/franken_alignment_wave4_gate2_20260908/.rch-target/release/build/fa-reference/e669633187e11169/out/profile_costs-e669633187e11169
    _RINvNtNtCs88x0hlevqs9_3std3sys9backtrace28___rust_begin_short_backtraceNCNvCslSvshESn9jA_4test8run_tests_0uEB1b_
      in /data/projects/franken_alignment_wave4_gate2_20260908/.rch-target/release/build/fa-reference/e669633187e11169/out/profile_costs-e669633187e11169
    _RNSNvYNCINvNtNtCs88x0hlevqs9_3std6thread9lifecycle15spawn_uncheckedNCNvCslSvshESn9jA_4test8run_tests_0uEs_0INtNtNtCshw961UFXsya_4core3ops8function6FnOnceuE9call_once6vtableB17_
      in /data/projects/franken_alignment_wave4_gate2_20260908/.rch-target/release/build/fa-reference/e669633187e11169/out/profile_costs-e669633187e11169
    _RNvNvMs0_NtNtNtCs88x0hlevqs9_3std3sys6thread4unixNtB7_6Thread3new12thread_start
      in /data/projects/franken_alignment_wave4_gate2_20260908/.rch-target/release/build/fa-reference/e669633187e11169/out/profile_costs-e669633187e11169
    start_thread
      at ./nptl/pthread_create.c:454
      in /usr/lib/x86_64-linux-gnu/libc.so.6
    __clone3
      at ../sysdeps/unix/sysv/linux/x86_64/clone3.S:78
      in /usr/lib/x86_64-linux-gnu/libc.so.6
156 calls with 0B peak consumption from:
    _RNvNtCsbx1baUgb63R_12fa_reference11strict_json5parse
      in /data/projects/franken_alignment_wave4_gate2_20260908/.rch-target/release/build/fa-reference/e669633187e11169/out/profile_costs-e669633187e11169
    _RNvNtCsbx1baUgb63R_12fa_reference14canonical_json16decode_canonical
      in /data/projects/franken_alignment_wave4_gate2_20260908/.rch-target/release/build/fa-reference/e669633187e11169/out/profile_costs-e669633187e11169
    _RNvCsd1K78oRme2b_13profile_costs9roundtrip
      in /data/projects/franken_alignment_wave4_gate2_20260908/.rch-target/release/build/fa-reference/e669633187e11169/out/profile_costs-e669633187e11169
    _RNvCsd1K78oRme2b_13profile_costss_69fixed_reference_profile_costs_are_descriptive_and_assert_all_outcomes
      in /data/projects/franken_alignment_wave4_gate2_20260908/.rch-target/release/build/fa-reference/e669633187e11169/out/profile_costs-e669633187e11169
    _RNvYNCNvCsd1K78oRme2b_13profile_costs69fixed_reference_profile_costs_are_descriptive_and_assert_all_outcomes0INtNtNtCshw961UFXsya_4core3ops8function6FnOnceuE9call_onceB6_
      in /data/projects/franken_alignment_wave4_gate2_20260908/.rch-target/release/build/fa-reference/e669633187e11169/out/profile_costs-e669633187e11169
    _RINvCslSvshESn9jA_4test28___rust_begin_short_backtraceINtNtCshw961UFXsya_4core6result6ResultuNtNtCsfVXW7bATEob_5alloc6string6StringEFEBQ_EB2_
      in /data/projects/franken_alignment_wave4_gate2_20260908/.rch-target/release/build/fa-reference/e669633187e11169/out/profile_costs-e669633187e11169
    _RNCNvCslSvshESn9jA_4test8run_test0B3_
      in /data/projects/franken_alignment_wave4_gate2_20260908/.rch-target/release/build/fa-reference/e669633187e11169/out/profile_costs-e669633187e11169
    _RINvNtNtCs88x0hlevqs9_3std3sys9backtrace28___rust_begin_short_backtraceNCNvCslSvshESn9jA_4test8run_tests_0uEB1b_
      in /data/projects/franken_alignment_wave4_gate2_20260908/.rch-target/release/build/fa-reference/e669633187e11169/out/profile_costs-e669633187e11169
    _RNSNvYNCINvNtNtCs88x0hlevqs9_3std6thread9lifecycle15spawn_uncheckedNCNvCslSvshESn9jA_4test8run_tests_0uEs_0INtNtNtCshw961UFXsya_4core3ops8function6FnOnceuE9call_once6vtableB17_
      in /data/projects/franken_alignment_wave4_gate2_20260908/.rch-target/release/build/fa-reference/e669633187e11169/out/profile_costs-e669633187e11169
    _RNvNvMs0_NtNtNtCs88x0hlevqs9_3std3sys6thread4unixNtB7_6Thread3new12thread_start
      in /data/projects/franken_alignment_wave4_gate2_20260908/.rch-target/release/build/fa-reference/e669633187e11169/out/profile_costs-e669633187e11169
    start_thread
      at ./nptl/pthread_create.c:454
      in /usr/lib/x86_64-linux-gnu/libc.so.6
    __clone3
      at ../sysdeps/unix/sysv/linux/x86_64/clone3.S:78
      in /usr/lib/x86_64-linux-gnu/libc.so.6
156 calls with 0B peak consumption from:
    _RNvNtCsbx1baUgb63R_12fa_reference11strict_json5parse
      in /data/projects/franken_alignment_wave4_gate2_20260908/.rch-target/release/build/fa-reference/e669633187e11169/out/profile_costs-e669633187e11169
    _RNvNtCsbx1baUgb63R_12fa_reference14canonical_json16decode_canonical
      in /data/projects/franken_alignment_wave4_gate2_20260908/.rch-target/release/build/fa-reference/e669633187e11169/out/profile_costs-e669633187e11169
    _RNvCsd1K78oRme2b_13profile_costss_69fixed_reference_profile_costs_are_descriptive_and_assert_all_outcomes
      in /data/projects/franken_alignment_wave4_gate2_20260908/.rch-target/release/build/fa-reference/e669633187e11169/out/profile_costs-e669633187e11169
    _RNvYNCNvCsd1K78oRme2b_13profile_costs69fixed_reference_profile_costs_are_descriptive_and_assert_all_outcomes0INtNtNtCshw961UFXsya_4core3ops8function6FnOnceuE9call_onceB6_
      in /data/projects/franken_alignment_wave4_gate2_20260908/.rch-target/release/build/fa-reference/e669633187e11169/out/profile_costs-e669633187e11169
    _RINvCslSvshESn9jA_4test28___rust_begin_short_backtraceINtNtCshw961UFXsya_4core6result6ResultuNtNtCsfVXW7bATEob_5alloc6string6StringEFEBQ_EB2_
      in /data/projects/franken_alignment_wave4_gate2_20260908/.rch-target/release/build/fa-reference/e669633187e11169/out/profile_costs-e669633187e11169
    _RNCNvCslSvshESn9jA_4test8run_test0B3_
      in /data/projects/franken_alignment_wave4_gate2_20260908/.rch-target/release/build/fa-reference/e669633187e11169/out/profile_costs-e669633187e11169
    _RINvNtNtCs88x0hlevqs9_3std3sys9backtrace28___rust_begin_short_backtraceNCNvCslSvshESn9jA_4test8run_tests_0uEB1b_
      in /data/projects/franken_alignment_wave4_gate2_20260908/.rch-target/release/build/fa-reference/e669633187e11169/out/profile_costs-e669633187e11169
    _RNSNvYNCINvNtNtCs88x0hlevqs9_3std6thread9lifecycle15spawn_uncheckedNCNvCslSvshESn9jA_4test8run_tests_0uEs_0INtNtNtCshw961UFXsya_4core3ops8function6FnOnceuE9call_once6vtableB17_
      in /data/projects/franken_alignment_wave4_gate2_20260908/.rch-target/release/build/fa-reference/e669633187e11169/out/profile_costs-e669633187e11169
    _RNvNvMs0_NtNtNtCs88x0hlevqs9_3std3sys6thread4unixNtB7_6Thread3new12thread_start
      in /data/projects/franken_alignment_wave4_gate2_20260908/.rch-target/release/build/fa-reference/e669633187e11169/out/profile_costs-e669633187e11169
    start_thread
      at ./nptl/pthread_create.c:454
      in /usr/lib/x86_64-linux-gnu/libc.so.6
    __clone3
      at ../sysdeps/unix/sysv/linux/x86_64/clone3.S:78
      in /usr/lib/x86_64-linux-gnu/libc.so.6
  and 564 from 27 other places

265 calls to allocation functions with 8B peak consumption from
_RNvNtCsbx1baUgb63R_12fa_reference14canonical_json16identifier_field
  in /data/projects/franken_alignment_wave4_gate2_20260908/.rch-target/release/build/fa-reference/e669633187e11169/out/profile_costs-e669633187e11169
12 calls with 0B peak consumption from:
    _RNvNtCsbx1baUgb63R_12fa_reference14canonical_json15validate_action
      in /data/projects/franken_alignment_wave4_gate2_20260908/.rch-target/release/build/fa-reference/e669633187e11169/out/profile_costs-e669633187e11169
    _RNvNtCsbx1baUgb63R_12fa_reference14canonical_json13validate_json
      in /data/projects/franken_alignment_wave4_gate2_20260908/.rch-target/release/build/fa-reference/e669633187e11169/out/profile_costs-e669633187e11169
    _RNvNtCsbx1baUgb63R_12fa_reference14canonical_json16decode_canonical
      in /data/projects/franken_alignment_wave4_gate2_20260908/.rch-target/release/build/fa-reference/e669633187e11169/out/profile_costs-e669633187e11169
    _RNvCsd1K78oRme2b_13profile_costs9roundtrip
      in /data/projects/franken_alignment_wave4_gate2_20260908/.rch-target/release/build/fa-reference/e669633187e11169/out/profile_costs-e669633187e11169
    _RNvCsd1K78oRme2b_13profile_costss_69fixed_reference_profile_costs_are_descriptive_and_assert_all_outcomes
      in /data/projects/franken_alignment_wave4_gate2_20260908/.rch-target/release/build/fa-reference/e669633187e11169/out/profile_costs-e669633187e11169
    _RNvYNCNvCsd1K78oRme2b_13profile_costs69fixed_reference_profile_costs_are_descriptive_and_assert_all_outcomes0INtNtNtCshw961UFXsya_4core3ops8function6FnOnceuE9call_onceB6_
      in /data/projects/franken_alignment_wave4_gate2_20260908/.rch-target/release/build/fa-reference/e669633187e11169/out/profile_costs-e669633187e11169
    _RINvCslSvshESn9jA_4test28___rust_begin_short_backtraceINtNtCshw961UFXsya_4core6result6ResultuNtNtCsfVXW7bATEob_5alloc6string6StringEFEBQ_EB2_
      in /data/projects/franken_alignment_wave4_gate2_20260908/.rch-target/release/build/fa-reference/e669633187e11169/out/profile_costs-e669633187e11169
    _RNCNvCslSvshESn9jA_4test8run_test0B3_
      in /data/projects/franken_alignment_wave4_gate2_20260908/.rch-target/release/build/fa-reference/e669633187e11169/out/profile_costs-e669633187e11169
    _RINvNtNtCs88x0hlevqs9_3std3sys9backtrace28___rust_begin_short_backtraceNCNvCslSvshESn9jA_4test8run_tests_0uEB1b_
      in /data/projects/franken_alignment_wave4_gate2_20260908/.rch-target/release/build/fa-reference/e669633187e11169/out/profile_costs-e669633187e11169
    _RNSNvYNCINvNtNtCs88x0hlevqs9_3std6thread9lifecycle15spawn_uncheckedNCNvCslSvshESn9jA_4test8run_tests_0uEs_0INtNtNtCshw961UFXsya_4core3ops8function6FnOnceuE9call_once6vtableB17_
      in /data/projects/franken_alignment_wave4_gate2_20260908/.rch-target/release/build/fa-reference/e669633187e11169/out/profile_costs-e669633187e11169
    _RNvNvMs0_NtNtNtCs88x0hlevqs9_3std3sys6thread4unixNtB7_6Thread3new12thread_start
      in /data/projects/franken_alignment_wave4_gate2_20260908/.rch-target/release/build/fa-reference/e669633187e11169/out/profile_costs-e669633187e11169
    start_thread
      at ./nptl/pthread_create.c:454
      in /usr/lib/x86_64-linux-gnu/libc.so.6
    __clone3
      at ../sysdeps/unix/sysv/linux/x86_64/clone3.S:78
      in /usr/lib/x86_64-linux-gnu/libc.so.6
12 calls with 8B peak consumption from:
    _RNvNtCsbx1baUgb63R_12fa_reference14canonical_json14validate_claim
      in /data/projects/franken_alignment_wave4_gate2_20260908/.rch-target/release/build/fa-reference/e669633187e11169/out/profile_costs-e669633187e11169
    _RNvNtCsbx1baUgb63R_12fa_reference14canonical_json13validate_json
      in /data/projects/franken_alignment_wave4_gate2_20260908/.rch-target/release/build/fa-reference/e669633187e11169/out/profile_costs-e669633187e11169
    _RNvNtCsbx1baUgb63R_12fa_reference14canonical_json16decode_canonical
      in /data/projects/franken_alignment_wave4_gate2_20260908/.rch-target/release/build/fa-reference/e669633187e11169/out/profile_costs-e669633187e11169
    _RNvCsd1K78oRme2b_13profile_costs9roundtrip
      in /data/projects/franken_alignment_wave4_gate2_20260908/.rch-target/release/build/fa-reference/e669633187e11169/out/profile_costs-e669633187e11169
    _RNCNvCsd1K78oRme2b_13profile_costss_69fixed_reference_profile_costs_are_descriptive_and_assert_all_outcomess3_0B3_
      in /data/projects/franken_alignment_wave4_gate2_20260908/.rch-target/release/build/fa-reference/e669633187e11169/out/profile_costs-e669633187e11169
    _RNvCsd1K78oRme2b_13profile_costss_69fixed_reference_profile_costs_are_descriptive_and_assert_all_outcomes
      in /data/projects/franken_alignment_wave4_gate2_20260908/.rch-target/release/build/fa-reference/e669633187e11169/out/profile_costs-e669633187e11169
    _RNvYNCNvCsd1K78oRme2b_13profile_costs69fixed_reference_profile_costs_are_descriptive_and_assert_all_outcomes0INtNtNtCshw961UFXsya_4core3ops8function6FnOnceuE9call_onceB6_
      in /data/projects/franken_alignment_wave4_gate2_20260908/.rch-target/release/build/fa-reference/e669633187e11169/out/profile_costs-e669633187e11169
    _RINvCslSvshESn9jA_4test28___rust_begin_short_backtraceINtNtCshw961UFXsya_4core6result6ResultuNtNtCsfVXW7bATEob_5alloc6string6StringEFEBQ_EB2_
      in /data/projects/franken_alignment_wave4_gate2_20260908/.rch-target/release/build/fa-reference/e669633187e11169/out/profile_costs-e669633187e11169
    _RNCNvCslSvshESn9jA_4test8run_test0B3_
      in /data/projects/franken_alignment_wave4_gate2_20260908/.rch-target/release/build/fa-reference/e669633187e11169/out/profile_costs-e669633187e11169
    _RINvNtNtCs88x0hlevqs9_3std3sys9backtrace28___rust_begin_short_backtraceNCNvCslSvshESn9jA_4test8run_tests_0uEB1b_
      in /data/projects/franken_alignment_wave4_gate2_20260908/.rch-target/release/build/fa-reference/e669633187e11169/out/profile_costs-e669633187e11169
    _RNSNvYNCINvNtNtCs88x0hlevqs9_3std6thread9lifecycle15spawn_uncheckedNCNvCslSvshESn9jA_4test8run_tests_0uEs_0INtNtNtCshw961UFXsya_4core3ops8function6FnOnceuE9call_once6vtableB17_
      in /data/projects/franken_alignment_wave4_gate2_20260908/.rch-target/release/build/fa-reference/e669633187e11169/out/profile_costs-e669633187e11169
    _RNvNvMs0_NtNtNtCs88x0hlevqs9_3std3sys6thread4unixNtB7_6Thread3new12thread_start
      in /data/projects/franken_alignment_wave4_gate2_20260908/.rch-target/release/build/fa-reference/e669633187e11169/out/profile_costs-e669633187e11169
    start_thread
      at ./nptl/pthread_create.c:454
      in /usr/lib/x86_64-linux-gnu/libc.so.6
    __clone3
      at ../sysdeps/unix/sysv/linux/x86_64/clone3.S:78
      in /usr/lib/x86_64-linux-gnu/libc.so.6
12 calls with 0B peak consumption from:
    _RNvNtCsbx1baUgb63R_12fa_reference14canonical_json14validate_claim
      in /data/projects/franken_alignment_wave4_gate2_20260908/.rch-target/release/build/fa-reference/e669633187e11169/out/profile_costs-e669633187e11169
    _RNvNtCsbx1baUgb63R_12fa_reference14canonical_json13validate_json
      in /data/projects/franken_alignment_wave4_gate2_20260908/.rch-target/release/build/fa-reference/e669633187e11169/out/profile_costs-e669633187e11169
    _RNvCsd1K78oRme2b_13profile_costs19large_unicode_claim
      in /data/projects/franken_alignment_wave4_gate2_20260908/.rch-target/release/build/fa-reference/e669633187e11169/out/profile_costs-e669633187e11169
    _RNCNvCsd1K78oRme2b_13profile_costss_69fixed_reference_profile_costs_are_descriptive_and_assert_all_outcomess3_0B3_
      in /data/projects/franken_alignment_wave4_gate2_20260908/.rch-target/release/build/fa-reference/e669633187e11169/out/profile_costs-e669633187e11169
    _RNvCsd1K78oRme2b_13profile_costss_69fixed_reference_profile_costs_are_descriptive_and_assert_all_outcomes
      in /data/projects/franken_alignment_wave4_gate2_20260908/.rch-target/release/build/fa-reference/e669633187e11169/out/profile_costs-e669633187e11169
    _RNvYNCNvCsd1K78oRme2b_13profile_costs69fixed_reference_profile_costs_are_descriptive_and_assert_all_outcomes0INtNtNtCshw961UFXsya_4core3ops8function6FnOnceuE9call_onceB6_
      in /data/projects/franken_alignment_wave4_gate2_20260908/.rch-target/release/build/fa-reference/e669633187e11169/out/profile_costs-e669633187e11169
    _RINvCslSvshESn9jA_4test28___rust_begin_short_backtraceINtNtCshw961UFXsya_4core6result6ResultuNtNtCsfVXW7bATEob_5alloc6string6StringEFEBQ_EB2_
      in /data/projects/franken_alignment_wave4_gate2_20260908/.rch-target/release/build/fa-reference/e669633187e11169/out/profile_costs-e669633187e11169
    _RNCNvCslSvshESn9jA_4test8run_test0B3_
      in /data/projects/franken_alignment_wave4_gate2_20260908/.rch-target/release/build/fa-reference/e669633187e11169/out/profile_costs-e669633187e11169
    _RINvNtNtCs88x0hlevqs9_3std3sys9backtrace28___rust_begin_short_backtraceNCNvCslSvshESn9jA_4test8run_tests_0uEB1b_
      in /data/projects/franken_alignment_wave4_gate2_20260908/.rch-target/release/build/fa-reference/e669633187e11169/out/profile_costs-e669633187e11169
    _RNSNvYNCINvNtNtCs88x0hlevqs9_3std6thread9lifecycle15spawn_uncheckedNCNvCslSvshESn9jA_4test8run_tests_0uEs_0INtNtNtCshw961UFXsya_4core3ops8function6FnOnceuE9call_once6vtableB17_
      in /data/projects/franken_alignment_wave4_gate2_20260908/.rch-target/release/build/fa-reference/e669633187e11169/out/profile_costs-e669633187e11169
    _RNvNvMs0_NtNtNtCs88x0hlevqs9_3std3sys6thread4unixNtB7_6Thread3new12thread_start
      in /data/projects/franken_alignment_wave4_gate2_20260908/.rch-target/release/build/fa-reference/e669633187e11169/out/profile_costs-e669633187e11169
    start_thread
      at ./nptl/pthread_create.c:454
      in /usr/lib/x86_64-linux-gnu/libc.so.6
    __clone3
      at ../sysdeps/unix/sysv/linux/x86_64/clone3.S:78
      in /usr/lib/x86_64-linux-gnu/libc.so.6
  and 229 from 20 other places

218 calls to allocation functions with 33B peak consumption from
_RNvNtCsbx1baUgb63R_12fa_reference14canonical_json16identifier_array
  in /data/projects/franken_alignment_wave4_gate2_20260908/.rch-target/release/build/fa-reference/e669633187e11169/out/profile_costs-e669633187e11169
24 calls with 0B peak consumption from:
    _RNvNtCsbx1baUgb63R_12fa_reference14canonical_json15validate_action
      in /data/projects/franken_alignment_wave4_gate2_20260908/.rch-target/release/build/fa-reference/e669633187e11169/out/profile_costs-e669633187e11169
    _RNvNtCsbx1baUgb63R_12fa_reference14canonical_json13validate_json
      in /data/projects/franken_alignment_wave4_gate2_20260908/.rch-target/release/build/fa-reference/e669633187e11169/out/profile_costs-e669633187e11169
    _RNvNtCsbx1baUgb63R_12fa_reference14canonical_json16decode_canonical
      in /data/projects/franken_alignment_wave4_gate2_20260908/.rch-target/release/build/fa-reference/e669633187e11169/out/profile_costs-e669633187e11169
    _RNvCsd1K78oRme2b_13profile_costs9roundtrip
      in /data/projects/franken_alignment_wave4_gate2_20260908/.rch-target/release/build/fa-reference/e669633187e11169/out/profile_costs-e669633187e11169
    _RNvCsd1K78oRme2b_13profile_costss_69fixed_reference_profile_costs_are_descriptive_and_assert_all_outcomes
      in /data/projects/franken_alignment_wave4_gate2_20260908/.rch-target/release/build/fa-reference/e669633187e11169/out/profile_costs-e669633187e11169
    _RNvYNCNvCsd1K78oRme2b_13profile_costs69fixed_reference_profile_costs_are_descriptive_and_assert_all_outcomes0INtNtNtCshw961UFXsya_4core3ops8function6FnOnceuE9call_onceB6_
      in /data/projects/franken_alignment_wave4_gate2_20260908/.rch-target/release/build/fa-reference/e669633187e11169/out/profile_costs-e669633187e11169
    _RINvCslSvshESn9jA_4test28___rust_begin_short_backtraceINtNtCshw961UFXsya_4core6result6ResultuNtNtCsfVXW7bATEob_5alloc6string6StringEFEBQ_EB2_
      in /data/projects/franken_alignment_wave4_gate2_20260908/.rch-target/release/build/fa-reference/e669633187e11169/out/profile_costs-e669633187e11169
    _RNCNvCslSvshESn9jA_4test8run_test0B3_
      in /data/projects/franken_alignment_wave4_gate2_20260908/.rch-target/release/build/fa-reference/e669633187e11169/out/profile_costs-e669633187e11169
    _RINvNtNtCs88x0hlevqs9_3std3sys9backtrace28___rust_begin_short_backtraceNCNvCslSvshESn9jA_4test8run_tests_0uEB1b_
      in /data/projects/franken_alignment_wave4_gate2_20260908/.rch-target/release/build/fa-reference/e669633187e11169/out/profile_costs-e669633187e11169
    _RNSNvYNCINvNtNtCs88x0hlevqs9_3std6thread9lifecycle15spawn_uncheckedNCNvCslSvshESn9jA_4test8run_tests_0uEs_0INtNtNtCshw961UFXsya_4core3ops8function6FnOnceuE9call_once6vtableB17_
      in /data/projects/franken_alignment_wave4_gate2_20260908/.rch-target/release/build/fa-reference/e669633187e11169/out/profile_costs-e669633187e11169
    _RNvNvMs0_NtNtNtCs88x0hlevqs9_3std3sys6thread4unixNtB7_6Thread3new12thread_start
      in /data/projects/franken_alignment_wave4_gate2_20260908/.rch-target/release/build/fa-reference/e669633187e11169/out/profile_costs-e669633187e11169
    start_thread
      at ./nptl/pthread_create.c:454
      in /usr/lib/x86_64-linux-gnu/libc.so.6
    __clone3
      at ../sysdeps/unix/sysv/linux/x86_64/clone3.S:78
      in /usr/lib/x86_64-linux-gnu/libc.so.6
24 calls with 0B peak consumption from:
    _RNvNtCsbx1baUgb63R_12fa_reference14canonical_json17validate_manifest
      in /data/projects/franken_alignment_wave4_gate2_20260908/.rch-target/release/build/fa-reference/e669633187e11169/out/profile_costs-e669633187e11169
    _RNvNtCsbx1baUgb63R_12fa_reference14canonical_json13validate_json
      in /data/projects/franken_alignment_wave4_gate2_20260908/.rch-target/release/build/fa-reference/e669633187e11169/out/profile_costs-e669633187e11169
    _RNvNtCsbx1baUgb63R_12fa_reference14canonical_json16decode_canonical
      in /data/projects/franken_alignment_wave4_gate2_20260908/.rch-target/release/build/fa-reference/e669633187e11169/out/profile_costs-e669633187e11169
    _RNvCsd1K78oRme2b_13profile_costs9roundtrip
      in /data/projects/franken_alignment_wave4_gate2_20260908/.rch-target/release/build/fa-reference/e669633187e11169/out/profile_costs-e669633187e11169
    _RNvCsd1K78oRme2b_13profile_costss_69fixed_reference_profile_costs_are_descriptive_and_assert_all_outcomes
      in /data/projects/franken_alignment_wave4_gate2_20260908/.rch-target/release/build/fa-reference/e669633187e11169/out/profile_costs-e669633187e11169
    _RNvYNCNvCsd1K78oRme2b_13profile_costs69fixed_reference_profile_costs_are_descriptive_and_assert_all_outcomes0INtNtNtCshw961UFXsya_4core3ops8function6FnOnceuE9call_onceB6_
      in /data/projects/franken_alignment_wave4_gate2_20260908/.rch-target/release/build/fa-reference/e669633187e11169/out/profile_costs-e669633187e11169
    _RINvCslSvshESn9jA_4test28___rust_begin_short_backtraceINtNtCshw961UFXsya_4core6result6ResultuNtNtCsfVXW7bATEob_5alloc6string6StringEFEBQ_EB2_
      in /data/projects/franken_alignment_wave4_gate2_20260908/.rch-target/release/build/fa-reference/e669633187e11169/out/profile_costs-e669633187e11169
    _RNCNvCslSvshESn9jA_4test8run_test0B3_
      in /data/projects/franken_alignment_wave4_gate2_20260908/.rch-target/release/build/fa-reference/e669633187e11169/out/profile_costs-e669633187e11169
    _RINvNtNtCs88x0hlevqs9_3std3sys9backtrace28___rust_begin_short_backtraceNCNvCslSvshESn9jA_4test8run_tests_0uEB1b_
      in /data/projects/franken_alignment_wave4_gate2_20260908/.rch-target/release/build/fa-reference/e669633187e11169/out/profile_costs-e669633187e11169
    _RNSNvYNCINvNtNtCs88x0hlevqs9_3std6thread9lifecycle15spawn_uncheckedNCNvCslSvshESn9jA_4test8run_tests_0uEs_0INtNtNtCshw961UFXsya_4core3ops8function6FnOnceuE9call_once6vtableB17_
      in /data/projects/franken_alignment_wave4_gate2_20260908/.rch-target/release/build/fa-reference/e669633187e11169/out/profile_costs-e669633187e11169
    _RNvNvMs0_NtNtNtCs88x0hlevqs9_3std3sys6thread4unixNtB7_6Thread3new12thread_start
      in /data/projects/franken_alignment_wave4_gate2_20260908/.rch-target/release/build/fa-reference/e669633187e11169/out/profile_costs-e669633187e11169
    start_thread
      at ./nptl/pthread_create.c:454
      in /usr/lib/x86_64-linux-gnu/libc.so.6
    __clone3
      at ../sysdeps/unix/sysv/linux/x86_64/clone3.S:78
      in /usr/lib/x86_64-linux-gnu/libc.so.6
24 calls with 0B peak consumption from:
    _RNvNtCsbx1baUgb63R_12fa_reference14canonical_json15validate_action
      in /data/projects/franken_alignment_wave4_gate2_20260908/.rch-target/release/build/fa-reference/e669633187e11169/out/profile_costs-e669633187e11169
    _RNvNtCsbx1baUgb63R_12fa_reference14canonical_json13validate_json
      in /data/projects/franken_alignment_wave4_gate2_20260908/.rch-target/release/build/fa-reference/e669633187e11169/out/profile_costs-e669633187e11169
    _RNvNtCsbx1baUgb63R_12fa_reference14canonical_json16decode_canonical
      in /data/projects/franken_alignment_wave4_gate2_20260908/.rch-target/release/build/fa-reference/e669633187e11169/out/profile_costs-e669633187e11169
    _RNvCsd1K78oRme2b_13profile_costs9roundtrip
      in /data/projects/franken_alignment_wave4_gate2_20260908/.rch-target/release/build/fa-reference/e669633187e11169/out/profile_costs-e669633187e11169
    _RNvCsd1K78oRme2b_13profile_costss_69fixed_reference_profile_costs_are_descriptive_and_assert_all_outcomes
      in /data/projects/franken_alignment_wave4_gate2_20260908/.rch-target/release/build/fa-reference/e669633187e11169/out/profile_costs-e669633187e11169
    _RNvYNCNvCsd1K78oRme2b_13profile_costs69fixed_reference_profile_costs_are_descriptive_and_assert_all_outcomes0INtNtNtCshw961UFXsya_4core3ops8function6FnOnceuE9call_onceB6_
      in /data/projects/franken_alignment_wave4_gate2_20260908/.rch-target/release/build/fa-reference/e669633187e11169/out/profile_costs-e669633187e11169
    _RINvCslSvshESn9jA_4test28___rust_begin_short_backtraceINtNtCshw961UFXsya_4core6result6ResultuNtNtCsfVXW7bATEob_5alloc6string6StringEFEBQ_EB2_
      in /data/projects/franken_alignment_wave4_gate2_20260908/.rch-target/release/build/fa-reference/e669633187e11169/out/profile_costs-e669633187e11169
    _RNCNvCslSvshESn9jA_4test8run_test0B3_
      in /data/projects/franken_alignment_wave4_gate2_20260908/.rch-target/release/build/fa-reference/e669633187e11169/out/profile_costs-e669633187e11169
    _RINvNtNtCs88x0hlevqs9_3std3sys9backtrace28___rust_begin_short_backtraceNCNvCslSvshESn9jA_4test8run_tests_0uEB1b_
      in /data/projects/franken_alignment_wave4_gate2_20260908/.rch-target/release/build/fa-reference/e669633187e11169/out/profile_costs-e669633187e11169
    _RNSNvYNCINvNtNtCs88x0hlevqs9_3std6thread9lifecycle15spawn_uncheckedNCNvCslSvshESn9jA_4test8run_tests_0uEs_0INtNtNtCshw961UFXsya_4core3ops8function6FnOnceuE9call_once6vtableB17_
      in /data/projects/franken_alignment_wave4_gate2_20260908/.rch-target/release/build/fa-reference/e669633187e11169/out/profile_costs-e669633187e11169
    _RNvNvMs0_NtNtNtCs88x0hlevqs9_3std3sys6thread4unixNtB7_6Thread3new12thread_start
      in /data/projects/franken_alignment_wave4_gate2_20260908/.rch-target/release/build/fa-reference/e669633187e11169/out/profile_costs-e669633187e11169
    start_thread
      at ./nptl/pthread_create.c:454
      in /usr/lib/x86_64-linux-gnu/libc.so.6
    __clone3
      at ../sysdeps/unix/sysv/linux/x86_64/clone3.S:78
      in /usr/lib/x86_64-linux-gnu/libc.so.6
  and 146 from 13 other places

216 calls to allocation functions with 0B peak consumption from
_RNvMs_NtCsbx1baUgb63R_12fa_reference6actionNtB4_12FrozenAction6effect
  in /data/projects/franken_alignment_wave4_gate2_20260908/.rch-target/release/build/fa-reference/e669633187e11169/out/profile_costs-e669633187e11169
24 calls with 0B peak consumption from:
    _RNvMs0_NtCsbx1baUgb63R_12fa_reference6actionNtB5_18ReferenceAuthority9authorize
      in /data/projects/franken_alignment_wave4_gate2_20260908/.rch-target/release/build/fa-reference/e669633187e11169/out/profile_costs-e669633187e11169
    _RNvNtCsbx1baUgb63R_12fa_reference7history6replay
      in /data/projects/franken_alignment_wave4_gate2_20260908/.rch-target/release/build/fa-reference/e669633187e11169/out/profile_costs-e669633187e11169
    _RNvCsd1K78oRme2b_13profile_costss_69fixed_reference_profile_costs_are_descriptive_and_assert_all_outcomes
      in /data/projects/franken_alignment_wave4_gate2_20260908/.rch-target/release/build/fa-reference/e669633187e11169/out/profile_costs-e669633187e11169
    _RNvYNCNvCsd1K78oRme2b_13profile_costs69fixed_reference_profile_costs_are_descriptive_and_assert_all_outcomes0INtNtNtCshw961UFXsya_4core3ops8function6FnOnceuE9call_onceB6_
      in /data/projects/franken_alignment_wave4_gate2_20260908/.rch-target/release/build/fa-reference/e669633187e11169/out/profile_costs-e669633187e11169
    _RINvCslSvshESn9jA_4test28___rust_begin_short_backtraceINtNtCshw961UFXsya_4core6result6ResultuNtNtCsfVXW7bATEob_5alloc6string6StringEFEBQ_EB2_
      in /data/projects/franken_alignment_wave4_gate2_20260908/.rch-target/release/build/fa-reference/e669633187e11169/out/profile_costs-e669633187e11169
    _RNCNvCslSvshESn9jA_4test8run_test0B3_
      in /data/projects/franken_alignment_wave4_gate2_20260908/.rch-target/release/build/fa-reference/e669633187e11169/out/profile_costs-e669633187e11169
    _RINvNtNtCs88x0hlevqs9_3std3sys9backtrace28___rust_begin_short_backtraceNCNvCslSvshESn9jA_4test8run_tests_0uEB1b_
      in /data/projects/franken_alignment_wave4_gate2_20260908/.rch-target/release/build/fa-reference/e669633187e11169/out/profile_costs-e669633187e11169
    _RNSNvYNCINvNtNtCs88x0hlevqs9_3std6thread9lifecycle15spawn_uncheckedNCNvCslSvshESn9jA_4test8run_tests_0uEs_0INtNtNtCshw961UFXsya_4core3ops8function6FnOnceuE9call_once6vtableB17_
      in /data/projects/franken_alignment_wave4_gate2_20260908/.rch-target/release/build/fa-reference/e669633187e11169/out/profile_costs-e669633187e11169
    _RNvNvMs0_NtNtNtCs88x0hlevqs9_3std3sys6thread4unixNtB7_6Thread3new12thread_start
      in /data/projects/franken_alignment_wave4_gate2_20260908/.rch-target/release/build/fa-reference/e669633187e11169/out/profile_costs-e669633187e11169
    start_thread
      at ./nptl/pthread_create.c:454
      in /usr/lib/x86_64-linux-gnu/libc.so.6
    __clone3
      at ../sysdeps/unix/sysv/linux/x86_64/clone3.S:78
      in /usr/lib/x86_64-linux-gnu/libc.so.6
24 calls with 0B peak consumption from:
    _RNvMs0_NtCsbx1baUgb63R_12fa_reference6actionNtB5_18ReferenceAuthority9authorize
      in /data/projects/franken_alignment_wave4_gate2_20260908/.rch-target/release/build/fa-reference/e669633187e11169/out/profile_costs-e669633187e11169
    _RNvNtCsbx1baUgb63R_12fa_reference7history6replay
      in /data/projects/franken_alignment_wave4_gate2_20260908/.rch-target/release/build/fa-reference/e669633187e11169/out/profile_costs-e669633187e11169
    _RNvCsd1K78oRme2b_13profile_costss_69fixed_reference_profile_costs_are_descriptive_and_assert_all_outcomes
      in /data/projects/franken_alignment_wave4_gate2_20260908/.rch-target/release/build/fa-reference/e669633187e11169/out/profile_costs-e669633187e11169
    _RNvYNCNvCsd1K78oRme2b_13profile_costs69fixed_reference_profile_costs_are_descriptive_and_assert_all_outcomes0INtNtNtCshw961UFXsya_4core3ops8function6FnOnceuE9call_onceB6_
      in /data/projects/franken_alignment_wave4_gate2_20260908/.rch-target/release/build/fa-reference/e669633187e11169/out/profile_costs-e669633187e11169
    _RINvCslSvshESn9jA_4test28___rust_begin_short_backtraceINtNtCshw961UFXsya_4core6result6ResultuNtNtCsfVXW7bATEob_5alloc6string6StringEFEBQ_EB2_
      in /data/projects/franken_alignment_wave4_gate2_20260908/.rch-target/release/build/fa-reference/e669633187e11169/out/profile_costs-e669633187e11169
    _RNCNvCslSvshESn9jA_4test8run_test0B3_
      in /data/projects/franken_alignment_wave4_gate2_20260908/.rch-target/release/build/fa-reference/e669633187e11169/out/profile_costs-e669633187e11169
    _RINvNtNtCs88x0hlevqs9_3std3sys9backtrace28___rust_begin_short_backtraceNCNvCslSvshESn9jA_4test8run_tests_0uEB1b_
      in /data/projects/franken_alignment_wave4_gate2_20260908/.rch-target/release/build/fa-reference/e669633187e11169/out/profile_costs-e669633187e11169
    _RNSNvYNCINvNtNtCs88x0hlevqs9_3std6thread9lifecycle15spawn_uncheckedNCNvCslSvshESn9jA_4test8run_tests_0uEs_0INtNtNtCshw961UFXsya_4core3ops8function6FnOnceuE9call_once6vtableB17_
      in /data/projects/franken_alignment_wave4_gate2_20260908/.rch-target/release/build/fa-reference/e669633187e11169/out/profile_costs-e669633187e11169
    _RNvNvMs0_NtNtNtCs88x0hlevqs9_3std3sys6thread4unixNtB7_6Thread3new12thread_start
      in /data/projects/franken_alignment_wave4_gate2_20260908/.rch-target/release/build/fa-reference/e669633187e11169/out/profile_costs-e669633187e11169
    start_thread
      at ./nptl/pthread_create.c:454
      in /usr/lib/x86_64-linux-gnu/libc.so.6
    __clone3
      at ../sysdeps/unix/sysv/linux/x86_64/clone3.S:78
      in /usr/lib/x86_64-linux-gnu/libc.so.6
24 calls with 0B peak consumption from:
    _RNvMs0_NtCsbx1baUgb63R_12fa_reference6actionNtB5_18ReferenceAuthority9authorize
      in /data/projects/franken_alignment_wave4_gate2_20260908/.rch-target/release/build/fa-reference/e669633187e11169/out/profile_costs-e669633187e11169
    _RNvNtCsbx1baUgb63R_12fa_reference7history6replay
      in /data/projects/franken_alignment_wave4_gate2_20260908/.rch-target/release/build/fa-reference/e669633187e11169/out/profile_costs-e669633187e11169
    _RNvCsd1K78oRme2b_13profile_costss_69fixed_reference_profile_costs_are_descriptive_and_assert_all_outcomes
      in /data/projects/franken_alignment_wave4_gate2_20260908/.rch-target/release/build/fa-reference/e669633187e11169/out/profile_costs-e669633187e11169
    _RNvYNCNvCsd1K78oRme2b_13profile_costs69fixed_reference_profile_costs_are_descriptive_and_assert_all_outcomes0INtNtNtCshw961UFXsya_4core3ops8function6FnOnceuE9call_onceB6_
      in /data/projects/franken_alignment_wave4_gate2_20260908/.rch-target/release/build/fa-reference/e669633187e11169/out/profile_costs-e669633187e11169
    _RINvCslSvshESn9jA_4test28___rust_begin_short_backtraceINtNtCshw961UFXsya_4core6result6ResultuNtNtCsfVXW7bATEob_5alloc6string6StringEFEBQ_EB2_
      in /data/projects/franken_alignment_wave4_gate2_20260908/.rch-target/release/build/fa-reference/e669633187e11169/out/profile_costs-e669633187e11169
    _RNCNvCslSvshESn9jA_4test8run_test0B3_
      in /data/projects/franken_alignment_wave4_gate2_20260908/.rch-target/release/build/fa-reference/e669633187e11169/out/profile_costs-e669633187e11169
    _RINvNtNtCs88x0hlevqs9_3std3sys9backtrace28___rust_begin_short_backtraceNCNvCslSvshESn9jA_4test8run_tests_0uEB1b_
      in /data/projects/franken_alignment_wave4_gate2_20260908/.rch-target/release/build/fa-reference/e669633187e11169/out/profile_costs-e669633187e11169
    _RNSNvYNCINvNtNtCs88x0hlevqs9_3std6thread9lifecycle15spawn_uncheckedNCNvCslSvshESn9jA_4test8run_tests_0uEs_0INtNtNtCshw961UFXsya_4core3ops8function6FnOnceuE9call_once6vtableB17_
      in /data/projects/franken_alignment_wave4_gate2_20260908/.rch-target/release/build/fa-reference/e669633187e11169/out/profile_costs-e669633187e11169
    _RNvNvMs0_NtNtNtCs88x0hlevqs9_3std3sys6thread4unixNtB7_6Thread3new12thread_start
      in /data/projects/franken_alignment_wave4_gate2_20260908/.rch-target/release/build/fa-reference/e669633187e11169/out/profile_costs-e669633187e11169
    start_thread
      at ./nptl/pthread_create.c:454
      in /usr/lib/x86_64-linux-gnu/libc.so.6
    __clone3
      at ../sysdeps/unix/sysv/linux/x86_64/clone3.S:78
      in /usr/lib/x86_64-linux-gnu/libc.so.6
  and 144 from 9 other places

204 calls to allocation functions with 0B peak consumption from
_RNvNtCsbx1baUgb63R_12fa_reference7history6replay
  in /data/projects/franken_alignment_wave4_gate2_20260908/.rch-target/release/build/fa-reference/e669633187e11169/out/profile_costs-e669633187e11169
24 calls with 0B peak consumption from:
    _RNvCsd1K78oRme2b_13profile_costss_69fixed_reference_profile_costs_are_descriptive_and_assert_all_outcomes
      in /data/projects/franken_alignment_wave4_gate2_20260908/.rch-target/release/build/fa-reference/e669633187e11169/out/profile_costs-e669633187e11169
    _RNvYNCNvCsd1K78oRme2b_13profile_costs69fixed_reference_profile_costs_are_descriptive_and_assert_all_outcomes0INtNtNtCshw961UFXsya_4core3ops8function6FnOnceuE9call_onceB6_
      in /data/projects/franken_alignment_wave4_gate2_20260908/.rch-target/release/build/fa-reference/e669633187e11169/out/profile_costs-e669633187e11169
    _RINvCslSvshESn9jA_4test28___rust_begin_short_backtraceINtNtCshw961UFXsya_4core6result6ResultuNtNtCsfVXW7bATEob_5alloc6string6StringEFEBQ_EB2_
      in /data/projects/franken_alignment_wave4_gate2_20260908/.rch-target/release/build/fa-reference/e669633187e11169/out/profile_costs-e669633187e11169
    _RNCNvCslSvshESn9jA_4test8run_test0B3_
      in /data/projects/franken_alignment_wave4_gate2_20260908/.rch-target/release/build/fa-reference/e669633187e11169/out/profile_costs-e669633187e11169
    _RINvNtNtCs88x0hlevqs9_3std3sys9backtrace28___rust_begin_short_backtraceNCNvCslSvshESn9jA_4test8run_tests_0uEB1b_
      in /data/projects/franken_alignment_wave4_gate2_20260908/.rch-target/release/build/fa-reference/e669633187e11169/out/profile_costs-e669633187e11169
    _RNSNvYNCINvNtNtCs88x0hlevqs9_3std6thread9lifecycle15spawn_uncheckedNCNvCslSvshESn9jA_4test8run_tests_0uEs_0INtNtNtCshw961UFXsya_4core3ops8function6FnOnceuE9call_once6vtableB17_
      in /data/projects/franken_alignment_wave4_gate2_20260908/.rch-target/release/build/fa-reference/e669633187e11169/out/profile_costs-e669633187e11169
    _RNvNvMs0_NtNtNtCs88x0hlevqs9_3std3sys6thread4unixNtB7_6Thread3new12thread_start
      in /data/projects/franken_alignment_wave4_gate2_20260908/.rch-target/release/build/fa-reference/e669633187e11169/out/profile_costs-e669633187e11169
    start_thread
      at ./nptl/pthread_create.c:454
      in /usr/lib/x86_64-linux-gnu/libc.so.6
    __clone3
      at ../sysdeps/unix/sysv/linux/x86_64/clone3.S:78
      in /usr/lib/x86_64-linux-gnu/libc.so.6
24 calls with 0B peak consumption from:
    _RNvCsd1K78oRme2b_13profile_costss_69fixed_reference_profile_costs_are_descriptive_and_assert_all_outcomes
      in /data/projects/franken_alignment_wave4_gate2_20260908/.rch-target/release/build/fa-reference/e669633187e11169/out/profile_costs-e669633187e11169
    _RNvYNCNvCsd1K78oRme2b_13profile_costs69fixed_reference_profile_costs_are_descriptive_and_assert_all_outcomes0INtNtNtCshw961UFXsya_4core3ops8function6FnOnceuE9call_onceB6_
      in /data/projects/franken_alignment_wave4_gate2_20260908/.rch-target/release/build/fa-reference/e669633187e11169/out/profile_costs-e669633187e11169
    _RINvCslSvshESn9jA_4test28___rust_begin_short_backtraceINtNtCshw961UFXsya_4core6result6ResultuNtNtCsfVXW7bATEob_5alloc6string6StringEFEBQ_EB2_
      in /data/projects/franken_alignment_wave4_gate2_20260908/.rch-target/release/build/fa-reference/e669633187e11169/out/profile_costs-e669633187e11169
    _RNCNvCslSvshESn9jA_4test8run_test0B3_
      in /data/projects/franken_alignment_wave4_gate2_20260908/.rch-target/release/build/fa-reference/e669633187e11169/out/profile_costs-e669633187e11169
    _RINvNtNtCs88x0hlevqs9_3std3sys9backtrace28___rust_begin_short_backtraceNCNvCslSvshESn9jA_4test8run_tests_0uEB1b_
      in /data/projects/franken_alignment_wave4_gate2_20260908/.rch-target/release/build/fa-reference/e669633187e11169/out/profile_costs-e669633187e11169
    _RNSNvYNCINvNtNtCs88x0hlevqs9_3std6thread9lifecycle15spawn_uncheckedNCNvCslSvshESn9jA_4test8run_tests_0uEs_0INtNtNtCshw961UFXsya_4core3ops8function6FnOnceuE9call_once6vtableB17_
      in /data/projects/franken_alignment_wave4_gate2_20260908/.rch-target/release/build/fa-reference/e669633187e11169/out/profile_costs-e669633187e11169
    _RNvNvMs0_NtNtNtCs88x0hlevqs9_3std3sys6thread4unixNtB7_6Thread3new12thread_start
      in /data/projects/franken_alignment_wave4_gate2_20260908/.rch-target/release/build/fa-reference/e669633187e11169/out/profile_costs-e669633187e11169
    start_thread
      at ./nptl/pthread_create.c:454
      in /usr/lib/x86_64-linux-gnu/libc.so.6
    __clone3
      at ../sysdeps/unix/sysv/linux/x86_64/clone3.S:78
      in /usr/lib/x86_64-linux-gnu/libc.so.6
12 calls with 0B peak consumption from:
    _RNvCsd1K78oRme2b_13profile_costss_69fixed_reference_profile_costs_are_descriptive_and_assert_all_outcomes
      in /data/projects/franken_alignment_wave4_gate2_20260908/.rch-target/release/build/fa-reference/e669633187e11169/out/profile_costs-e669633187e11169
    _RNvYNCNvCsd1K78oRme2b_13profile_costs69fixed_reference_profile_costs_are_descriptive_and_assert_all_outcomes0INtNtNtCshw961UFXsya_4core3ops8function6FnOnceuE9call_onceB6_
      in /data/projects/franken_alignment_wave4_gate2_20260908/.rch-target/release/build/fa-reference/e669633187e11169/out/profile_costs-e669633187e11169
    _RINvCslSvshESn9jA_4test28___rust_begin_short_backtraceINtNtCshw961UFXsya_4core6result6ResultuNtNtCsfVXW7bATEob_5alloc6string6StringEFEBQ_EB2_
      in /data/projects/franken_alignment_wave4_gate2_20260908/.rch-target/release/build/fa-reference/e669633187e11169/out/profile_costs-e669633187e11169
    _RNCNvCslSvshESn9jA_4test8run_test0B3_
      in /data/projects/franken_alignment_wave4_gate2_20260908/.rch-target/release/build/fa-reference/e669633187e11169/out/profile_costs-e669633187e11169
    _RINvNtNtCs88x0hlevqs9_3std3sys9backtrace28___rust_begin_short_backtraceNCNvCslSvshESn9jA_4test8run_tests_0uEB1b_
      in /data/projects/franken_alignment_wave4_gate2_20260908/.rch-target/release/build/fa-reference/e669633187e11169/out/profile_costs-e669633187e11169
    _RNSNvYNCINvNtNtCs88x0hlevqs9_3std6thread9lifecycle15spawn_uncheckedNCNvCslSvshESn9jA_4test8run_tests_0uEs_0INtNtNtCshw961UFXsya_4core3ops8function6FnOnceuE9call_once6vtableB17_
      in /data/projects/franken_alignment_wave4_gate2_20260908/.rch-target/release/build/fa-reference/e669633187e11169/out/profile_costs-e669633187e11169
    _RNvNvMs0_NtNtNtCs88x0hlevqs9_3std3sys6thread4unixNtB7_6Thread3new12thread_start
      in /data/projects/franken_alignment_wave4_gate2_20260908/.rch-target/release/build/fa-reference/e669633187e11169/out/profile_costs-e669633187e11169
    start_thread
      at ./nptl/pthread_create.c:454
      in /usr/lib/x86_64-linux-gnu/libc.so.6
    __clone3
      at ../sysdeps/unix/sysv/linux/x86_64/clone3.S:78
      in /usr/lib/x86_64-linux-gnu/libc.so.6
  and 144 from 12 other places

180 calls to allocation functions with 0B peak consumption from
_RNvNtCsbx1baUgb63R_12fa_reference14canonical_json10field_uint
  in /data/projects/franken_alignment_wave4_gate2_20260908/.rch-target/release/build/fa-reference/e669633187e11169/out/profile_costs-e669633187e11169
12 calls with 0B peak consumption from:
    _RNvNtCsbx1baUgb63R_12fa_reference14canonical_json6encode
      in /data/projects/franken_alignment_wave4_gate2_20260908/.rch-target/release/build/fa-reference/e669633187e11169/out/profile_costs-e669633187e11169
    _RNvNtCsbx1baUgb63R_12fa_reference14canonical_json16decode_canonical
      in /data/projects/franken_alignment_wave4_gate2_20260908/.rch-target/release/build/fa-reference/e669633187e11169/out/profile_costs-e669633187e11169
    _RNvCsd1K78oRme2b_13profile_costs9roundtrip
      in /data/projects/franken_alignment_wave4_gate2_20260908/.rch-target/release/build/fa-reference/e669633187e11169/out/profile_costs-e669633187e11169
    _RNvCsd1K78oRme2b_13profile_costss_69fixed_reference_profile_costs_are_descriptive_and_assert_all_outcomes
      in /data/projects/franken_alignment_wave4_gate2_20260908/.rch-target/release/build/fa-reference/e669633187e11169/out/profile_costs-e669633187e11169
    _RNvYNCNvCsd1K78oRme2b_13profile_costs69fixed_reference_profile_costs_are_descriptive_and_assert_all_outcomes0INtNtNtCshw961UFXsya_4core3ops8function6FnOnceuE9call_onceB6_
      in /data/projects/franken_alignment_wave4_gate2_20260908/.rch-target/release/build/fa-reference/e669633187e11169/out/profile_costs-e669633187e11169
    _RINvCslSvshESn9jA_4test28___rust_begin_short_backtraceINtNtCshw961UFXsya_4core6result6ResultuNtNtCsfVXW7bATEob_5alloc6string6StringEFEBQ_EB2_
      in /data/projects/franken_alignment_wave4_gate2_20260908/.rch-target/release/build/fa-reference/e669633187e11169/out/profile_costs-e669633187e11169
    _RNCNvCslSvshESn9jA_4test8run_test0B3_
      in /data/projects/franken_alignment_wave4_gate2_20260908/.rch-target/release/build/fa-reference/e669633187e11169/out/profile_costs-e669633187e11169
    _RINvNtNtCs88x0hlevqs9_3std3sys9backtrace28___rust_begin_short_backtraceNCNvCslSvshESn9jA_4test8run_tests_0uEB1b_
      in /data/projects/franken_alignment_wave4_gate2_20260908/.rch-target/release/build/fa-reference/e669633187e11169/out/profile_costs-e669633187e11169
    _RNSNvYNCINvNtNtCs88x0hlevqs9_3std6thread9lifecycle15spawn_uncheckedNCNvCslSvshESn9jA_4test8run_tests_0uEs_0INtNtNtCshw961UFXsya_4core3ops8function6FnOnceuE9call_once6vtableB17_
      in /data/projects/franken_alignment_wave4_gate2_20260908/.rch-target/release/build/fa-reference/e669633187e11169/out/profile_costs-e669633187e11169
    _RNvNvMs0_NtNtNtCs88x0hlevqs9_3std3sys6thread4unixNtB7_6Thread3new12thread_start
      in /data/projects/franken_alignment_wave4_gate2_20260908/.rch-target/release/build/fa-reference/e669633187e11169/out/profile_costs-e669633187e11169
    start_thread
      at ./nptl/pthread_create.c:454
      in /usr/lib/x86_64-linux-gnu/libc.so.6
    __clone3
      at ../sysdeps/unix/sysv/linux/x86_64/clone3.S:78
      in /usr/lib/x86_64-linux-gnu/libc.so.6
12 calls with 0B peak consumption from:
    _RNvNtCsbx1baUgb63R_12fa_reference14canonical_json6encode
      in /data/projects/franken_alignment_wave4_gate2_20260908/.rch-target/release/build/fa-reference/e669633187e11169/out/profile_costs-e669633187e11169
    _RNvNtCsbx1baUgb63R_12fa_reference14canonical_json16decode_canonical
      in /data/projects/franken_alignment_wave4_gate2_20260908/.rch-target/release/build/fa-reference/e669633187e11169/out/profile_costs-e669633187e11169
    _RNvCsd1K78oRme2b_13profile_costs9roundtrip
      in /data/projects/franken_alignment_wave4_gate2_20260908/.rch-target/release/build/fa-reference/e669633187e11169/out/profile_costs-e669633187e11169
    _RNvCsd1K78oRme2b_13profile_costss_69fixed_reference_profile_costs_are_descriptive_and_assert_all_outcomes
      in /data/projects/franken_alignment_wave4_gate2_20260908/.rch-target/release/build/fa-reference/e669633187e11169/out/profile_costs-e669633187e11169
    _RNvYNCNvCsd1K78oRme2b_13profile_costs69fixed_reference_profile_costs_are_descriptive_and_assert_all_outcomes0INtNtNtCshw961UFXsya_4core3ops8function6FnOnceuE9call_onceB6_
      in /data/projects/franken_alignment_wave4_gate2_20260908/.rch-target/release/build/fa-reference/e669633187e11169/out/profile_costs-e669633187e11169
    _RINvCslSvshESn9jA_4test28___rust_begin_short_backtraceINtNtCshw961UFXsya_4core6result6ResultuNtNtCsfVXW7bATEob_5alloc6string6StringEFEBQ_EB2_
      in /data/projects/franken_alignment_wave4_gate2_20260908/.rch-target/release/build/fa-reference/e669633187e11169/out/profile_costs-e669633187e11169
    _RNCNvCslSvshESn9jA_4test8run_test0B3_
      in /data/projects/franken_alignment_wave4_gate2_20260908/.rch-target/release/build/fa-reference/e669633187e11169/out/profile_costs-e669633187e11169
    _RINvNtNtCs88x0hlevqs9_3std3sys9backtrace28___rust_begin_short_backtraceNCNvCslSvshESn9jA_4test8run_tests_0uEB1b_
      in /data/projects/franken_alignment_wave4_gate2_20260908/.rch-target/release/build/fa-reference/e669633187e11169/out/profile_costs-e669633187e11169
    _RNSNvYNCINvNtNtCs88x0hlevqs9_3std6thread9lifecycle15spawn_uncheckedNCNvCslSvshESn9jA_4test8run_tests_0uEs_0INtNtNtCshw961UFXsya_4core3ops8function6FnOnceuE9call_once6vtableB17_
      in /data/projects/franken_alignment_wave4_gate2_20260908/.rch-target/release/build/fa-reference/e669633187e11169/out/profile_costs-e669633187e11169
    _RNvNvMs0_NtNtNtCs88x0hlevqs9_3std3sys6thread4unixNtB7_6Thread3new12thread_start
      in /data/projects/franken_alignment_wave4_gate2_20260908/.rch-target/release/build/fa-reference/e669633187e11169/out/profile_costs-e669633187e11169
    start_thread
      at ./nptl/pthread_create.c:454
      in /usr/lib/x86_64-linux-gnu/libc.so.6
    __clone3
      at ../sysdeps/unix/sysv/linux/x86_64/clone3.S:78
      in /usr/lib/x86_64-linux-gnu/libc.so.6
12 calls with 0B peak consumption from:
    _RNvNtCsbx1baUgb63R_12fa_reference14canonical_json6encode
      in /data/projects/franken_alignment_wave4_gate2_20260908/.rch-target/release/build/fa-reference/e669633187e11169/out/profile_costs-e669633187e11169
    _RNvNtCsbx1baUgb63R_12fa_reference14canonical_json16decode_canonical
      in /data/projects/franken_alignment_wave4_gate2_20260908/.rch-target/release/build/fa-reference/e669633187e11169/out/profile_costs-e669633187e11169
    _RNvCsd1K78oRme2b_13profile_costs9roundtrip
      in /data/projects/franken_alignment_wave4_gate2_20260908/.rch-target/release/build/fa-reference/e669633187e11169/out/profile_costs-e669633187e11169
    _RNvCsd1K78oRme2b_13profile_costss_69fixed_reference_profile_costs_are_descriptive_and_assert_all_outcomes
      in /data/projects/franken_alignment_wave4_gate2_20260908/.rch-target/release/build/fa-reference/e669633187e11169/out/profile_costs-e669633187e11169
    _RNvYNCNvCsd1K78oRme2b_13profile_costs69fixed_reference_profile_costs_are_descriptive_and_assert_all_outcomes0INtNtNtCshw961UFXsya_4core3ops8function6FnOnceuE9call_onceB6_
      in /data/projects/franken_alignment_wave4_gate2_20260908/.rch-target/release/build/fa-reference/e669633187e11169/out/profile_costs-e669633187e11169
    _RINvCslSvshESn9jA_4test28___rust_begin_short_backtraceINtNtCshw961UFXsya_4core6result6ResultuNtNtCsfVXW7bATEob_5alloc6string6StringEFEBQ_EB2_
      in /data/projects/franken_alignment_wave4_gate2_20260908/.rch-target/release/build/fa-reference/e669633187e11169/out/profile_costs-e669633187e11169
    _RNCNvCslSvshESn9jA_4test8run_test0B3_
      in /data/projects/franken_alignment_wave4_gate2_20260908/.rch-target/release/build/fa-reference/e669633187e11169/out/profile_costs-e669633187e11169
    _RINvNtNtCs88x0hlevqs9_3std3sys9backtrace28___rust_begin_short_backtraceNCNvCslSvshESn9jA_4test8run_tests_0uEB1b_
      in /data/projects/franken_alignment_wave4_gate2_20260908/.rch-target/release/build/fa-reference/e669633187e11169/out/profile_costs-e669633187e11169
    _RNSNvYNCINvNtNtCs88x0hlevqs9_3std6thread9lifecycle15spawn_uncheckedNCNvCslSvshESn9jA_4test8run_tests_0uEs_0INtNtNtCshw961UFXsya_4core3ops8function6FnOnceuE9call_once6vtableB17_
      in /data/projects/franken_alignment_wave4_gate2_20260908/.rch-target/release/build/fa-reference/e669633187e11169/out/profile_costs-e669633187e11169
    _RNvNvMs0_NtNtNtCs88x0hlevqs9_3std3sys6thread4unixNtB7_6Thread3new12thread_start
      in /data/projects/franken_alignment_wave4_gate2_20260908/.rch-target/release/build/fa-reference/e669633187e11169/out/profile_costs-e669633187e11169
    start_thread
      at ./nptl/pthread_create.c:454
      in /usr/lib/x86_64-linux-gnu/libc.so.6
    __clone3
      at ../sysdeps/unix/sysv/linux/x86_64/clone3.S:78
      in /usr/lib/x86_64-linux-gnu/libc.so.6
  and 144 from 12 other places

172 calls to allocation functions with 66B peak consumption from
_RNvNtCsbx1baUgb63R_12fa_reference14canonical_json10text_array
  in /data/projects/franken_alignment_wave4_gate2_20260908/.rch-target/release/build/fa-reference/e669633187e11169/out/profile_costs-e669633187e11169
12 calls with 0B peak consumption from:
    _RNvNtCsbx1baUgb63R_12fa_reference14canonical_json17validate_manifest
      in /data/projects/franken_alignment_wave4_gate2_20260908/.rch-target/release/build/fa-reference/e669633187e11169/out/profile_costs-e669633187e11169
    _RNvNtCsbx1baUgb63R_12fa_reference14canonical_json13validate_json
      in /data/projects/franken_alignment_wave4_gate2_20260908/.rch-target/release/build/fa-reference/e669633187e11169/out/profile_costs-e669633187e11169
    _RNvNtCsbx1baUgb63R_12fa_reference14canonical_json16decode_canonical
      in /data/projects/franken_alignment_wave4_gate2_20260908/.rch-target/release/build/fa-reference/e669633187e11169/out/profile_costs-e669633187e11169
    _RNvCsd1K78oRme2b_13profile_costs9roundtrip
      in /data/projects/franken_alignment_wave4_gate2_20260908/.rch-target/release/build/fa-reference/e669633187e11169/out/profile_costs-e669633187e11169
    _RNvCsd1K78oRme2b_13profile_costss_69fixed_reference_profile_costs_are_descriptive_and_assert_all_outcomes
      in /data/projects/franken_alignment_wave4_gate2_20260908/.rch-target/release/build/fa-reference/e669633187e11169/out/profile_costs-e669633187e11169
    _RNvYNCNvCsd1K78oRme2b_13profile_costs69fixed_reference_profile_costs_are_descriptive_and_assert_all_outcomes0INtNtNtCshw961UFXsya_4core3ops8function6FnOnceuE9call_onceB6_
      in /data/projects/franken_alignment_wave4_gate2_20260908/.rch-target/release/build/fa-reference/e669633187e11169/out/profile_costs-e669633187e11169
    _RINvCslSvshESn9jA_4test28___rust_begin_short_backtraceINtNtCshw961UFXsya_4core6result6ResultuNtNtCsfVXW7bATEob_5alloc6string6StringEFEBQ_EB2_
      in /data/projects/franken_alignment_wave4_gate2_20260908/.rch-target/release/build/fa-reference/e669633187e11169/out/profile_costs-e669633187e11169
    _RNCNvCslSvshESn9jA_4test8run_test0B3_
      in /data/projects/franken_alignment_wave4_gate2_20260908/.rch-target/release/build/fa-reference/e669633187e11169/out/profile_costs-e669633187e11169
    _RINvNtNtCs88x0hlevqs9_3std3sys9backtrace28___rust_begin_short_backtraceNCNvCslSvshESn9jA_4test8run_tests_0uEB1b_
      in /data/projects/franken_alignment_wave4_gate2_20260908/.rch-target/release/build/fa-reference/e669633187e11169/out/profile_costs-e669633187e11169
    _RNSNvYNCINvNtNtCs88x0hlevqs9_3std6thread9lifecycle15spawn_uncheckedNCNvCslSvshESn9jA_4test8run_tests_0uEs_0INtNtNtCshw961UFXsya_4core3ops8function6FnOnceuE9call_once6vtableB17_
      in /data/projects/franken_alignment_wave4_gate2_20260908/.rch-target/release/build/fa-reference/e669633187e11169/out/profile_costs-e669633187e11169
    _RNvNvMs0_NtNtNtCs88x0hlevqs9_3std3sys6thread4unixNtB7_6Thread3new12thread_start
      in /data/projects/franken_alignment_wave4_gate2_20260908/.rch-target/release/build/fa-reference/e669633187e11169/out/profile_costs-e669633187e11169
    start_thread
      at ./nptl/pthread_create.c:454
      in /usr/lib/x86_64-linux-gnu/libc.so.6
    __clone3
      at ../sysdeps/unix/sysv/linux/x86_64/clone3.S:78
      in /usr/lib/x86_64-linux-gnu/libc.so.6
12 calls with 11B peak consumption from:
    _RNvNtCsbx1baUgb63R_12fa_reference14canonical_json14validate_claim
      in /data/projects/franken_alignment_wave4_gate2_20260908/.rch-target/release/build/fa-reference/e669633187e11169/out/profile_costs-e669633187e11169
    _RNvNtCsbx1baUgb63R_12fa_reference14canonical_json13validate_json
      in /data/projects/franken_alignment_wave4_gate2_20260908/.rch-target/release/build/fa-reference/e669633187e11169/out/profile_costs-e669633187e11169
    _RNvNtCsbx1baUgb63R_12fa_reference14canonical_json16decode_canonical
      in /data/projects/franken_alignment_wave4_gate2_20260908/.rch-target/release/build/fa-reference/e669633187e11169/out/profile_costs-e669633187e11169
    _RNvCsd1K78oRme2b_13profile_costs9roundtrip
      in /data/projects/franken_alignment_wave4_gate2_20260908/.rch-target/release/build/fa-reference/e669633187e11169/out/profile_costs-e669633187e11169
    _RNCNvCsd1K78oRme2b_13profile_costss_69fixed_reference_profile_costs_are_descriptive_and_assert_all_outcomess3_0B3_
      in /data/projects/franken_alignment_wave4_gate2_20260908/.rch-target/release/build/fa-reference/e669633187e11169/out/profile_costs-e669633187e11169
    _RNvCsd1K78oRme2b_13profile_costss_69fixed_reference_profile_costs_are_descriptive_and_assert_all_outcomes
      in /data/projects/franken_alignment_wave4_gate2_20260908/.rch-target/release/build/fa-reference/e669633187e11169/out/profile_costs-e669633187e11169
    _RNvYNCNvCsd1K78oRme2b_13profile_costs69fixed_reference_profile_costs_are_descriptive_and_assert_all_outcomes0INtNtNtCshw961UFXsya_4core3ops8function6FnOnceuE9call_onceB6_
      in /data/projects/franken_alignment_wave4_gate2_20260908/.rch-target/release/build/fa-reference/e669633187e11169/out/profile_costs-e669633187e11169
    _RINvCslSvshESn9jA_4test28___rust_begin_short_backtraceINtNtCshw961UFXsya_4core6result6ResultuNtNtCsfVXW7bATEob_5alloc6string6StringEFEBQ_EB2_
      in /data/projects/franken_alignment_wave4_gate2_20260908/.rch-target/release/build/fa-reference/e669633187e11169/out/profile_costs-e669633187e11169
    _RNCNvCslSvshESn9jA_4test8run_test0B3_
      in /data/projects/franken_alignment_wave4_gate2_20260908/.rch-target/release/build/fa-reference/e669633187e11169/out/profile_costs-e669633187e11169
    _RINvNtNtCs88x0hlevqs9_3std3sys9backtrace28___rust_begin_short_backtraceNCNvCslSvshESn9jA_4test8run_tests_0uEB1b_
      in /data/projects/franken_alignment_wave4_gate2_20260908/.rch-target/release/build/fa-reference/e669633187e11169/out/profile_costs-e669633187e11169
    _RNSNvYNCINvNtNtCs88x0hlevqs9_3std6thread9lifecycle15spawn_uncheckedNCNvCslSvshESn9jA_4test8run_tests_0uEs_0INtNtNtCshw961UFXsya_4core3ops8function6FnOnceuE9call_once6vtableB17_
      in /data/projects/franken_alignment_wave4_gate2_20260908/.rch-target/release/build/fa-reference/e669633187e11169/out/profile_costs-e669633187e11169
    _RNvNvMs0_NtNtNtCs88x0hlevqs9_3std3sys6thread4unixNtB7_6Thread3new12thread_start
      in /data/projects/franken_alignment_wave4_gate2_20260908/.rch-target/release/build/fa-reference/e669633187e11169/out/profile_costs-e669633187e11169
    start_thread
      at ./nptl/pthread_create.c:454
      in /usr/lib/x86_64-linux-gnu/libc.so.6
    __clone3
      at ../sysdeps/unix/sysv/linux/x86_64/clone3.S:78
      in /usr/lib/x86_64-linux-gnu/libc.so.6
12 calls with 24B peak consumption from:
    _RNvNtCsbx1baUgb63R_12fa_reference14canonical_json14validate_claim
      in /data/projects/franken_alignment_wave4_gate2_20260908/.rch-target/release/build/fa-reference/e669633187e11169/out/profile_costs-e669633187e11169
    _RNvNtCsbx1baUgb63R_12fa_reference14canonical_json13validate_json
      in /data/projects/franken_alignment_wave4_gate2_20260908/.rch-target/release/build/fa-reference/e669633187e11169/out/profile_costs-e669633187e11169
    _RNvNtCsbx1baUgb63R_12fa_reference14canonical_json16decode_canonical
      in /data/projects/franken_alignment_wave4_gate2_20260908/.rch-target/release/build/fa-reference/e669633187e11169/out/profile_costs-e669633187e11169
    _RNvCsd1K78oRme2b_13profile_costs9roundtrip
      in /data/projects/franken_alignment_wave4_gate2_20260908/.rch-target/release/build/fa-reference/e669633187e11169/out/profile_costs-e669633187e11169
    _RNCNvCsd1K78oRme2b_13profile_costss_69fixed_reference_profile_costs_are_descriptive_and_assert_all_outcomess3_0B3_
      in /data/projects/franken_alignment_wave4_gate2_20260908/.rch-target/release/build/fa-reference/e669633187e11169/out/profile_costs-e669633187e11169
    _RNvCsd1K78oRme2b_13profile_costss_69fixed_reference_profile_costs_are_descriptive_and_assert_all_outcomes
      in /data/projects/franken_alignment_wave4_gate2_20260908/.rch-target/release/build/fa-reference/e669633187e11169/out/profile_costs-e669633187e11169
    _RNvYNCNvCsd1K78oRme2b_13profile_costs69fixed_reference_profile_costs_are_descriptive_and_assert_all_outcomes0INtNtNtCshw961UFXsya_4core3ops8function6FnOnceuE9call_onceB6_
      in /data/projects/franken_alignment_wave4_gate2_20260908/.rch-target/release/build/fa-reference/e669633187e11169/out/profile_costs-e669633187e11169
    _RINvCslSvshESn9jA_4test28___rust_begin_short_backtraceINtNtCshw961UFXsya_4core6result6ResultuNtNtCsfVXW7bATEob_5alloc6string6StringEFEBQ_EB2_
      in /data/projects/franken_alignment_wave4_gate2_20260908/.rch-target/release/build/fa-reference/e669633187e11169/out/profile_costs-e669633187e11169
    _RNCNvCslSvshESn9jA_4test8run_test0B3_
      in /data/projects/franken_alignment_wave4_gate2_20260908/.rch-target/release/build/fa-reference/e669633187e11169/out/profile_costs-e669633187e11169
    _RINvNtNtCs88x0hlevqs9_3std3sys9backtrace28___rust_begin_short_backtraceNCNvCslSvshESn9jA_4test8run_tests_0uEB1b_
      in /data/projects/franken_alignment_wave4_gate2_20260908/.rch-target/release/build/fa-reference/e669633187e11169/out/profile_costs-e669633187e11169
    _RNSNvYNCINvNtNtCs88x0hlevqs9_3std6thread9lifecycle15spawn_uncheckedNCNvCslSvshESn9jA_4test8run_tests_0uEs_0INtNtNtCshw961UFXsya_4core3ops8function6FnOnceuE9call_once6vtableB17_
      in /data/projects/franken_alignment_wave4_gate2_20260908/.rch-target/release/build/fa-reference/e669633187e11169/out/profile_costs-e669633187e11169
    _RNvNvMs0_NtNtNtCs88x0hlevqs9_3std3sys6thread4unixNtB7_6Thread3new12thread_start
      in /data/projects/franken_alignment_wave4_gate2_20260908/.rch-target/release/build/fa-reference/e669633187e11169/out/profile_costs-e669633187e11169
    start_thread
      at ./nptl/pthread_create.c:454
      in /usr/lib/x86_64-linux-gnu/libc.so.6
    __clone3
      at ../sysdeps/unix/sysv/linux/x86_64/clone3.S:78
      in /usr/lib/x86_64-linux-gnu/libc.so.6
  and 136 from 15 other places

134 calls to allocation functions with 0B peak consumption from
_RNvMsi_NtNtNtCsfVXW7bATEob_5alloc11collections5btree3mapINtB5_8BTreeMapReNtNtB7_7set_val9SetValZSTE6insertCsbx1baUgb63R_12fa_reference
  in /data/projects/franken_alignment_wave4_gate2_20260908/.rch-target/release/build/fa-reference/e669633187e11169/out/profile_costs-e669633187e11169
12 calls with 0B peak consumption from:
    _RNvNtCsbx1baUgb63R_12fa_reference14canonical_json16identifier_array
      in /data/projects/franken_alignment_wave4_gate2_20260908/.rch-target/release/build/fa-reference/e669633187e11169/out/profile_costs-e669633187e11169
    _RNvNtCsbx1baUgb63R_12fa_reference14canonical_json15validate_action
      in /data/projects/franken_alignment_wave4_gate2_20260908/.rch-target/release/build/fa-reference/e669633187e11169/out/profile_costs-e669633187e11169
    _RNvNtCsbx1baUgb63R_12fa_reference14canonical_json13validate_json
      in /data/projects/franken_alignment_wave4_gate2_20260908/.rch-target/release/build/fa-reference/e669633187e11169/out/profile_costs-e669633187e11169
    _RNvNtCsbx1baUgb63R_12fa_reference14canonical_json16decode_canonical
      in /data/projects/franken_alignment_wave4_gate2_20260908/.rch-target/release/build/fa-reference/e669633187e11169/out/profile_costs-e669633187e11169
    _RNvCsd1K78oRme2b_13profile_costs9roundtrip
      in /data/projects/franken_alignment_wave4_gate2_20260908/.rch-target/release/build/fa-reference/e669633187e11169/out/profile_costs-e669633187e11169
    _RNvCsd1K78oRme2b_13profile_costss_69fixed_reference_profile_costs_are_descriptive_and_assert_all_outcomes
      in /data/projects/franken_alignment_wave4_gate2_20260908/.rch-target/release/build/fa-reference/e669633187e11169/out/profile_costs-e669633187e11169
    _RNvYNCNvCsd1K78oRme2b_13profile_costs69fixed_reference_profile_costs_are_descriptive_and_assert_all_outcomes0INtNtNtCshw961UFXsya_4core3ops8function6FnOnceuE9call_onceB6_
      in /data/projects/franken_alignment_wave4_gate2_20260908/.rch-target/release/build/fa-reference/e669633187e11169/out/profile_costs-e669633187e11169
    _RINvCslSvshESn9jA_4test28___rust_begin_short_backtraceINtNtCshw961UFXsya_4core6result6ResultuNtNtCsfVXW7bATEob_5alloc6string6StringEFEBQ_EB2_
      in /data/projects/franken_alignment_wave4_gate2_20260908/.rch-target/release/build/fa-reference/e669633187e11169/out/profile_costs-e669633187e11169
    _RNCNvCslSvshESn9jA_4test8run_test0B3_
      in /data/projects/franken_alignment_wave4_gate2_20260908/.rch-target/release/build/fa-reference/e669633187e11169/out/profile_costs-e669633187e11169
    _RINvNtNtCs88x0hlevqs9_3std3sys9backtrace28___rust_begin_short_backtraceNCNvCslSvshESn9jA_4test8run_tests_0uEB1b_
      in /data/projects/franken_alignment_wave4_gate2_20260908/.rch-target/release/build/fa-reference/e669633187e11169/out/profile_costs-e669633187e11169
    _RNSNvYNCINvNtNtCs88x0hlevqs9_3std6thread9lifecycle15spawn_uncheckedNCNvCslSvshESn9jA_4test8run_tests_0uEs_0INtNtNtCshw961UFXsya_4core3ops8function6FnOnceuE9call_once6vtableB17_
      in /data/projects/franken_alignment_wave4_gate2_20260908/.rch-target/release/build/fa-reference/e669633187e11169/out/profile_costs-e669633187e11169
    _RNvNvMs0_NtNtNtCs88x0hlevqs9_3std3sys6thread4unixNtB7_6Thread3new12thread_start
      in /data/projects/franken_alignment_wave4_gate2_20260908/.rch-target/release/build/fa-reference/e669633187e11169/out/profile_costs-e669633187e11169
    start_thread
      at ./nptl/pthread_create.c:454
      in /usr/lib/x86_64-linux-gnu/libc.so.6
    __clone3
      at ../sysdeps/unix/sysv/linux/x86_64/clone3.S:78
      in /usr/lib/x86_64-linux-gnu/libc.so.6
12 calls with 0B peak consumption from:
    _RNvNtCsbx1baUgb63R_12fa_reference14canonical_json14restart_grades
      in /data/projects/franken_alignment_wave4_gate2_20260908/.rch-target/release/build/fa-reference/e669633187e11169/out/profile_costs-e669633187e11169
    _RNvNtCsbx1baUgb63R_12fa_reference14canonical_json17validate_manifest
      in /data/projects/franken_alignment_wave4_gate2_20260908/.rch-target/release/build/fa-reference/e669633187e11169/out/profile_costs-e669633187e11169
    _RNvNtCsbx1baUgb63R_12fa_reference14canonical_json13validate_json
      in /data/projects/franken_alignment_wave4_gate2_20260908/.rch-target/release/build/fa-reference/e669633187e11169/out/profile_costs-e669633187e11169
    _RNvNtCsbx1baUgb63R_12fa_reference14canonical_json16decode_canonical
      in /data/projects/franken_alignment_wave4_gate2_20260908/.rch-target/release/build/fa-reference/e669633187e11169/out/profile_costs-e669633187e11169
    _RNvCsd1K78oRme2b_13profile_costs9roundtrip
      in /data/projects/franken_alignment_wave4_gate2_20260908/.rch-target/release/build/fa-reference/e669633187e11169/out/profile_costs-e669633187e11169
    _RNvCsd1K78oRme2b_13profile_costss_69fixed_reference_profile_costs_are_descriptive_and_assert_all_outcomes
      in /data/projects/franken_alignment_wave4_gate2_20260908/.rch-target/release/build/fa-reference/e669633187e11169/out/profile_costs-e669633187e11169
    _RNvYNCNvCsd1K78oRme2b_13profile_costs69fixed_reference_profile_costs_are_descriptive_and_assert_all_outcomes0INtNtNtCshw961UFXsya_4core3ops8function6FnOnceuE9call_onceB6_
      in /data/projects/franken_alignment_wave4_gate2_20260908/.rch-target/release/build/fa-reference/e669633187e11169/out/profile_costs-e669633187e11169
    _RINvCslSvshESn9jA_4test28___rust_begin_short_backtraceINtNtCshw961UFXsya_4core6result6ResultuNtNtCsfVXW7bATEob_5alloc6string6StringEFEBQ_EB2_
      in /data/projects/franken_alignment_wave4_gate2_20260908/.rch-target/release/build/fa-reference/e669633187e11169/out/profile_costs-e669633187e11169
    _RNCNvCslSvshESn9jA_4test8run_test0B3_
      in /data/projects/franken_alignment_wave4_gate2_20260908/.rch-target/release/build/fa-reference/e669633187e11169/out/profile_costs-e669633187e11169
    _RINvNtNtCs88x0hlevqs9_3std3sys9backtrace28___rust_begin_short_backtraceNCNvCslSvshESn9jA_4test8run_tests_0uEB1b_
      in /data/projects/franken_alignment_wave4_gate2_20260908/.rch-target/release/build/fa-reference/e669633187e11169/out/profile_costs-e669633187e11169
    _RNSNvYNCINvNtNtCs88x0hlevqs9_3std6thread9lifecycle15spawn_uncheckedNCNvCslSvshESn9jA_4test8run_tests_0uEs_0INtNtNtCshw961UFXsya_4core3ops8function6FnOnceuE9call_once6vtableB17_
      in /data/projects/franken_alignment_wave4_gate2_20260908/.rch-target/release/build/fa-reference/e669633187e11169/out/profile_costs-e669633187e11169
    _RNvNvMs0_NtNtNtCs88x0hlevqs9_3std3sys6thread4unixNtB7_6Thread3new12thread_start
      in /data/projects/franken_alignment_wave4_gate2_20260908/.rch-target/release/build/fa-reference/e669633187e11169/out/profile_costs-e669633187e11169
    start_thread
      at ./nptl/pthread_create.c:454
      in /usr/lib/x86_64-linux-gnu/libc.so.6
    __clone3
      at ../sysdeps/unix/sysv/linux/x86_64/clone3.S:78
      in /usr/lib/x86_64-linux-gnu/libc.so.6
12 calls with 0B peak consumption from:
    _RNvNtCsbx1baUgb63R_12fa_reference14canonical_json16identifier_array
      in /data/projects/franken_alignment_wave4_gate2_20260908/.rch-target/release/build/fa-reference/e669633187e11169/out/profile_costs-e669633187e11169
    _RNvNtCsbx1baUgb63R_12fa_reference14canonical_json17validate_manifest
      in /data/projects/franken_alignment_wave4_gate2_20260908/.rch-target/release/build/fa-reference/e669633187e11169/out/profile_costs-e669633187e11169
    _RNvNtCsbx1baUgb63R_12fa_reference14canonical_json13validate_json
      in /data/projects/franken_alignment_wave4_gate2_20260908/.rch-target/release/build/fa-reference/e669633187e11169/out/profile_costs-e669633187e11169
    _RNvNtCsbx1baUgb63R_12fa_reference14canonical_json16decode_canonical
      in /data/projects/franken_alignment_wave4_gate2_20260908/.rch-target/release/build/fa-reference/e669633187e11169/out/profile_costs-e669633187e11169
    _RNvCsd1K78oRme2b_13profile_costs9roundtrip
      in /data/projects/franken_alignment_wave4_gate2_20260908/.rch-target/release/build/fa-reference/e669633187e11169/out/profile_costs-e669633187e11169
    _RNvCsd1K78oRme2b_13profile_costss_69fixed_reference_profile_costs_are_descriptive_and_assert_all_outcomes
      in /data/projects/franken_alignment_wave4_gate2_20260908/.rch-target/release/build/fa-reference/e669633187e11169/out/profile_costs-e669633187e11169
    _RNvYNCNvCsd1K78oRme2b_13profile_costs69fixed_reference_profile_costs_are_descriptive_and_assert_all_outcomes0INtNtNtCshw961UFXsya_4core3ops8function6FnOnceuE9call_onceB6_
      in /data/projects/franken_alignment_wave4_gate2_20260908/.rch-target/release/build/fa-reference/e669633187e11169/out/profile_costs-e669633187e11169
    _RINvCslSvshESn9jA_4test28___rust_begin_short_backtraceINtNtCshw961UFXsya_4core6result6ResultuNtNtCsfVXW7bATEob_5alloc6string6StringEFEBQ_EB2_
      in /data/projects/franken_alignment_wave4_gate2_20260908/.rch-target/release/build/fa-reference/e669633187e11169/out/profile_costs-e669633187e11169
    _RNCNvCslSvshESn9jA_4test8run_test0B3_
      in /data/projects/franken_alignment_wave4_gate2_20260908/.rch-target/release/build/fa-reference/e669633187e11169/out/profile_costs-e669633187e11169
    _RINvNtNtCs88x0hlevqs9_3std3sys9backtrace28___rust_begin_short_backtraceNCNvCslSvshESn9jA_4test8run_tests_0uEB1b_
      in /data/projects/franken_alignment_wave4_gate2_20260908/.rch-target/release/build/fa-reference/e669633187e11169/out/profile_costs-e669633187e11169
    _RNSNvYNCINvNtNtCs88x0hlevqs9_3std6thread9lifecycle15spawn_uncheckedNCNvCslSvshESn9jA_4test8run_tests_0uEs_0INtNtNtCshw961UFXsya_4core3ops8function6FnOnceuE9call_once6vtableB17_
      in /data/projects/franken_alignment_wave4_gate2_20260908/.rch-target/release/build/fa-reference/e669633187e11169/out/profile_costs-e669633187e11169
    _RNvNvMs0_NtNtNtCs88x0hlevqs9_3std3sys6thread4unixNtB7_6Thread3new12thread_start
      in /data/projects/franken_alignment_wave4_gate2_20260908/.rch-target/release/build/fa-reference/e669633187e11169/out/profile_costs-e669633187e11169
    start_thread
      at ./nptl/pthread_create.c:454
      in /usr/lib/x86_64-linux-gnu/libc.so.6
    __clone3
      at ../sysdeps/unix/sysv/linux/x86_64/clone3.S:78
      in /usr/lib/x86_64-linux-gnu/libc.so.6
  and 98 from 10 other places

112 calls to allocation functions with 192B peak consumption from
_RNvCsd1K78oRme2b_13profile_costss_69fixed_reference_profile_costs_are_descriptive_and_assert_all_outcomes
  in /data/projects/franken_alignment_wave4_gate2_20260908/.rch-target/release/build/fa-reference/e669633187e11169/out/profile_costs-e669633187e11169
12 calls with 0B peak consumption from:
    _RNvYNCNvCsd1K78oRme2b_13profile_costs69fixed_reference_profile_costs_are_descriptive_and_assert_all_outcomes0INtNtNtCshw961UFXsya_4core3ops8function6FnOnceuE9call_onceB6_
      in /data/projects/franken_alignment_wave4_gate2_20260908/.rch-target/release/build/fa-reference/e669633187e11169/out/profile_costs-e669633187e11169
    _RINvCslSvshESn9jA_4test28___rust_begin_short_backtraceINtNtCshw961UFXsya_4core6result6ResultuNtNtCsfVXW7bATEob_5alloc6string6StringEFEBQ_EB2_
      in /data/projects/franken_alignment_wave4_gate2_20260908/.rch-target/release/build/fa-reference/e669633187e11169/out/profile_costs-e669633187e11169
    _RNCNvCslSvshESn9jA_4test8run_test0B3_
      in /data/projects/franken_alignment_wave4_gate2_20260908/.rch-target/release/build/fa-reference/e669633187e11169/out/profile_costs-e669633187e11169
    _RINvNtNtCs88x0hlevqs9_3std3sys9backtrace28___rust_begin_short_backtraceNCNvCslSvshESn9jA_4test8run_tests_0uEB1b_
      in /data/projects/franken_alignment_wave4_gate2_20260908/.rch-target/release/build/fa-reference/e669633187e11169/out/profile_costs-e669633187e11169
    _RNSNvYNCINvNtNtCs88x0hlevqs9_3std6thread9lifecycle15spawn_uncheckedNCNvCslSvshESn9jA_4test8run_tests_0uEs_0INtNtNtCshw961UFXsya_4core3ops8function6FnOnceuE9call_once6vtableB17_
      in /data/projects/franken_alignment_wave4_gate2_20260908/.rch-target/release/build/fa-reference/e669633187e11169/out/profile_costs-e669633187e11169
    _RNvNvMs0_NtNtNtCs88x0hlevqs9_3std3sys6thread4unixNtB7_6Thread3new12thread_start
      in /data/projects/franken_alignment_wave4_gate2_20260908/.rch-target/release/build/fa-reference/e669633187e11169/out/profile_costs-e669633187e11169
    start_thread
      at ./nptl/pthread_create.c:454
      in /usr/lib/x86_64-linux-gnu/libc.so.6
    __clone3
      at ../sysdeps/unix/sysv/linux/x86_64/clone3.S:78
      in /usr/lib/x86_64-linux-gnu/libc.so.6
12 calls with 0B peak consumption from:
    _RNvYNCNvCsd1K78oRme2b_13profile_costs69fixed_reference_profile_costs_are_descriptive_and_assert_all_outcomes0INtNtNtCshw961UFXsya_4core3ops8function6FnOnceuE9call_onceB6_
      in /data/projects/franken_alignment_wave4_gate2_20260908/.rch-target/release/build/fa-reference/e669633187e11169/out/profile_costs-e669633187e11169
    _RINvCslSvshESn9jA_4test28___rust_begin_short_backtraceINtNtCshw961UFXsya_4core6result6ResultuNtNtCsfVXW7bATEob_5alloc6string6StringEFEBQ_EB2_
      in /data/projects/franken_alignment_wave4_gate2_20260908/.rch-target/release/build/fa-reference/e669633187e11169/out/profile_costs-e669633187e11169
    _RNCNvCslSvshESn9jA_4test8run_test0B3_
      in /data/projects/franken_alignment_wave4_gate2_20260908/.rch-target/release/build/fa-reference/e669633187e11169/out/profile_costs-e669633187e11169
    _RINvNtNtCs88x0hlevqs9_3std3sys9backtrace28___rust_begin_short_backtraceNCNvCslSvshESn9jA_4test8run_tests_0uEB1b_
      in /data/projects/franken_alignment_wave4_gate2_20260908/.rch-target/release/build/fa-reference/e669633187e11169/out/profile_costs-e669633187e11169
    _RNSNvYNCINvNtNtCs88x0hlevqs9_3std6thread9lifecycle15spawn_uncheckedNCNvCslSvshESn9jA_4test8run_tests_0uEs_0INtNtNtCshw961UFXsya_4core3ops8function6FnOnceuE9call_once6vtableB17_
      in /data/projects/franken_alignment_wave4_gate2_20260908/.rch-target/release/build/fa-reference/e669633187e11169/out/profile_costs-e669633187e11169
    _RNvNvMs0_NtNtNtCs88x0hlevqs9_3std3sys6thread4unixNtB7_6Thread3new12thread_start
      in /data/projects/franken_alignment_wave4_gate2_20260908/.rch-target/release/build/fa-reference/e669633187e11169/out/profile_costs-e669633187e11169
    start_thread
      at ./nptl/pthread_create.c:454
      in /usr/lib/x86_64-linux-gnu/libc.so.6
    __clone3
      at ../sysdeps/unix/sysv/linux/x86_64/clone3.S:78
      in /usr/lib/x86_64-linux-gnu/libc.so.6
12 calls with 0B peak consumption from:
    _RNvYNCNvCsd1K78oRme2b_13profile_costs69fixed_reference_profile_costs_are_descriptive_and_assert_all_outcomes0INtNtNtCshw961UFXsya_4core3ops8function6FnOnceuE9call_onceB6_
      in /data/projects/franken_alignment_wave4_gate2_20260908/.rch-target/release/build/fa-reference/e669633187e11169/out/profile_costs-e669633187e11169
    _RINvCslSvshESn9jA_4test28___rust_begin_short_backtraceINtNtCshw961UFXsya_4core6result6ResultuNtNtCsfVXW7bATEob_5alloc6string6StringEFEBQ_EB2_
      in /data/projects/franken_alignment_wave4_gate2_20260908/.rch-target/release/build/fa-reference/e669633187e11169/out/profile_costs-e669633187e11169
    _RNCNvCslSvshESn9jA_4test8run_test0B3_
      in /data/projects/franken_alignment_wave4_gate2_20260908/.rch-target/release/build/fa-reference/e669633187e11169/out/profile_costs-e669633187e11169
    _RINvNtNtCs88x0hlevqs9_3std3sys9backtrace28___rust_begin_short_backtraceNCNvCslSvshESn9jA_4test8run_tests_0uEB1b_
      in /data/projects/franken_alignment_wave4_gate2_20260908/.rch-target/release/build/fa-reference/e669633187e11169/out/profile_costs-e669633187e11169
    _RNSNvYNCINvNtNtCs88x0hlevqs9_3std6thread9lifecycle15spawn_uncheckedNCNvCslSvshESn9jA_4test8run_tests_0uEs_0INtNtNtCshw961UFXsya_4core3ops8function6FnOnceuE9call_once6vtableB17_
      in /data/projects/franken_alignment_wave4_gate2_20260908/.rch-target/release/build/fa-reference/e669633187e11169/out/profile_costs-e669633187e11169
    _RNvNvMs0_NtNtNtCs88x0hlevqs9_3std3sys6thread4unixNtB7_6Thread3new12thread_start
      in /data/projects/franken_alignment_wave4_gate2_20260908/.rch-target/release/build/fa-reference/e669633187e11169/out/profile_costs-e669633187e11169
    start_thread
      at ./nptl/pthread_create.c:454
      in /usr/lib/x86_64-linux-gnu/libc.so.6
    __clone3
      at ../sysdeps/unix/sysv/linux/x86_64/clone3.S:78
      in /usr/lib/x86_64-linux-gnu/libc.so.6
  and 76 from 17 other places

108 calls to allocation functions with 0B peak consumption from
_RNvMs4_NtCsbx1baUgb63R_12fa_reference11strict_jsonNtB5_6Parser11parse_value
  in /data/projects/franken_alignment_wave4_gate2_20260908/.rch-target/release/build/fa-reference/e669633187e11169/out/profile_costs-e669633187e11169
36 calls with 0B peak consumption from:
    _RNvMs4_NtCsbx1baUgb63R_12fa_reference11strict_jsonNtB5_6Parser12parse_object
      in /data/projects/franken_alignment_wave4_gate2_20260908/.rch-target/release/build/fa-reference/e669633187e11169/out/profile_costs-e669633187e11169
    _RNvNtCsbx1baUgb63R_12fa_reference11strict_json5parse
      in /data/projects/franken_alignment_wave4_gate2_20260908/.rch-target/release/build/fa-reference/e669633187e11169/out/profile_costs-e669633187e11169
    _RNvNtCsbx1baUgb63R_12fa_reference14canonical_json16decode_canonical
      in /data/projects/franken_alignment_wave4_gate2_20260908/.rch-target/release/build/fa-reference/e669633187e11169/out/profile_costs-e669633187e11169
    _RNvCsd1K78oRme2b_13profile_costs9roundtrip
      in /data/projects/franken_alignment_wave4_gate2_20260908/.rch-target/release/build/fa-reference/e669633187e11169/out/profile_costs-e669633187e11169
    _RNvCsd1K78oRme2b_13profile_costss_69fixed_reference_profile_costs_are_descriptive_and_assert_all_outcomes
      in /data/projects/franken_alignment_wave4_gate2_20260908/.rch-target/release/build/fa-reference/e669633187e11169/out/profile_costs-e669633187e11169
    _RNvYNCNvCsd1K78oRme2b_13profile_costs69fixed_reference_profile_costs_are_descriptive_and_assert_all_outcomes0INtNtNtCshw961UFXsya_4core3ops8function6FnOnceuE9call_onceB6_
      in /data/projects/franken_alignment_wave4_gate2_20260908/.rch-target/release/build/fa-reference/e669633187e11169/out/profile_costs-e669633187e11169
    _RINvCslSvshESn9jA_4test28___rust_begin_short_backtraceINtNtCshw961UFXsya_4core6result6ResultuNtNtCsfVXW7bATEob_5alloc6string6StringEFEBQ_EB2_
      in /data/projects/franken_alignment_wave4_gate2_20260908/.rch-target/release/build/fa-reference/e669633187e11169/out/profile_costs-e669633187e11169
    _RNCNvCslSvshESn9jA_4test8run_test0B3_
      in /data/projects/franken_alignment_wave4_gate2_20260908/.rch-target/release/build/fa-reference/e669633187e11169/out/profile_costs-e669633187e11169
    _RINvNtNtCs88x0hlevqs9_3std3sys9backtrace28___rust_begin_short_backtraceNCNvCslSvshESn9jA_4test8run_tests_0uEB1b_
      in /data/projects/franken_alignment_wave4_gate2_20260908/.rch-target/release/build/fa-reference/e669633187e11169/out/profile_costs-e669633187e11169
    _RNSNvYNCINvNtNtCs88x0hlevqs9_3std6thread9lifecycle15spawn_uncheckedNCNvCslSvshESn9jA_4test8run_tests_0uEs_0INtNtNtCshw961UFXsya_4core3ops8function6FnOnceuE9call_once6vtableB17_
      in /data/projects/franken_alignment_wave4_gate2_20260908/.rch-target/release/build/fa-reference/e669633187e11169/out/profile_costs-e669633187e11169
    _RNvNvMs0_NtNtNtCs88x0hlevqs9_3std3sys6thread4unixNtB7_6Thread3new12thread_start
      in /data/projects/franken_alignment_wave4_gate2_20260908/.rch-target/release/build/fa-reference/e669633187e11169/out/profile_costs-e669633187e11169
    start_thread
      at ./nptl/pthread_create.c:454
      in /usr/lib/x86_64-linux-gnu/libc.so.6
    __clone3
      at ../sysdeps/unix/sysv/linux/x86_64/clone3.S:78
      in /usr/lib/x86_64-linux-gnu/libc.so.6
36 calls with 0B peak consumption from:
    _RNvMs4_NtCsbx1baUgb63R_12fa_reference11strict_jsonNtB5_6Parser12parse_object
      in /data/projects/franken_alignment_wave4_gate2_20260908/.rch-target/release/build/fa-reference/e669633187e11169/out/profile_costs-e669633187e11169
    _RNvNtCsbx1baUgb63R_12fa_reference11strict_json5parse
      in /data/projects/franken_alignment_wave4_gate2_20260908/.rch-target/release/build/fa-reference/e669633187e11169/out/profile_costs-e669633187e11169
    _RNvNtCsbx1baUgb63R_12fa_reference14canonical_json16decode_canonical
      in /data/projects/franken_alignment_wave4_gate2_20260908/.rch-target/release/build/fa-reference/e669633187e11169/out/profile_costs-e669633187e11169
    _RNvCsd1K78oRme2b_13profile_costs9roundtrip
      in /data/projects/franken_alignment_wave4_gate2_20260908/.rch-target/release/build/fa-reference/e669633187e11169/out/profile_costs-e669633187e11169
    _RNvCsd1K78oRme2b_13profile_costss_69fixed_reference_profile_costs_are_descriptive_and_assert_all_outcomes
      in /data/projects/franken_alignment_wave4_gate2_20260908/.rch-target/release/build/fa-reference/e669633187e11169/out/profile_costs-e669633187e11169
    _RNvYNCNvCsd1K78oRme2b_13profile_costs69fixed_reference_profile_costs_are_descriptive_and_assert_all_outcomes0INtNtNtCshw961UFXsya_4core3ops8function6FnOnceuE9call_onceB6_
      in /data/projects/franken_alignment_wave4_gate2_20260908/.rch-target/release/build/fa-reference/e669633187e11169/out/profile_costs-e669633187e11169
    _RINvCslSvshESn9jA_4test28___rust_begin_short_backtraceINtNtCshw961UFXsya_4core6result6ResultuNtNtCsfVXW7bATEob_5alloc6string6StringEFEBQ_EB2_
      in /data/projects/franken_alignment_wave4_gate2_20260908/.rch-target/release/build/fa-reference/e669633187e11169/out/profile_costs-e669633187e11169
    _RNCNvCslSvshESn9jA_4test8run_test0B3_
      in /data/projects/franken_alignment_wave4_gate2_20260908/.rch-target/release/build/fa-reference/e669633187e11169/out/profile_costs-e669633187e11169
    _RINvNtNtCs88x0hlevqs9_3std3sys9backtrace28___rust_begin_short_backtraceNCNvCslSvshESn9jA_4test8run_tests_0uEB1b_
      in /data/projects/franken_alignment_wave4_gate2_20260908/.rch-target/release/build/fa-reference/e669633187e11169/out/profile_costs-e669633187e11169
    _RNSNvYNCINvNtNtCs88x0hlevqs9_3std6thread9lifecycle15spawn_uncheckedNCNvCslSvshESn9jA_4test8run_tests_0uEs_0INtNtNtCshw961UFXsya_4core3ops8function6FnOnceuE9call_once6vtableB17_
      in /data/projects/franken_alignment_wave4_gate2_20260908/.rch-target/release/build/fa-reference/e669633187e11169/out/profile_costs-e669633187e11169
    _RNvNvMs0_NtNtNtCs88x0hlevqs9_3std3sys6thread4unixNtB7_6Thread3new12thread_start
      in /data/projects/franken_alignment_wave4_gate2_20260908/.rch-target/release/build/fa-reference/e669633187e11169/out/profile_costs-e669633187e11169
    start_thread
      at ./nptl/pthread_create.c:454
      in /usr/lib/x86_64-linux-gnu/libc.so.6
    __clone3
      at ../sysdeps/unix/sysv/linux/x86_64/clone3.S:78
      in /usr/lib/x86_64-linux-gnu/libc.so.6
36 calls with 0B peak consumption from:
    _RNvMs4_NtCsbx1baUgb63R_12fa_reference11strict_jsonNtB5_6Parser12parse_object
      in /data/projects/franken_alignment_wave4_gate2_20260908/.rch-target/release/build/fa-reference/e669633187e11169/out/profile_costs-e669633187e11169
    _RNvNtCsbx1baUgb63R_12fa_reference11strict_json5parse
      in /data/projects/franken_alignment_wave4_gate2_20260908/.rch-target/release/build/fa-reference/e669633187e11169/out/profile_costs-e669633187e11169
    _RNvNtCsbx1baUgb63R_12fa_reference14canonical_json16decode_canonical
      in /data/projects/franken_alignment_wave4_gate2_20260908/.rch-target/release/build/fa-reference/e669633187e11169/out/profile_costs-e669633187e11169
    _RNvCsd1K78oRme2b_13profile_costss_69fixed_reference_profile_costs_are_descriptive_and_assert_all_outcomes
      in /data/projects/franken_alignment_wave4_gate2_20260908/.rch-target/release/build/fa-reference/e669633187e11169/out/profile_costs-e669633187e11169
    _RNvYNCNvCsd1K78oRme2b_13profile_costs69fixed_reference_profile_costs_are_descriptive_and_assert_all_outcomes0INtNtNtCshw961UFXsya_4core3ops8function6FnOnceuE9call_onceB6_
      in /data/projects/franken_alignment_wave4_gate2_20260908/.rch-target/release/build/fa-reference/e669633187e11169/out/profile_costs-e669633187e11169
    _RINvCslSvshESn9jA_4test28___rust_begin_short_backtraceINtNtCshw961UFXsya_4core6result6ResultuNtNtCsfVXW7bATEob_5alloc6string6StringEFEBQ_EB2_
      in /data/projects/franken_alignment_wave4_gate2_20260908/.rch-target/release/build/fa-reference/e669633187e11169/out/profile_costs-e669633187e11169
    _RNCNvCslSvshESn9jA_4test8run_test0B3_
      in /data/projects/franken_alignment_wave4_gate2_20260908/.rch-target/release/build/fa-reference/e669633187e11169/out/profile_costs-e669633187e11169
    _RINvNtNtCs88x0hlevqs9_3std3sys9backtrace28___rust_begin_short_backtraceNCNvCslSvshESn9jA_4test8run_tests_0uEB1b_
      in /data/projects/franken_alignment_wave4_gate2_20260908/.rch-target/release/build/fa-reference/e669633187e11169/out/profile_costs-e669633187e11169
    _RNSNvYNCINvNtNtCs88x0hlevqs9_3std6thread9lifecycle15spawn_uncheckedNCNvCslSvshESn9jA_4test8run_tests_0uEs_0INtNtNtCshw961UFXsya_4core3ops8function6FnOnceuE9call_once6vtableB17_
      in /data/projects/franken_alignment_wave4_gate2_20260908/.rch-target/release/build/fa-reference/e669633187e11169/out/profile_costs-e669633187e11169
    _RNvNvMs0_NtNtNtCs88x0hlevqs9_3std3sys6thread4unixNtB7_6Thread3new12thread_start
      in /data/projects/franken_alignment_wave4_gate2_20260908/.rch-target/release/build/fa-reference/e669633187e11169/out/profile_costs-e669633187e11169
    start_thread
      at ./nptl/pthread_create.c:454
      in /usr/lib/x86_64-linux-gnu/libc.so.6
    __clone3
      at ../sysdeps/unix/sysv/linux/x86_64/clone3.S:78
      in /usr/lib/x86_64-linux-gnu/libc.so.6

74 calls to allocation functions with 88B peak consumption from
_RNvNtCsbx1baUgb63R_12fa_reference14canonical_json12digest_array
  in /data/projects/franken_alignment_wave4_gate2_20260908/.rch-target/release/build/fa-reference/e669633187e11169/out/profile_costs-e669633187e11169
12 calls with 0B peak consumption from:
    _RNvNtCsbx1baUgb63R_12fa_reference14canonical_json14validate_claim
      in /data/projects/franken_alignment_wave4_gate2_20260908/.rch-target/release/build/fa-reference/e669633187e11169/out/profile_costs-e669633187e11169
    _RNvNtCsbx1baUgb63R_12fa_reference14canonical_json13validate_json
      in /data/projects/franken_alignment_wave4_gate2_20260908/.rch-target/release/build/fa-reference/e669633187e11169/out/profile_costs-e669633187e11169
    _RNvNtCsbx1baUgb63R_12fa_reference14canonical_json16decode_canonical
      in /data/projects/franken_alignment_wave4_gate2_20260908/.rch-target/release/build/fa-reference/e669633187e11169/out/profile_costs-e669633187e11169
    _RNvCsd1K78oRme2b_13profile_costs9roundtrip
      in /data/projects/franken_alignment_wave4_gate2_20260908/.rch-target/release/build/fa-reference/e669633187e11169/out/profile_costs-e669633187e11169
    _RNvCsd1K78oRme2b_13profile_costss_69fixed_reference_profile_costs_are_descriptive_and_assert_all_outcomes
      in /data/projects/franken_alignment_wave4_gate2_20260908/.rch-target/release/build/fa-reference/e669633187e11169/out/profile_costs-e669633187e11169
    _RNvYNCNvCsd1K78oRme2b_13profile_costs69fixed_reference_profile_costs_are_descriptive_and_assert_all_outcomes0INtNtNtCshw961UFXsya_4core3ops8function6FnOnceuE9call_onceB6_
      in /data/projects/franken_alignment_wave4_gate2_20260908/.rch-target/release/build/fa-reference/e669633187e11169/out/profile_costs-e669633187e11169
    _RINvCslSvshESn9jA_4test28___rust_begin_short_backtraceINtNtCshw961UFXsya_4core6result6ResultuNtNtCsfVXW7bATEob_5alloc6string6StringEFEBQ_EB2_
      in /data/projects/franken_alignment_wave4_gate2_20260908/.rch-target/release/build/fa-reference/e669633187e11169/out/profile_costs-e669633187e11169
    _RNCNvCslSvshESn9jA_4test8run_test0B3_
      in /data/projects/franken_alignment_wave4_gate2_20260908/.rch-target/release/build/fa-reference/e669633187e11169/out/profile_costs-e669633187e11169
    _RINvNtNtCs88x0hlevqs9_3std3sys9backtrace28___rust_begin_short_backtraceNCNvCslSvshESn9jA_4test8run_tests_0uEB1b_
      in /data/projects/franken_alignment_wave4_gate2_20260908/.rch-target/release/build/fa-reference/e669633187e11169/out/profile_costs-e669633187e11169
    _RNSNvYNCINvNtNtCs88x0hlevqs9_3std6thread9lifecycle15spawn_uncheckedNCNvCslSvshESn9jA_4test8run_tests_0uEs_0INtNtNtCshw961UFXsya_4core3ops8function6FnOnceuE9call_once6vtableB17_
      in /data/projects/franken_alignment_wave4_gate2_20260908/.rch-target/release/build/fa-reference/e669633187e11169/out/profile_costs-e669633187e11169
    _RNvNvMs0_NtNtNtCs88x0hlevqs9_3std3sys6thread4unixNtB7_6Thread3new12thread_start
      in /data/projects/franken_alignment_wave4_gate2_20260908/.rch-target/release/build/fa-reference/e669633187e11169/out/profile_costs-e669633187e11169
    start_thread
      at ./nptl/pthread_create.c:454
      in /usr/lib/x86_64-linux-gnu/libc.so.6
    __clone3
      at ../sysdeps/unix/sysv/linux/x86_64/clone3.S:78
      in /usr/lib/x86_64-linux-gnu/libc.so.6
12 calls with 0B peak consumption from:
    _RNvNtCsbx1baUgb63R_12fa_reference14canonical_json14validate_claim
      in /data/projects/franken_alignment_wave4_gate2_20260908/.rch-target/release/build/fa-reference/e669633187e11169/out/profile_costs-e669633187e11169
    _RNvNtCsbx1baUgb63R_12fa_reference14canonical_json13validate_json
      in /data/projects/franken_alignment_wave4_gate2_20260908/.rch-target/release/build/fa-reference/e669633187e11169/out/profile_costs-e669633187e11169
    _RNvNtCsbx1baUgb63R_12fa_reference14canonical_json16decode_canonical
      in /data/projects/franken_alignment_wave4_gate2_20260908/.rch-target/release/build/fa-reference/e669633187e11169/out/profile_costs-e669633187e11169
    _RNvCsd1K78oRme2b_13profile_costs9roundtrip
      in /data/projects/franken_alignment_wave4_gate2_20260908/.rch-target/release/build/fa-reference/e669633187e11169/out/profile_costs-e669633187e11169
    _RNvCsd1K78oRme2b_13profile_costss_69fixed_reference_profile_costs_are_descriptive_and_assert_all_outcomes
      in /data/projects/franken_alignment_wave4_gate2_20260908/.rch-target/release/build/fa-reference/e669633187e11169/out/profile_costs-e669633187e11169
    _RNvYNCNvCsd1K78oRme2b_13profile_costs69fixed_reference_profile_costs_are_descriptive_and_assert_all_outcomes0INtNtNtCshw961UFXsya_4core3ops8function6FnOnceuE9call_onceB6_
      in /data/projects/franken_alignment_wave4_gate2_20260908/.rch-target/release/build/fa-reference/e669633187e11169/out/profile_costs-e669633187e11169
    _RINvCslSvshESn9jA_4test28___rust_begin_short_backtraceINtNtCshw961UFXsya_4core6result6ResultuNtNtCsfVXW7bATEob_5alloc6string6StringEFEBQ_EB2_
      in /data/projects/franken_alignment_wave4_gate2_20260908/.rch-target/release/build/fa-reference/e669633187e11169/out/profile_costs-e669633187e11169
    _RNCNvCslSvshESn9jA_4test8run_test0B3_
      in /data/projects/franken_alignment_wave4_gate2_20260908/.rch-target/release/build/fa-reference/e669633187e11169/out/profile_costs-e669633187e11169
    _RINvNtNtCs88x0hlevqs9_3std3sys9backtrace28___rust_begin_short_backtraceNCNvCslSvshESn9jA_4test8run_tests_0uEB1b_
      in /data/projects/franken_alignment_wave4_gate2_20260908/.rch-target/release/build/fa-reference/e669633187e11169/out/profile_costs-e669633187e11169
    _RNSNvYNCINvNtNtCs88x0hlevqs9_3std6thread9lifecycle15spawn_uncheckedNCNvCslSvshESn9jA_4test8run_tests_0uEs_0INtNtNtCshw961UFXsya_4core3ops8function6FnOnceuE9call_once6vtableB17_
      in /data/projects/franken_alignment_wave4_gate2_20260908/.rch-target/release/build/fa-reference/e669633187e11169/out/profile_costs-e669633187e11169
    _RNvNvMs0_NtNtNtCs88x0hlevqs9_3std3sys6thread4unixNtB7_6Thread3new12thread_start
      in /data/projects/franken_alignment_wave4_gate2_20260908/.rch-target/release/build/fa-reference/e669633187e11169/out/profile_costs-e669633187e11169
    start_thread
      at ./nptl/pthread_create.c:454
      in /usr/lib/x86_64-linux-gnu/libc.so.6
    __clone3
      at ../sysdeps/unix/sysv/linux/x86_64/clone3.S:78
      in /usr/lib/x86_64-linux-gnu/libc.so.6
12 calls with 0B peak consumption from:
    _RNvNtCsbx1baUgb63R_12fa_reference14canonical_json14validate_claim
      in /data/projects/franken_alignment_wave4_gate2_20260908/.rch-target/release/build/fa-reference/e669633187e11169/out/profile_costs-e669633187e11169
    _RNvNtCsbx1baUgb63R_12fa_reference14canonical_json13validate_json
      in /data/projects/franken_alignment_wave4_gate2_20260908/.rch-target/release/build/fa-reference/e669633187e11169/out/profile_costs-e669633187e11169
    _RNvCsd1K78oRme2b_13profile_costs19large_unicode_claim
      in /data/projects/franken_alignment_wave4_gate2_20260908/.rch-target/release/build/fa-reference/e669633187e11169/out/profile_costs-e669633187e11169
    _RNCNvCsd1K78oRme2b_13profile_costss_69fixed_reference_profile_costs_are_descriptive_and_assert_all_outcomess3_0B3_
      in /data/projects/franken_alignment_wave4_gate2_20260908/.rch-target/release/build/fa-reference/e669633187e11169/out/profile_costs-e669633187e11169
    _RNvCsd1K78oRme2b_13profile_costss_69fixed_reference_profile_costs_are_descriptive_and_assert_all_outcomes
      in /data/projects/franken_alignment_wave4_gate2_20260908/.rch-target/release/build/fa-reference/e669633187e11169/out/profile_costs-e669633187e11169
    _RNvYNCNvCsd1K78oRme2b_13profile_costs69fixed_reference_profile_costs_are_descriptive_and_assert_all_outcomes0INtNtNtCshw961UFXsya_4core3ops8function6FnOnceuE9call_onceB6_
      in /data/projects/franken_alignment_wave4_gate2_20260908/.rch-target/release/build/fa-reference/e669633187e11169/out/profile_costs-e669633187e11169
    _RINvCslSvshESn9jA_4test28___rust_begin_short_backtraceINtNtCshw961UFXsya_4core6result6ResultuNtNtCsfVXW7bATEob_5alloc6string6StringEFEBQ_EB2_
      in /data/projects/franken_alignment_wave4_gate2_20260908/.rch-target/release/build/fa-reference/e669633187e11169/out/profile_costs-e669633187e11169
    _RNCNvCslSvshESn9jA_4test8run_test0B3_
      in /data/projects/franken_alignment_wave4_gate2_20260908/.rch-target/release/build/fa-reference/e669633187e11169/out/profile_costs-e669633187e11169
    _RINvNtNtCs88x0hlevqs9_3std3sys9backtrace28___rust_begin_short_backtraceNCNvCslSvshESn9jA_4test8run_tests_0uEB1b_
      in /data/projects/franken_alignment_wave4_gate2_20260908/.rch-target/release/build/fa-reference/e669633187e11169/out/profile_costs-e669633187e11169
    _RNSNvYNCINvNtNtCs88x0hlevqs9_3std6thread9lifecycle15spawn_uncheckedNCNvCslSvshESn9jA_4test8run_tests_0uEs_0INtNtNtCshw961UFXsya_4core3ops8function6FnOnceuE9call_once6vtableB17_
      in /data/projects/franken_alignment_wave4_gate2_20260908/.rch-target/release/build/fa-reference/e669633187e11169/out/profile_costs-e669633187e11169
    _RNvNvMs0_NtNtNtCs88x0hlevqs9_3std3sys6thread4unixNtB7_6Thread3new12thread_start
      in /data/projects/franken_alignment_wave4_gate2_20260908/.rch-target/release/build/fa-reference/e669633187e11169/out/profile_costs-e669633187e11169
    start_thread
      at ./nptl/pthread_create.c:454
      in /usr/lib/x86_64-linux-gnu/libc.so.6
    __clone3
      at ../sysdeps/unix/sysv/linux/x86_64/clone3.S:78
      in /usr/lib/x86_64-linux-gnu/libc.so.6
  and 38 from 5 other places

74 calls to allocation functions with 8.20K peak consumption from
_RNvNtCsbx1baUgb63R_12fa_reference14canonical_json10text_field
  in /data/projects/franken_alignment_wave4_gate2_20260908/.rch-target/release/build/fa-reference/e669633187e11169/out/profile_costs-e669633187e11169
12 calls with 0B peak consumption from:
    _RNvNtCsbx1baUgb63R_12fa_reference14canonical_json14validate_claim
      in /data/projects/franken_alignment_wave4_gate2_20260908/.rch-target/release/build/fa-reference/e669633187e11169/out/profile_costs-e669633187e11169
    _RNvNtCsbx1baUgb63R_12fa_reference14canonical_json13validate_json
      in /data/projects/franken_alignment_wave4_gate2_20260908/.rch-target/release/build/fa-reference/e669633187e11169/out/profile_costs-e669633187e11169
    _RNvNtCsbx1baUgb63R_12fa_reference14canonical_json16decode_canonical
      in /data/projects/franken_alignment_wave4_gate2_20260908/.rch-target/release/build/fa-reference/e669633187e11169/out/profile_costs-e669633187e11169
    _RNvCsd1K78oRme2b_13profile_costs9roundtrip
      in /data/projects/franken_alignment_wave4_gate2_20260908/.rch-target/release/build/fa-reference/e669633187e11169/out/profile_costs-e669633187e11169
    _RNvCsd1K78oRme2b_13profile_costss_69fixed_reference_profile_costs_are_descriptive_and_assert_all_outcomes
      in /data/projects/franken_alignment_wave4_gate2_20260908/.rch-target/release/build/fa-reference/e669633187e11169/out/profile_costs-e669633187e11169
    _RNvYNCNvCsd1K78oRme2b_13profile_costs69fixed_reference_profile_costs_are_descriptive_and_assert_all_outcomes0INtNtNtCshw961UFXsya_4core3ops8function6FnOnceuE9call_onceB6_
      in /data/projects/franken_alignment_wave4_gate2_20260908/.rch-target/release/build/fa-reference/e669633187e11169/out/profile_costs-e669633187e11169
    _RINvCslSvshESn9jA_4test28___rust_begin_short_backtraceINtNtCshw961UFXsya_4core6result6ResultuNtNtCsfVXW7bATEob_5alloc6string6StringEFEBQ_EB2_
      in /data/projects/franken_alignment_wave4_gate2_20260908/.rch-target/release/build/fa-reference/e669633187e11169/out/profile_costs-e669633187e11169
    _RNCNvCslSvshESn9jA_4test8run_test0B3_
      in /data/projects/franken_alignment_wave4_gate2_20260908/.rch-target/release/build/fa-reference/e669633187e11169/out/profile_costs-e669633187e11169
    _RINvNtNtCs88x0hlevqs9_3std3sys9backtrace28___rust_begin_short_backtraceNCNvCslSvshESn9jA_4test8run_tests_0uEB1b_
      in /data/projects/franken_alignment_wave4_gate2_20260908/.rch-target/release/build/fa-reference/e669633187e11169/out/profile_costs-e669633187e11169
    _RNSNvYNCINvNtNtCs88x0hlevqs9_3std6thread9lifecycle15spawn_uncheckedNCNvCslSvshESn9jA_4test8run_tests_0uEs_0INtNtNtCshw961UFXsya_4core3ops8function6FnOnceuE9call_once6vtableB17_
      in /data/projects/franken_alignment_wave4_gate2_20260908/.rch-target/release/build/fa-reference/e669633187e11169/out/profile_costs-e669633187e11169
    _RNvNvMs0_NtNtNtCs88x0hlevqs9_3std3sys6thread4unixNtB7_6Thread3new12thread_start
      in /data/projects/franken_alignment_wave4_gate2_20260908/.rch-target/release/build/fa-reference/e669633187e11169/out/profile_costs-e669633187e11169
    start_thread
      at ./nptl/pthread_create.c:454
      in /usr/lib/x86_64-linux-gnu/libc.so.6
    __clone3
      at ../sysdeps/unix/sysv/linux/x86_64/clone3.S:78
      in /usr/lib/x86_64-linux-gnu/libc.so.6
12 calls with 0B peak consumption from:
    _RNvNtCsbx1baUgb63R_12fa_reference14canonical_json14validate_claim
      in /data/projects/franken_alignment_wave4_gate2_20260908/.rch-target/release/build/fa-reference/e669633187e11169/out/profile_costs-e669633187e11169
    _RNvNtCsbx1baUgb63R_12fa_reference14canonical_json13validate_json
      in /data/projects/franken_alignment_wave4_gate2_20260908/.rch-target/release/build/fa-reference/e669633187e11169/out/profile_costs-e669633187e11169
    _RNvNtCsbx1baUgb63R_12fa_reference14canonical_json16decode_canonical
      in /data/projects/franken_alignment_wave4_gate2_20260908/.rch-target/release/build/fa-reference/e669633187e11169/out/profile_costs-e669633187e11169
    _RNvCsd1K78oRme2b_13profile_costs9roundtrip
      in /data/projects/franken_alignment_wave4_gate2_20260908/.rch-target/release/build/fa-reference/e669633187e11169/out/profile_costs-e669633187e11169
    _RNvCsd1K78oRme2b_13profile_costss_69fixed_reference_profile_costs_are_descriptive_and_assert_all_outcomes
      in /data/projects/franken_alignment_wave4_gate2_20260908/.rch-target/release/build/fa-reference/e669633187e11169/out/profile_costs-e669633187e11169
    _RNvYNCNvCsd1K78oRme2b_13profile_costs69fixed_reference_profile_costs_are_descriptive_and_assert_all_outcomes0INtNtNtCshw961UFXsya_4core3ops8function6FnOnceuE9call_onceB6_
      in /data/projects/franken_alignment_wave4_gate2_20260908/.rch-target/release/build/fa-reference/e669633187e11169/out/profile_costs-e669633187e11169
    _RINvCslSvshESn9jA_4test28___rust_begin_short_backtraceINtNtCshw961UFXsya_4core6result6ResultuNtNtCsfVXW7bATEob_5alloc6string6StringEFEBQ_EB2_
      in /data/projects/franken_alignment_wave4_gate2_20260908/.rch-target/release/build/fa-reference/e669633187e11169/out/profile_costs-e669633187e11169
    _RNCNvCslSvshESn9jA_4test8run_test0B3_
      in /data/projects/franken_alignment_wave4_gate2_20260908/.rch-target/release/build/fa-reference/e669633187e11169/out/profile_costs-e669633187e11169
    _RINvNtNtCs88x0hlevqs9_3std3sys9backtrace28___rust_begin_short_backtraceNCNvCslSvshESn9jA_4test8run_tests_0uEB1b_
      in /data/projects/franken_alignment_wave4_gate2_20260908/.rch-target/release/build/fa-reference/e669633187e11169/out/profile_costs-e669633187e11169
    _RNSNvYNCINvNtNtCs88x0hlevqs9_3std6thread9lifecycle15spawn_uncheckedNCNvCslSvshESn9jA_4test8run_tests_0uEs_0INtNtNtCshw961UFXsya_4core3ops8function6FnOnceuE9call_once6vtableB17_
      in /data/projects/franken_alignment_wave4_gate2_20260908/.rch-target/release/build/fa-reference/e669633187e11169/out/profile_costs-e669633187e11169
    _RNvNvMs0_NtNtNtCs88x0hlevqs9_3std3sys6thread4unixNtB7_6Thread3new12thread_start
      in /data/projects/franken_alignment_wave4_gate2_20260908/.rch-target/release/build/fa-reference/e669633187e11169/out/profile_costs-e669633187e11169
    start_thread
      at ./nptl/pthread_create.c:454
      in /usr/lib/x86_64-linux-gnu/libc.so.6
    __clone3
      at ../sysdeps/unix/sysv/linux/x86_64/clone3.S:78
      in /usr/lib/x86_64-linux-gnu/libc.so.6
12 calls with 0B peak consumption from:
    _RNvNtCsbx1baUgb63R_12fa_reference14canonical_json14validate_claim
      in /data/projects/franken_alignment_wave4_gate2_20260908/.rch-target/release/build/fa-reference/e669633187e11169/out/profile_costs-e669633187e11169
    _RNvNtCsbx1baUgb63R_12fa_reference14canonical_json13validate_json
      in /data/projects/franken_alignment_wave4_gate2_20260908/.rch-target/release/build/fa-reference/e669633187e11169/out/profile_costs-e669633187e11169
    _RNvCsd1K78oRme2b_13profile_costs19large_unicode_claim
      in /data/projects/franken_alignment_wave4_gate2_20260908/.rch-target/release/build/fa-reference/e669633187e11169/out/profile_costs-e669633187e11169
    _RNCNvCsd1K78oRme2b_13profile_costss_69fixed_reference_profile_costs_are_descriptive_and_assert_all_outcomess3_0B3_
      in /data/projects/franken_alignment_wave4_gate2_20260908/.rch-target/release/build/fa-reference/e669633187e11169/out/profile_costs-e669633187e11169
    _RNvCsd1K78oRme2b_13profile_costss_69fixed_reference_profile_costs_are_descriptive_and_assert_all_outcomes
      in /data/projects/franken_alignment_wave4_gate2_20260908/.rch-target/release/build/fa-reference/e669633187e11169/out/profile_costs-e669633187e11169
    _RNvYNCNvCsd1K78oRme2b_13profile_costs69fixed_reference_profile_costs_are_descriptive_and_assert_all_outcomes0INtNtNtCshw961UFXsya_4core3ops8function6FnOnceuE9call_onceB6_
      in /data/projects/franken_alignment_wave4_gate2_20260908/.rch-target/release/build/fa-reference/e669633187e11169/out/profile_costs-e669633187e11169
    _RINvCslSvshESn9jA_4test28___rust_begin_short_backtraceINtNtCshw961UFXsya_4core6result6ResultuNtNtCsfVXW7bATEob_5alloc6string6StringEFEBQ_EB2_
      in /data/projects/franken_alignment_wave4_gate2_20260908/.rch-target/release/build/fa-reference/e669633187e11169/out/profile_costs-e669633187e11169
    _RNCNvCslSvshESn9jA_4test8run_test0B3_
      in /data/projects/franken_alignment_wave4_gate2_20260908/.rch-target/release/build/fa-reference/e669633187e11169/out/profile_costs-e669633187e11169
    _RINvNtNtCs88x0hlevqs9_3std3sys9backtrace28___rust_begin_short_backtraceNCNvCslSvshESn9jA_4test8run_tests_0uEB1b_
      in /data/projects/franken_alignment_wave4_gate2_20260908/.rch-target/release/build/fa-reference/e669633187e11169/out/profile_costs-e669633187e11169
    _RNSNvYNCINvNtNtCs88x0hlevqs9_3std6thread9lifecycle15spawn_uncheckedNCNvCslSvshESn9jA_4test8run_tests_0uEs_0INtNtNtCshw961UFXsya_4core3ops8function6FnOnceuE9call_once6vtableB17_
      in /data/projects/franken_alignment_wave4_gate2_20260908/.rch-target/release/build/fa-reference/e669633187e11169/out/profile_costs-e669633187e11169
    _RNvNvMs0_NtNtNtCs88x0hlevqs9_3std3sys6thread4unixNtB7_6Thread3new12thread_start
      in /data/projects/franken_alignment_wave4_gate2_20260908/.rch-target/release/build/fa-reference/e669633187e11169/out/profile_costs-e669633187e11169
    start_thread
      at ./nptl/pthread_create.c:454
      in /usr/lib/x86_64-linux-gnu/libc.so.6
    __clone3
      at ../sysdeps/unix/sysv/linux/x86_64/clone3.S:78
      in /usr/lib/x86_64-linux-gnu/libc.so.6
  and 38 from 5 other places

72 calls to allocation functions with 0B peak consumption from
_RNvNtCsbx1baUgb63R_12fa_reference7history15validate_config.llvm.5784149735846637912
  in /data/projects/franken_alignment_wave4_gate2_20260908/.rch-target/release/build/fa-reference/e669633187e11169/out/profile_costs-e669633187e11169
12 calls with 0B peak consumption from:
    _RNvCsd1K78oRme2b_13profile_costss_69fixed_reference_profile_costs_are_descriptive_and_assert_all_outcomes
      in /data/projects/franken_alignment_wave4_gate2_20260908/.rch-target/release/build/fa-reference/e669633187e11169/out/profile_costs-e669633187e11169
    _RNvYNCNvCsd1K78oRme2b_13profile_costs69fixed_reference_profile_costs_are_descriptive_and_assert_all_outcomes0INtNtNtCshw961UFXsya_4core3ops8function6FnOnceuE9call_onceB6_
      in /data/projects/franken_alignment_wave4_gate2_20260908/.rch-target/release/build/fa-reference/e669633187e11169/out/profile_costs-e669633187e11169
    _RINvCslSvshESn9jA_4test28___rust_begin_short_backtraceINtNtCshw961UFXsya_4core6result6ResultuNtNtCsfVXW7bATEob_5alloc6string6StringEFEBQ_EB2_
      in /data/projects/franken_alignment_wave4_gate2_20260908/.rch-target/release/build/fa-reference/e669633187e11169/out/profile_costs-e669633187e11169
    _RNCNvCslSvshESn9jA_4test8run_test0B3_
      in /data/projects/franken_alignment_wave4_gate2_20260908/.rch-target/release/build/fa-reference/e669633187e11169/out/profile_costs-e669633187e11169
    _RINvNtNtCs88x0hlevqs9_3std3sys9backtrace28___rust_begin_short_backtraceNCNvCslSvshESn9jA_4test8run_tests_0uEB1b_
      in /data/projects/franken_alignment_wave4_gate2_20260908/.rch-target/release/build/fa-reference/e669633187e11169/out/profile_costs-e669633187e11169
    _RNSNvYNCINvNtNtCs88x0hlevqs9_3std6thread9lifecycle15spawn_uncheckedNCNvCslSvshESn9jA_4test8run_tests_0uEs_0INtNtNtCshw961UFXsya_4core3ops8function6FnOnceuE9call_once6vtableB17_
      in /data/projects/franken_alignment_wave4_gate2_20260908/.rch-target/release/build/fa-reference/e669633187e11169/out/profile_costs-e669633187e11169
    _RNvNvMs0_NtNtNtCs88x0hlevqs9_3std3sys6thread4unixNtB7_6Thread3new12thread_start
      in /data/projects/franken_alignment_wave4_gate2_20260908/.rch-target/release/build/fa-reference/e669633187e11169/out/profile_costs-e669633187e11169
    start_thread
      at ./nptl/pthread_create.c:454
      in /usr/lib/x86_64-linux-gnu/libc.so.6
    __clone3
      at ../sysdeps/unix/sysv/linux/x86_64/clone3.S:78
      in /usr/lib/x86_64-linux-gnu/libc.so.6
12 calls with 0B peak consumption from:
    _RNvNtCsbx1baUgb63R_12fa_reference7history6replay
      in /data/projects/franken_alignment_wave4_gate2_20260908/.rch-target/release/build/fa-reference/e669633187e11169/out/profile_costs-e669633187e11169
    _RNvCsd1K78oRme2b_13profile_costss_69fixed_reference_profile_costs_are_descriptive_and_assert_all_outcomes
      in /data/projects/franken_alignment_wave4_gate2_20260908/.rch-target/release/build/fa-reference/e669633187e11169/out/profile_costs-e669633187e11169
    _RNvYNCNvCsd1K78oRme2b_13profile_costs69fixed_reference_profile_costs_are_descriptive_and_assert_all_outcomes0INtNtNtCshw961UFXsya_4core3ops8function6FnOnceuE9call_onceB6_
      in /data/projects/franken_alignment_wave4_gate2_20260908/.rch-target/release/build/fa-reference/e669633187e11169/out/profile_costs-e669633187e11169
    _RINvCslSvshESn9jA_4test28___rust_begin_short_backtraceINtNtCshw961UFXsya_4core6result6ResultuNtNtCsfVXW7bATEob_5alloc6string6StringEFEBQ_EB2_
      in /data/projects/franken_alignment_wave4_gate2_20260908/.rch-target/release/build/fa-reference/e669633187e11169/out/profile_costs-e669633187e11169
    _RNCNvCslSvshESn9jA_4test8run_test0B3_
      in /data/projects/franken_alignment_wave4_gate2_20260908/.rch-target/release/build/fa-reference/e669633187e11169/out/profile_costs-e669633187e11169
    _RINvNtNtCs88x0hlevqs9_3std3sys9backtrace28___rust_begin_short_backtraceNCNvCslSvshESn9jA_4test8run_tests_0uEB1b_
      in /data/projects/franken_alignment_wave4_gate2_20260908/.rch-target/release/build/fa-reference/e669633187e11169/out/profile_costs-e669633187e11169
    _RNSNvYNCINvNtNtCs88x0hlevqs9_3std6thread9lifecycle15spawn_uncheckedNCNvCslSvshESn9jA_4test8run_tests_0uEs_0INtNtNtCshw961UFXsya_4core3ops8function6FnOnceuE9call_once6vtableB17_
      in /data/projects/franken_alignment_wave4_gate2_20260908/.rch-target/release/build/fa-reference/e669633187e11169/out/profile_costs-e669633187e11169
    _RNvNvMs0_NtNtNtCs88x0hlevqs9_3std3sys6thread4unixNtB7_6Thread3new12thread_start
      in /data/projects/franken_alignment_wave4_gate2_20260908/.rch-target/release/build/fa-reference/e669633187e11169/out/profile_costs-e669633187e11169
    start_thread
      at ./nptl/pthread_create.c:454
      in /usr/lib/x86_64-linux-gnu/libc.so.6
    __clone3
      at ../sysdeps/unix/sysv/linux/x86_64/clone3.S:78
      in /usr/lib/x86_64-linux-gnu/libc.so.6
12 calls with 0B peak consumption from:
    _RNvCsd1K78oRme2b_13profile_costss_69fixed_reference_profile_costs_are_descriptive_and_assert_all_outcomes
      in /data/projects/franken_alignment_wave4_gate2_20260908/.rch-target/release/build/fa-reference/e669633187e11169/out/profile_costs-e669633187e11169
    _RNvYNCNvCsd1K78oRme2b_13profile_costs69fixed_reference_profile_costs_are_descriptive_and_assert_all_outcomes0INtNtNtCshw961UFXsya_4core3ops8function6FnOnceuE9call_onceB6_
      in /data/projects/franken_alignment_wave4_gate2_20260908/.rch-target/release/build/fa-reference/e669633187e11169/out/profile_costs-e669633187e11169
    _RINvCslSvshESn9jA_4test28___rust_begin_short_backtraceINtNtCshw961UFXsya_4core6result6ResultuNtNtCsfVXW7bATEob_5alloc6string6StringEFEBQ_EB2_
      in /data/projects/franken_alignment_wave4_gate2_20260908/.rch-target/release/build/fa-reference/e669633187e11169/out/profile_costs-e669633187e11169
    _RNCNvCslSvshESn9jA_4test8run_test0B3_
      in /data/projects/franken_alignment_wave4_gate2_20260908/.rch-target/release/build/fa-reference/e669633187e11169/out/profile_costs-e669633187e11169
    _RINvNtNtCs88x0hlevqs9_3std3sys9backtrace28___rust_begin_short_backtraceNCNvCslSvshESn9jA_4test8run_tests_0uEB1b_
      in /data/projects/franken_alignment_wave4_gate2_20260908/.rch-target/release/build/fa-reference/e669633187e11169/out/profile_costs-e669633187e11169
    _RNSNvYNCINvNtNtCs88x0hlevqs9_3std6thread9lifecycle15spawn_uncheckedNCNvCslSvshESn9jA_4test8run_tests_0uEs_0INtNtNtCshw961UFXsya_4core3ops8function6FnOnceuE9call_once6vtableB17_
      in /data/projects/franken_alignment_wave4_gate2_20260908/.rch-target/release/build/fa-reference/e669633187e11169/out/profile_costs-e669633187e11169
    _RNvNvMs0_NtNtNtCs88x0hlevqs9_3std3sys6thread4unixNtB7_6Thread3new12thread_start
      in /data/projects/franken_alignment_wave4_gate2_20260908/.rch-target/release/build/fa-reference/e669633187e11169/out/profile_costs-e669633187e11169
    start_thread
      at ./nptl/pthread_create.c:454
      in /usr/lib/x86_64-linux-gnu/libc.so.6
    __clone3
      at ../sysdeps/unix/sysv/linux/x86_64/clone3.S:78
      in /usr/lib/x86_64-linux-gnu/libc.so.6
  and 36 from 3 other places

72 calls to allocation functions with 0B peak consumption from
_RNvCsd1K78oRme2b_13profile_costs15successful_lane
  in /data/projects/franken_alignment_wave4_gate2_20260908/.rch-target/release/build/fa-reference/e669633187e11169/out/profile_costs-e669633187e11169
12 calls with 0B peak consumption from:
    _RNvCsd1K78oRme2b_13profile_costss_69fixed_reference_profile_costs_are_descriptive_and_assert_all_outcomes
      in /data/projects/franken_alignment_wave4_gate2_20260908/.rch-target/release/build/fa-reference/e669633187e11169/out/profile_costs-e669633187e11169
    _RNvYNCNvCsd1K78oRme2b_13profile_costs69fixed_reference_profile_costs_are_descriptive_and_assert_all_outcomes0INtNtNtCshw961UFXsya_4core3ops8function6FnOnceuE9call_onceB6_
      in /data/projects/franken_alignment_wave4_gate2_20260908/.rch-target/release/build/fa-reference/e669633187e11169/out/profile_costs-e669633187e11169
    _RINvCslSvshESn9jA_4test28___rust_begin_short_backtraceINtNtCshw961UFXsya_4core6result6ResultuNtNtCsfVXW7bATEob_5alloc6string6StringEFEBQ_EB2_
      in /data/projects/franken_alignment_wave4_gate2_20260908/.rch-target/release/build/fa-reference/e669633187e11169/out/profile_costs-e669633187e11169
    _RNCNvCslSvshESn9jA_4test8run_test0B3_
      in /data/projects/franken_alignment_wave4_gate2_20260908/.rch-target/release/build/fa-reference/e669633187e11169/out/profile_costs-e669633187e11169
    _RINvNtNtCs88x0hlevqs9_3std3sys9backtrace28___rust_begin_short_backtraceNCNvCslSvshESn9jA_4test8run_tests_0uEB1b_
      in /data/projects/franken_alignment_wave4_gate2_20260908/.rch-target/release/build/fa-reference/e669633187e11169/out/profile_costs-e669633187e11169
    _RNSNvYNCINvNtNtCs88x0hlevqs9_3std6thread9lifecycle15spawn_uncheckedNCNvCslSvshESn9jA_4test8run_tests_0uEs_0INtNtNtCshw961UFXsya_4core3ops8function6FnOnceuE9call_once6vtableB17_
      in /data/projects/franken_alignment_wave4_gate2_20260908/.rch-target/release/build/fa-reference/e669633187e11169/out/profile_costs-e669633187e11169
    _RNvNvMs0_NtNtNtCs88x0hlevqs9_3std3sys6thread4unixNtB7_6Thread3new12thread_start
      in /data/projects/franken_alignment_wave4_gate2_20260908/.rch-target/release/build/fa-reference/e669633187e11169/out/profile_costs-e669633187e11169
    start_thread
      at ./nptl/pthread_create.c:454
      in /usr/lib/x86_64-linux-gnu/libc.so.6
    __clone3
      at ../sysdeps/unix/sysv/linux/x86_64/clone3.S:78
      in /usr/lib/x86_64-linux-gnu/libc.so.6
12 calls with 0B peak consumption from:
    _RNvCsd1K78oRme2b_13profile_costss_69fixed_reference_profile_costs_are_descriptive_and_assert_all_outcomes
      in /data/projects/franken_alignment_wave4_gate2_20260908/.rch-target/release/build/fa-reference/e669633187e11169/out/profile_costs-e669633187e11169
    _RNvYNCNvCsd1K78oRme2b_13profile_costs69fixed_reference_profile_costs_are_descriptive_and_assert_all_outcomes0INtNtNtCshw961UFXsya_4core3ops8function6FnOnceuE9call_onceB6_
      in /data/projects/franken_alignment_wave4_gate2_20260908/.rch-target/release/build/fa-reference/e669633187e11169/out/profile_costs-e669633187e11169
    _RINvCslSvshESn9jA_4test28___rust_begin_short_backtraceINtNtCshw961UFXsya_4core6result6ResultuNtNtCsfVXW7bATEob_5alloc6string6StringEFEBQ_EB2_
      in /data/projects/franken_alignment_wave4_gate2_20260908/.rch-target/release/build/fa-reference/e669633187e11169/out/profile_costs-e669633187e11169
    _RNCNvCslSvshESn9jA_4test8run_test0B3_
      in /data/projects/franken_alignment_wave4_gate2_20260908/.rch-target/release/build/fa-reference/e669633187e11169/out/profile_costs-e669633187e11169
    _RINvNtNtCs88x0hlevqs9_3std3sys9backtrace28___rust_begin_short_backtraceNCNvCslSvshESn9jA_4test8run_tests_0uEB1b_
      in /data/projects/franken_alignment_wave4_gate2_20260908/.rch-target/release/build/fa-reference/e669633187e11169/out/profile_costs-e669633187e11169
    _RNSNvYNCINvNtNtCs88x0hlevqs9_3std6thread9lifecycle15spawn_uncheckedNCNvCslSvshESn9jA_4test8run_tests_0uEs_0INtNtNtCshw961UFXsya_4core3ops8function6FnOnceuE9call_once6vtableB17_
      in /data/projects/franken_alignment_wave4_gate2_20260908/.rch-target/release/build/fa-reference/e669633187e11169/out/profile_costs-e669633187e11169
    _RNvNvMs0_NtNtNtCs88x0hlevqs9_3std3sys6thread4unixNtB7_6Thread3new12thread_start
      in /data/projects/franken_alignment_wave4_gate2_20260908/.rch-target/release/build/fa-reference/e669633187e11169/out/profile_costs-e669633187e11169
    start_thread
      at ./nptl/pthread_create.c:454
      in /usr/lib/x86_64-linux-gnu/libc.so.6
    __clone3
      at ../sysdeps/unix/sysv/linux/x86_64/clone3.S:78
      in /usr/lib/x86_64-linux-gnu/libc.so.6
12 calls with 0B peak consumption from:
    _RNvCsd1K78oRme2b_13profile_costss_69fixed_reference_profile_costs_are_descriptive_and_assert_all_outcomes
      in /data/projects/franken_alignment_wave4_gate2_20260908/.rch-target/release/build/fa-reference/e669633187e11169/out/profile_costs-e669633187e11169
    _RNvYNCNvCsd1K78oRme2b_13profile_costs69fixed_reference_profile_costs_are_descriptive_and_assert_all_outcomes0INtNtNtCshw961UFXsya_4core3ops8function6FnOnceuE9call_onceB6_
      in /data/projects/franken_alignment_wave4_gate2_20260908/.rch-target/release/build/fa-reference/e669633187e11169/out/profile_costs-e669633187e11169
    _RINvCslSvshESn9jA_4test28___rust_begin_short_backtraceINtNtCshw961UFXsya_4core6result6ResultuNtNtCsfVXW7bATEob_5alloc6string6StringEFEBQ_EB2_
      in /data/projects/franken_alignment_wave4_gate2_20260908/.rch-target/release/build/fa-reference/e669633187e11169/out/profile_costs-e669633187e11169
    _RNCNvCslSvshESn9jA_4test8run_test0B3_
      in /data/projects/franken_alignment_wave4_gate2_20260908/.rch-target/release/build/fa-reference/e669633187e11169/out/profile_costs-e669633187e11169
    _RINvNtNtCs88x0hlevqs9_3std3sys9backtrace28___rust_begin_short_backtraceNCNvCslSvshESn9jA_4test8run_tests_0uEB1b_
      in /data/projects/franken_alignment_wave4_gate2_20260908/.rch-target/release/build/fa-reference/e669633187e11169/out/profile_costs-e669633187e11169
    _RNSNvYNCINvNtNtCs88x0hlevqs9_3std6thread9lifecycle15spawn_uncheckedNCNvCslSvshESn9jA_4test8run_tests_0uEs_0INtNtNtCshw961UFXsya_4core3ops8function6FnOnceuE9call_once6vtableB17_
      in /data/projects/franken_alignment_wave4_gate2_20260908/.rch-target/release/build/fa-reference/e669633187e11169/out/profile_costs-e669633187e11169
    _RNvNvMs0_NtNtNtCs88x0hlevqs9_3std3sys6thread4unixNtB7_6Thread3new12thread_start
      in /data/projects/franken_alignment_wave4_gate2_20260908/.rch-target/release/build/fa-reference/e669633187e11169/out/profile_costs-e669633187e11169
    start_thread
      at ./nptl/pthread_create.c:454
      in /usr/lib/x86_64-linux-gnu/libc.so.6
    __clone3
      at ../sysdeps/unix/sysv/linux/x86_64/clone3.S:78
      in /usr/lib/x86_64-linux-gnu/libc.so.6
  and 36 from 3 other places

57 calls to allocation functions with 0B peak consumption from
_RNvXsH_Cs1wnBOBePEka_7getoptsNtB5_8OptGroupNtNtCshw961UFXsya_4core5clone5Clone5clone
  in /data/projects/franken_alignment_wave4_gate2_20260908/.rch-target/release/build/fa-reference/e669633187e11169/out/profile_costs-e669633187e11169
24 calls with 0B peak consumption from:
    _RNvMs3_Cs1wnBOBePEka_7getoptsNtB5_8OptGroup13long_to_short
      in /data/projects/franken_alignment_wave4_gate2_20260908/.rch-target/release/build/fa-reference/e669633187e11169/out/profile_costs-e669633187e11169
    _RNvNtCslSvshESn9jA_4test3cli10parse_opts
      in /data/projects/franken_alignment_wave4_gate2_20260908/.rch-target/release/build/fa-reference/e669633187e11169/out/profile_costs-e669633187e11169
    _RNvCslSvshESn9jA_4test16test_main_static
      in /data/projects/franken_alignment_wave4_gate2_20260908/.rch-target/release/build/fa-reference/e669633187e11169/out/profile_costs-e669633187e11169
    _RINvNtNtCs88x0hlevqs9_3std3sys9backtrace28___rust_begin_short_backtraceFEuuECsd1K78oRme2b_13profile_costs
      in /data/projects/franken_alignment_wave4_gate2_20260908/.rch-target/release/build/fa-reference/e669633187e11169/out/profile_costs-e669633187e11169
    _RNCINvNtCs88x0hlevqs9_3std2rt10lang_startuE0Csd1K78oRme2b_13profile_costs
      in /data/projects/franken_alignment_wave4_gate2_20260908/.rch-target/release/build/fa-reference/e669633187e11169/out/profile_costs-e669633187e11169
    _RNvNtCs88x0hlevqs9_3std2rt19lang_start_internal
      in /data/projects/franken_alignment_wave4_gate2_20260908/.rch-target/release/build/fa-reference/e669633187e11169/out/profile_costs-e669633187e11169
    main
      in /data/projects/franken_alignment_wave4_gate2_20260908/.rch-target/release/build/fa-reference/e669633187e11169/out/profile_costs-e669633187e11169
23 calls with 0B peak consumption from:
    _RNvMs3_Cs1wnBOBePEka_7getoptsNtB5_8OptGroup13long_to_short
      in /data/projects/franken_alignment_wave4_gate2_20260908/.rch-target/release/build/fa-reference/e669633187e11169/out/profile_costs-e669633187e11169
    _RNvNtCslSvshESn9jA_4test3cli10parse_opts
      in /data/projects/franken_alignment_wave4_gate2_20260908/.rch-target/release/build/fa-reference/e669633187e11169/out/profile_costs-e669633187e11169
    _RNvCslSvshESn9jA_4test16test_main_static
      in /data/projects/franken_alignment_wave4_gate2_20260908/.rch-target/release/build/fa-reference/e669633187e11169/out/profile_costs-e669633187e11169
    _RINvNtNtCs88x0hlevqs9_3std3sys9backtrace28___rust_begin_short_backtraceFEuuECsd1K78oRme2b_13profile_costs
      in /data/projects/franken_alignment_wave4_gate2_20260908/.rch-target/release/build/fa-reference/e669633187e11169/out/profile_costs-e669633187e11169
    _RNCINvNtCs88x0hlevqs9_3std2rt10lang_startuE0Csd1K78oRme2b_13profile_costs
      in /data/projects/franken_alignment_wave4_gate2_20260908/.rch-target/release/build/fa-reference/e669633187e11169/out/profile_costs-e669633187e11169
    _RNvNtCs88x0hlevqs9_3std2rt19lang_start_internal
      in /data/projects/franken_alignment_wave4_gate2_20260908/.rch-target/release/build/fa-reference/e669633187e11169/out/profile_costs-e669633187e11169
    main
      in /data/projects/franken_alignment_wave4_gate2_20260908/.rch-target/release/build/fa-reference/e669633187e11169/out/profile_costs-e669633187e11169
7 calls with 0B peak consumption from:
    _RNvMs3_Cs1wnBOBePEka_7getoptsNtB5_8OptGroup13long_to_short
      in /data/projects/franken_alignment_wave4_gate2_20260908/.rch-target/release/build/fa-reference/e669633187e11169/out/profile_costs-e669633187e11169
    _RNvNtCslSvshESn9jA_4test3cli10parse_opts
      in /data/projects/franken_alignment_wave4_gate2_20260908/.rch-target/release/build/fa-reference/e669633187e11169/out/profile_costs-e669633187e11169
    _RNvCslSvshESn9jA_4test16test_main_static
      in /data/projects/franken_alignment_wave4_gate2_20260908/.rch-target/release/build/fa-reference/e669633187e11169/out/profile_costs-e669633187e11169
    _RINvNtNtCs88x0hlevqs9_3std3sys9backtrace28___rust_begin_short_backtraceFEuuECsd1K78oRme2b_13profile_costs
      in /data/projects/franken_alignment_wave4_gate2_20260908/.rch-target/release/build/fa-reference/e669633187e11169/out/profile_costs-e669633187e11169
    _RNCINvNtCs88x0hlevqs9_3std2rt10lang_startuE0Csd1K78oRme2b_13profile_costs
      in /data/projects/franken_alignment_wave4_gate2_20260908/.rch-target/release/build/fa-reference/e669633187e11169/out/profile_costs-e669633187e11169
    _RNvNtCs88x0hlevqs9_3std2rt19lang_start_internal
      in /data/projects/franken_alignment_wave4_gate2_20260908/.rch-target/release/build/fa-reference/e669633187e11169/out/profile_costs-e669633187e11169
    main
      in /data/projects/franken_alignment_wave4_gate2_20260908/.rch-target/release/build/fa-reference/e669633187e11169/out/profile_costs-e669633187e11169
  and 3 from 1 other places

48 calls to allocation functions with 0B peak consumption from
_RNvMs0_NtCsbx1baUgb63R_12fa_reference6actionNtB5_18ReferenceAuthority7inspect
  in /data/projects/franken_alignment_wave4_gate2_20260908/.rch-target/release/build/fa-reference/e669633187e11169/out/profile_costs-e669633187e11169
12 calls with 0B peak consumption from:
    _RNvNtCsbx1baUgb63R_12fa_reference7history6replay
      in /data/projects/franken_alignment_wave4_gate2_20260908/.rch-target/release/build/fa-reference/e669633187e11169/out/profile_costs-e669633187e11169
    _RNvCsd1K78oRme2b_13profile_costss_69fixed_reference_profile_costs_are_descriptive_and_assert_all_outcomes
      in /data/projects/franken_alignment_wave4_gate2_20260908/.rch-target/release/build/fa-reference/e669633187e11169/out/profile_costs-e669633187e11169
    _RNvYNCNvCsd1K78oRme2b_13profile_costs69fixed_reference_profile_costs_are_descriptive_and_assert_all_outcomes0INtNtNtCshw961UFXsya_4core3ops8function6FnOnceuE9call_onceB6_
      in /data/projects/franken_alignment_wave4_gate2_20260908/.rch-target/release/build/fa-reference/e669633187e11169/out/profile_costs-e669633187e11169
    _RINvCslSvshESn9jA_4test28___rust_begin_short_backtraceINtNtCshw961UFXsya_4core6result6ResultuNtNtCsfVXW7bATEob_5alloc6string6StringEFEBQ_EB2_
      in /data/projects/franken_alignment_wave4_gate2_20260908/.rch-target/release/build/fa-reference/e669633187e11169/out/profile_costs-e669633187e11169
    _RNCNvCslSvshESn9jA_4test8run_test0B3_
      in /data/projects/franken_alignment_wave4_gate2_20260908/.rch-target/release/build/fa-reference/e669633187e11169/out/profile_costs-e669633187e11169
    _RINvNtNtCs88x0hlevqs9_3std3sys9backtrace28___rust_begin_short_backtraceNCNvCslSvshESn9jA_4test8run_tests_0uEB1b_
      in /data/projects/franken_alignment_wave4_gate2_20260908/.rch-target/release/build/fa-reference/e669633187e11169/out/profile_costs-e669633187e11169
    _RNSNvYNCINvNtNtCs88x0hlevqs9_3std6thread9lifecycle15spawn_uncheckedNCNvCslSvshESn9jA_4test8run_tests_0uEs_0INtNtNtCshw961UFXsya_4core3ops8function6FnOnceuE9call_once6vtableB17_
      in /data/projects/franken_alignment_wave4_gate2_20260908/.rch-target/release/build/fa-reference/e669633187e11169/out/profile_costs-e669633187e11169
    _RNvNvMs0_NtNtNtCs88x0hlevqs9_3std3sys6thread4unixNtB7_6Thread3new12thread_start
      in /data/projects/franken_alignment_wave4_gate2_20260908/.rch-target/release/build/fa-reference/e669633187e11169/out/profile_costs-e669633187e11169
    start_thread
      at ./nptl/pthread_create.c:454
      in /usr/lib/x86_64-linux-gnu/libc.so.6
    __clone3
      at ../sysdeps/unix/sysv/linux/x86_64/clone3.S:78
      in /usr/lib/x86_64-linux-gnu/libc.so.6
12 calls with 0B peak consumption from:
    _RNvNtCsbx1baUgb63R_12fa_reference7history6replay
      in /data/projects/franken_alignment_wave4_gate2_20260908/.rch-target/release/build/fa-reference/e669633187e11169/out/profile_costs-e669633187e11169
    _RNvCsd1K78oRme2b_13profile_costss_69fixed_reference_profile_costs_are_descriptive_and_assert_all_outcomes
      in /data/projects/franken_alignment_wave4_gate2_20260908/.rch-target/release/build/fa-reference/e669633187e11169/out/profile_costs-e669633187e11169
    _RNvYNCNvCsd1K78oRme2b_13profile_costs69fixed_reference_profile_costs_are_descriptive_and_assert_all_outcomes0INtNtNtCshw961UFXsya_4core3ops8function6FnOnceuE9call_onceB6_
      in /data/projects/franken_alignment_wave4_gate2_20260908/.rch-target/release/build/fa-reference/e669633187e11169/out/profile_costs-e669633187e11169
    _RINvCslSvshESn9jA_4test28___rust_begin_short_backtraceINtNtCshw961UFXsya_4core6result6ResultuNtNtCsfVXW7bATEob_5alloc6string6StringEFEBQ_EB2_
      in /data/projects/franken_alignment_wave4_gate2_20260908/.rch-target/release/build/fa-reference/e669633187e11169/out/profile_costs-e669633187e11169
    _RNCNvCslSvshESn9jA_4test8run_test0B3_
      in /data/projects/franken_alignment_wave4_gate2_20260908/.rch-target/release/build/fa-reference/e669633187e11169/out/profile_costs-e669633187e11169
    _RINvNtNtCs88x0hlevqs9_3std3sys9backtrace28___rust_begin_short_backtraceNCNvCslSvshESn9jA_4test8run_tests_0uEB1b_
      in /data/projects/franken_alignment_wave4_gate2_20260908/.rch-target/release/build/fa-reference/e669633187e11169/out/profile_costs-e669633187e11169
    _RNSNvYNCINvNtNtCs88x0hlevqs9_3std6thread9lifecycle15spawn_uncheckedNCNvCslSvshESn9jA_4test8run_tests_0uEs_0INtNtNtCshw961UFXsya_4core3ops8function6FnOnceuE9call_once6vtableB17_
      in /data/projects/franken_alignment_wave4_gate2_20260908/.rch-target/release/build/fa-reference/e669633187e11169/out/profile_costs-e669633187e11169
    _RNvNvMs0_NtNtNtCs88x0hlevqs9_3std3sys6thread4unixNtB7_6Thread3new12thread_start
      in /data/projects/franken_alignment_wave4_gate2_20260908/.rch-target/release/build/fa-reference/e669633187e11169/out/profile_costs-e669633187e11169
    start_thread
      at ./nptl/pthread_create.c:454
      in /usr/lib/x86_64-linux-gnu/libc.so.6
    __clone3
      at ../sysdeps/unix/sysv/linux/x86_64/clone3.S:78
      in /usr/lib/x86_64-linux-gnu/libc.so.6
12 calls with 0B peak consumption from:
    _RNvNtCsbx1baUgb63R_12fa_reference7history6replay
      in /data/projects/franken_alignment_wave4_gate2_20260908/.rch-target/release/build/fa-reference/e669633187e11169/out/profile_costs-e669633187e11169
    _RNvCsd1K78oRme2b_13profile_costss_69fixed_reference_profile_costs_are_descriptive_and_assert_all_outcomes
      in /data/projects/franken_alignment_wave4_gate2_20260908/.rch-target/release/build/fa-reference/e669633187e11169/out/profile_costs-e669633187e11169
    _RNvYNCNvCsd1K78oRme2b_13profile_costs69fixed_reference_profile_costs_are_descriptive_and_assert_all_outcomes0INtNtNtCshw961UFXsya_4core3ops8function6FnOnceuE9call_onceB6_
      in /data/projects/franken_alignment_wave4_gate2_20260908/.rch-target/release/build/fa-reference/e669633187e11169/out/profile_costs-e669633187e11169
    _RINvCslSvshESn9jA_4test28___rust_begin_short_backtraceINtNtCshw961UFXsya_4core6result6ResultuNtNtCsfVXW7bATEob_5alloc6string6StringEFEBQ_EB2_
      in /data/projects/franken_alignment_wave4_gate2_20260908/.rch-target/release/build/fa-reference/e669633187e11169/out/profile_costs-e669633187e11169
    _RNCNvCslSvshESn9jA_4test8run_test0B3_
      in /data/projects/franken_alignment_wave4_gate2_20260908/.rch-target/release/build/fa-reference/e669633187e11169/out/profile_costs-e669633187e11169
    _RINvNtNtCs88x0hlevqs9_3std3sys9backtrace28___rust_begin_short_backtraceNCNvCslSvshESn9jA_4test8run_tests_0uEB1b_
      in /data/projects/franken_alignment_wave4_gate2_20260908/.rch-target/release/build/fa-reference/e669633187e11169/out/profile_costs-e669633187e11169
    _RNSNvYNCINvNtNtCs88x0hlevqs9_3std6thread9lifecycle15spawn_uncheckedNCNvCslSvshESn9jA_4test8run_tests_0uEs_0INtNtNtCshw961UFXsya_4core3ops8function6FnOnceuE9call_once6vtableB17_
      in /data/projects/franken_alignment_wave4_gate2_20260908/.rch-target/release/build/fa-reference/e669633187e11169/out/profile_costs-e669633187e11169
    _RNvNvMs0_NtNtNtCs88x0hlevqs9_3std3sys6thread4unixNtB7_6Thread3new12thread_start
      in /data/projects/franken_alignment_wave4_gate2_20260908/.rch-target/release/build/fa-reference/e669633187e11169/out/profile_costs-e669633187e11169
    start_thread
      at ./nptl/pthread_create.c:454
      in /usr/lib/x86_64-linux-gnu/libc.so.6
    __clone3
      at ../sysdeps/unix/sysv/linux/x86_64/clone3.S:78
      in /usr/lib/x86_64-linux-gnu/libc.so.6
  and 12 from 1 other places

36 calls to allocation functions with 0B peak consumption from
_RNvNtCsbx1baUgb63R_12fa_reference14canonical_json12digest_field
  in /data/projects/franken_alignment_wave4_gate2_20260908/.rch-target/release/build/fa-reference/e669633187e11169/out/profile_costs-e669633187e11169
12 calls with 0B peak consumption from:
    _RNvNtCsbx1baUgb63R_12fa_reference14canonical_json15validate_action
      in /data/projects/franken_alignment_wave4_gate2_20260908/.rch-target/release/build/fa-reference/e669633187e11169/out/profile_costs-e669633187e11169
    _RNvNtCsbx1baUgb63R_12fa_reference14canonical_json13validate_json
      in /data/projects/franken_alignment_wave4_gate2_20260908/.rch-target/release/build/fa-reference/e669633187e11169/out/profile_costs-e669633187e11169
    _RNvNtCsbx1baUgb63R_12fa_reference14canonical_json16decode_canonical
      in /data/projects/franken_alignment_wave4_gate2_20260908/.rch-target/release/build/fa-reference/e669633187e11169/out/profile_costs-e669633187e11169
    _RNvCsd1K78oRme2b_13profile_costs9roundtrip
      in /data/projects/franken_alignment_wave4_gate2_20260908/.rch-target/release/build/fa-reference/e669633187e11169/out/profile_costs-e669633187e11169
    _RNvCsd1K78oRme2b_13profile_costss_69fixed_reference_profile_costs_are_descriptive_and_assert_all_outcomes
      in /data/projects/franken_alignment_wave4_gate2_20260908/.rch-target/release/build/fa-reference/e669633187e11169/out/profile_costs-e669633187e11169
    _RNvYNCNvCsd1K78oRme2b_13profile_costs69fixed_reference_profile_costs_are_descriptive_and_assert_all_outcomes0INtNtNtCshw961UFXsya_4core3ops8function6FnOnceuE9call_onceB6_
      in /data/projects/franken_alignment_wave4_gate2_20260908/.rch-target/release/build/fa-reference/e669633187e11169/out/profile_costs-e669633187e11169
    _RINvCslSvshESn9jA_4test28___rust_begin_short_backtraceINtNtCshw961UFXsya_4core6result6ResultuNtNtCsfVXW7bATEob_5alloc6string6StringEFEBQ_EB2_
      in /data/projects/franken_alignment_wave4_gate2_20260908/.rch-target/release/build/fa-reference/e669633187e11169/out/profile_costs-e669633187e11169
    _RNCNvCslSvshESn9jA_4test8run_test0B3_
      in /data/projects/franken_alignment_wave4_gate2_20260908/.rch-target/release/build/fa-reference/e669633187e11169/out/profile_costs-e669633187e11169
    _RINvNtNtCs88x0hlevqs9_3std3sys9backtrace28___rust_begin_short_backtraceNCNvCslSvshESn9jA_4test8run_tests_0uEB1b_
      in /data/projects/franken_alignment_wave4_gate2_20260908/.rch-target/release/build/fa-reference/e669633187e11169/out/profile_costs-e669633187e11169
    _RNSNvYNCINvNtNtCs88x0hlevqs9_3std6thread9lifecycle15spawn_uncheckedNCNvCslSvshESn9jA_4test8run_tests_0uEs_0INtNtNtCshw961UFXsya_4core3ops8function6FnOnceuE9call_once6vtableB17_
      in /data/projects/franken_alignment_wave4_gate2_20260908/.rch-target/release/build/fa-reference/e669633187e11169/out/profile_costs-e669633187e11169
    _RNvNvMs0_NtNtNtCs88x0hlevqs9_3std3sys6thread4unixNtB7_6Thread3new12thread_start
      in /data/projects/franken_alignment_wave4_gate2_20260908/.rch-target/release/build/fa-reference/e669633187e11169/out/profile_costs-e669633187e11169
    start_thread
      at ./nptl/pthread_create.c:454
      in /usr/lib/x86_64-linux-gnu/libc.so.6
    __clone3
      at ../sysdeps/unix/sysv/linux/x86_64/clone3.S:78
      in /usr/lib/x86_64-linux-gnu/libc.so.6
12 calls with 0B peak consumption from:
    _RNvNtCsbx1baUgb63R_12fa_reference14canonical_json15validate_action
      in /data/projects/franken_alignment_wave4_gate2_20260908/.rch-target/release/build/fa-reference/e669633187e11169/out/profile_costs-e669633187e11169
    _RNvNtCsbx1baUgb63R_12fa_reference14canonical_json13validate_json
      in /data/projects/franken_alignment_wave4_gate2_20260908/.rch-target/release/build/fa-reference/e669633187e11169/out/profile_costs-e669633187e11169
    _RNvNtCsbx1baUgb63R_12fa_reference14canonical_json16decode_canonical
      in /data/projects/franken_alignment_wave4_gate2_20260908/.rch-target/release/build/fa-reference/e669633187e11169/out/profile_costs-e669633187e11169
    _RNvCsd1K78oRme2b_13profile_costs9roundtrip
      in /data/projects/franken_alignment_wave4_gate2_20260908/.rch-target/release/build/fa-reference/e669633187e11169/out/profile_costs-e669633187e11169
    _RNvCsd1K78oRme2b_13profile_costss_69fixed_reference_profile_costs_are_descriptive_and_assert_all_outcomes
      in /data/projects/franken_alignment_wave4_gate2_20260908/.rch-target/release/build/fa-reference/e669633187e11169/out/profile_costs-e669633187e11169
    _RNvYNCNvCsd1K78oRme2b_13profile_costs69fixed_reference_profile_costs_are_descriptive_and_assert_all_outcomes0INtNtNtCshw961UFXsya_4core3ops8function6FnOnceuE9call_onceB6_
      in /data/projects/franken_alignment_wave4_gate2_20260908/.rch-target/release/build/fa-reference/e669633187e11169/out/profile_costs-e669633187e11169
    _RINvCslSvshESn9jA_4test28___rust_begin_short_backtraceINtNtCshw961UFXsya_4core6result6ResultuNtNtCsfVXW7bATEob_5alloc6string6StringEFEBQ_EB2_
      in /data/projects/franken_alignment_wave4_gate2_20260908/.rch-target/release/build/fa-reference/e669633187e11169/out/profile_costs-e669633187e11169
    _RNCNvCslSvshESn9jA_4test8run_test0B3_
      in /data/projects/franken_alignment_wave4_gate2_20260908/.rch-target/release/build/fa-reference/e669633187e11169/out/profile_costs-e669633187e11169
    _RINvNtNtCs88x0hlevqs9_3std3sys9backtrace28___rust_begin_short_backtraceNCNvCslSvshESn9jA_4test8run_tests_0uEB1b_
      in /data/projects/franken_alignment_wave4_gate2_20260908/.rch-target/release/build/fa-reference/e669633187e11169/out/profile_costs-e669633187e11169
    _RNSNvYNCINvNtNtCs88x0hlevqs9_3std6thread9lifecycle15spawn_uncheckedNCNvCslSvshESn9jA_4test8run_tests_0uEs_0INtNtNtCshw961UFXsya_4core3ops8function6FnOnceuE9call_once6vtableB17_
      in /data/projects/franken_alignment_wave4_gate2_20260908/.rch-target/release/build/fa-reference/e669633187e11169/out/profile_costs-e669633187e11169
    _RNvNvMs0_NtNtNtCs88x0hlevqs9_3std3sys6thread4unixNtB7_6Thread3new12thread_start
      in /data/projects/franken_alignment_wave4_gate2_20260908/.rch-target/release/build/fa-reference/e669633187e11169/out/profile_costs-e669633187e11169
    start_thread
      at ./nptl/pthread_create.c:454
      in /usr/lib/x86_64-linux-gnu/libc.so.6
    __clone3
      at ../sysdeps/unix/sysv/linux/x86_64/clone3.S:78
      in /usr/lib/x86_64-linux-gnu/libc.so.6
12 calls with 0B peak consumption from:
    _RNvNtCsbx1baUgb63R_12fa_reference14canonical_json15validate_action
      in /data/projects/franken_alignment_wave4_gate2_20260908/.rch-target/release/build/fa-reference/e669633187e11169/out/profile_costs-e669633187e11169
    _RNvNtCsbx1baUgb63R_12fa_reference14canonical_json13validate_json
      in /data/projects/franken_alignment_wave4_gate2_20260908/.rch-target/release/build/fa-reference/e669633187e11169/out/profile_costs-e669633187e11169
    _RNvNtCsbx1baUgb63R_12fa_reference14canonical_json16decode_canonical
      in /data/projects/franken_alignment_wave4_gate2_20260908/.rch-target/release/build/fa-reference/e669633187e11169/out/profile_costs-e669633187e11169
    _RNvCsd1K78oRme2b_13profile_costss_69fixed_reference_profile_costs_are_descriptive_and_assert_all_outcomes
      in /data/projects/franken_alignment_wave4_gate2_20260908/.rch-target/release/build/fa-reference/e669633187e11169/out/profile_costs-e669633187e11169
    _RNvYNCNvCsd1K78oRme2b_13profile_costs69fixed_reference_profile_costs_are_descriptive_and_assert_all_outcomes0INtNtNtCshw961UFXsya_4core3ops8function6FnOnceuE9call_onceB6_
      in /data/projects/franken_alignment_wave4_gate2_20260908/.rch-target/release/build/fa-reference/e669633187e11169/out/profile_costs-e669633187e11169
    _RINvCslSvshESn9jA_4test28___rust_begin_short_backtraceINtNtCshw961UFXsya_4core6result6ResultuNtNtCsfVXW7bATEob_5alloc6string6StringEFEBQ_EB2_
      in /data/projects/franken_alignment_wave4_gate2_20260908/.rch-target/release/build/fa-reference/e669633187e11169/out/profile_costs-e669633187e11169
    _RNCNvCslSvshESn9jA_4test8run_test0B3_
      in /data/projects/franken_alignment_wave4_gate2_20260908/.rch-target/release/build/fa-reference/e669633187e11169/out/profile_costs-e669633187e11169
    _RINvNtNtCs88x0hlevqs9_3std3sys9backtrace28___rust_begin_short_backtraceNCNvCslSvshESn9jA_4test8run_tests_0uEB1b_
      in /data/projects/franken_alignment_wave4_gate2_20260908/.rch-target/release/build/fa-reference/e669633187e11169/out/profile_costs-e669633187e11169
    _RNSNvYNCINvNtNtCs88x0hlevqs9_3std6thread9lifecycle15spawn_uncheckedNCNvCslSvshESn9jA_4test8run_tests_0uEs_0INtNtNtCshw961UFXsya_4core3ops8function6FnOnceuE9call_once6vtableB17_
      in /data/projects/franken_alignment_wave4_gate2_20260908/.rch-target/release/build/fa-reference/e669633187e11169/out/profile_costs-e669633187e11169
    _RNvNvMs0_NtNtNtCs88x0hlevqs9_3std3sys6thread4unixNtB7_6Thread3new12thread_start
      in /data/projects/franken_alignment_wave4_gate2_20260908/.rch-target/release/build/fa-reference/e669633187e11169/out/profile_costs-e669633187e11169
    start_thread
      at ./nptl/pthread_create.c:454
      in /usr/lib/x86_64-linux-gnu/libc.so.6
    __clone3
      at ../sysdeps/unix/sysv/linux/x86_64/clone3.S:78
      in /usr/lib/x86_64-linux-gnu/libc.so.6

36 calls to allocation functions with 0B peak consumption from
_RNvMs0_Cs1wnBOBePEka_7getoptsNtB5_7Options7optflag
  in /data/projects/franken_alignment_wave4_gate2_20260908/.rch-target/release/build/fa-reference/e669633187e11169/out/profile_costs-e669633187e11169
1 calls with 0B peak consumption from:
    _RNvNtCslSvshESn9jA_4test3cli9optgroups
      in /data/projects/franken_alignment_wave4_gate2_20260908/.rch-target/release/build/fa-reference/e669633187e11169/out/profile_costs-e669633187e11169
    _RNvNtCslSvshESn9jA_4test3cli10parse_opts
      in /data/projects/franken_alignment_wave4_gate2_20260908/.rch-target/release/build/fa-reference/e669633187e11169/out/profile_costs-e669633187e11169
    _RNvCslSvshESn9jA_4test16test_main_static
      in /data/projects/franken_alignment_wave4_gate2_20260908/.rch-target/release/build/fa-reference/e669633187e11169/out/profile_costs-e669633187e11169
    _RINvNtNtCs88x0hlevqs9_3std3sys9backtrace28___rust_begin_short_backtraceFEuuECsd1K78oRme2b_13profile_costs
      in /data/projects/franken_alignment_wave4_gate2_20260908/.rch-target/release/build/fa-reference/e669633187e11169/out/profile_costs-e669633187e11169
    _RNCINvNtCs88x0hlevqs9_3std2rt10lang_startuE0Csd1K78oRme2b_13profile_costs
      in /data/projects/franken_alignment_wave4_gate2_20260908/.rch-target/release/build/fa-reference/e669633187e11169/out/profile_costs-e669633187e11169
    _RNvNtCs88x0hlevqs9_3std2rt19lang_start_internal
      in /data/projects/franken_alignment_wave4_gate2_20260908/.rch-target/release/build/fa-reference/e669633187e11169/out/profile_costs-e669633187e11169
    main
      in /data/projects/franken_alignment_wave4_gate2_20260908/.rch-target/release/build/fa-reference/e669633187e11169/out/profile_costs-e669633187e11169
1 calls with 0B peak consumption from:
    _RNvNtCslSvshESn9jA_4test3cli9optgroups
      in /data/projects/franken_alignment_wave4_gate2_20260908/.rch-target/release/build/fa-reference/e669633187e11169/out/profile_costs-e669633187e11169
    _RNvNtCslSvshESn9jA_4test3cli10parse_opts
      in /data/projects/franken_alignment_wave4_gate2_20260908/.rch-target/release/build/fa-reference/e669633187e11169/out/profile_costs-e669633187e11169
    _RNvCslSvshESn9jA_4test16test_main_static
      in /data/projects/franken_alignment_wave4_gate2_20260908/.rch-target/release/build/fa-reference/e669633187e11169/out/profile_costs-e669633187e11169
    _RINvNtNtCs88x0hlevqs9_3std3sys9backtrace28___rust_begin_short_backtraceFEuuECsd1K78oRme2b_13profile_costs
      in /data/projects/franken_alignment_wave4_gate2_20260908/.rch-target/release/build/fa-reference/e669633187e11169/out/profile_costs-e669633187e11169
    _RNCINvNtCs88x0hlevqs9_3std2rt10lang_startuE0Csd1K78oRme2b_13profile_costs
      in /data/projects/franken_alignment_wave4_gate2_20260908/.rch-target/release/build/fa-reference/e669633187e11169/out/profile_costs-e669633187e11169
    _RNvNtCs88x0hlevqs9_3std2rt19lang_start_internal
      in /data/projects/franken_alignment_wave4_gate2_20260908/.rch-target/release/build/fa-reference/e669633187e11169/out/profile_costs-e669633187e11169
    main
      in /data/projects/franken_alignment_wave4_gate2_20260908/.rch-target/release/build/fa-reference/e669633187e11169/out/profile_costs-e669633187e11169
1 calls with 0B peak consumption from:
    _RNvNtCslSvshESn9jA_4test3cli9optgroups
      in /data/projects/franken_alignment_wave4_gate2_20260908/.rch-target/release/build/fa-reference/e669633187e11169/out/profile_costs-e669633187e11169
    _RNvNtCslSvshESn9jA_4test3cli10parse_opts
      in /data/projects/franken_alignment_wave4_gate2_20260908/.rch-target/release/build/fa-reference/e669633187e11169/out/profile_costs-e669633187e11169
    _RNvCslSvshESn9jA_4test16test_main_static
      in /data/projects/franken_alignment_wave4_gate2_20260908/.rch-target/release/build/fa-reference/e669633187e11169/out/profile_costs-e669633187e11169
    _RINvNtNtCs88x0hlevqs9_3std3sys9backtrace28___rust_begin_short_backtraceFEuuECsd1K78oRme2b_13profile_costs
      in /data/projects/franken_alignment_wave4_gate2_20260908/.rch-target/release/build/fa-reference/e669633187e11169/out/profile_costs-e669633187e11169
    _RNCINvNtCs88x0hlevqs9_3std2rt10lang_startuE0Csd1K78oRme2b_13profile_costs
      in /data/projects/franken_alignment_wave4_gate2_20260908/.rch-target/release/build/fa-reference/e669633187e11169/out/profile_costs-e669633187e11169
    _RNvNtCs88x0hlevqs9_3std2rt19lang_start_internal
      in /data/projects/franken_alignment_wave4_gate2_20260908/.rch-target/release/build/fa-reference/e669633187e11169/out/profile_costs-e669633187e11169
    main
      in /data/projects/franken_alignment_wave4_gate2_20260908/.rch-target/release/build/fa-reference/e669633187e11169/out/profile_costs-e669633187e11169
  and 33 from 33 other places

36 calls to allocation functions with 0B peak consumption from
_RNvXsw_NtCsbx1baUgb63R_12fa_reference6actionNtB5_10ActionSpecNtNtCshw961UFXsya_4core5clone5Clone5clone
  in /data/projects/franken_alignment_wave4_gate2_20260908/.rch-target/release/build/fa-reference/e669633187e11169/out/profile_costs-e669633187e11169
24 calls with 0B peak consumption from:
    _RNvMs0_NtCsbx1baUgb63R_12fa_reference6actionNtB5_18ReferenceAuthority9authorize
      in /data/projects/franken_alignment_wave4_gate2_20260908/.rch-target/release/build/fa-reference/e669633187e11169/out/profile_costs-e669633187e11169
    _RNvNtCsbx1baUgb63R_12fa_reference7history6replay
      in /data/projects/franken_alignment_wave4_gate2_20260908/.rch-target/release/build/fa-reference/e669633187e11169/out/profile_costs-e669633187e11169
    _RNvCsd1K78oRme2b_13profile_costss_69fixed_reference_profile_costs_are_descriptive_and_assert_all_outcomes
      in /data/projects/franken_alignment_wave4_gate2_20260908/.rch-target/release/build/fa-reference/e669633187e11169/out/profile_costs-e669633187e11169
    _RNvYNCNvCsd1K78oRme2b_13profile_costs69fixed_reference_profile_costs_are_descriptive_and_assert_all_outcomes0INtNtNtCshw961UFXsya_4core3ops8function6FnOnceuE9call_onceB6_
      in /data/projects/franken_alignment_wave4_gate2_20260908/.rch-target/release/build/fa-reference/e669633187e11169/out/profile_costs-e669633187e11169
    _RINvCslSvshESn9jA_4test28___rust_begin_short_backtraceINtNtCshw961UFXsya_4core6result6ResultuNtNtCsfVXW7bATEob_5alloc6string6StringEFEBQ_EB2_
      in /data/projects/franken_alignment_wave4_gate2_20260908/.rch-target/release/build/fa-reference/e669633187e11169/out/profile_costs-e669633187e11169
    _RNCNvCslSvshESn9jA_4test8run_test0B3_
      in /data/projects/franken_alignment_wave4_gate2_20260908/.rch-target/release/build/fa-reference/e669633187e11169/out/profile_costs-e669633187e11169
    _RINvNtNtCs88x0hlevqs9_3std3sys9backtrace28___rust_begin_short_backtraceNCNvCslSvshESn9jA_4test8run_tests_0uEB1b_
      in /data/projects/franken_alignment_wave4_gate2_20260908/.rch-target/release/build/fa-reference/e669633187e11169/out/profile_costs-e669633187e11169
    _RNSNvYNCINvNtNtCs88x0hlevqs9_3std6thread9lifecycle15spawn_uncheckedNCNvCslSvshESn9jA_4test8run_tests_0uEs_0INtNtNtCshw961UFXsya_4core3ops8function6FnOnceuE9call_once6vtableB17_
      in /data/projects/franken_alignment_wave4_gate2_20260908/.rch-target/release/build/fa-reference/e669633187e11169/out/profile_costs-e669633187e11169
    _RNvNvMs0_NtNtNtCs88x0hlevqs9_3std3sys6thread4unixNtB7_6Thread3new12thread_start
      in /data/projects/franken_alignment_wave4_gate2_20260908/.rch-target/release/build/fa-reference/e669633187e11169/out/profile_costs-e669633187e11169
    start_thread
      at ./nptl/pthread_create.c:454
      in /usr/lib/x86_64-linux-gnu/libc.so.6
    __clone3
      at ../sysdeps/unix/sysv/linux/x86_64/clone3.S:78
      in /usr/lib/x86_64-linux-gnu/libc.so.6
12 calls with 0B peak consumption from:
    _RNvMs0_NtCsbx1baUgb63R_12fa_reference6actionNtB5_18ReferenceAuthority9authorize
      in /data/projects/franken_alignment_wave4_gate2_20260908/.rch-target/release/build/fa-reference/e669633187e11169/out/profile_costs-e669633187e11169
    _RNvNtCsbx1baUgb63R_12fa_reference7history6replay
      in /data/projects/franken_alignment_wave4_gate2_20260908/.rch-target/release/build/fa-reference/e669633187e11169/out/profile_costs-e669633187e11169
    _RNvCsd1K78oRme2b_13profile_costss_69fixed_reference_profile_costs_are_descriptive_and_assert_all_outcomes
      in /data/projects/franken_alignment_wave4_gate2_20260908/.rch-target/release/build/fa-reference/e669633187e11169/out/profile_costs-e669633187e11169
    _RNvYNCNvCsd1K78oRme2b_13profile_costs69fixed_reference_profile_costs_are_descriptive_and_assert_all_outcomes0INtNtNtCshw961UFXsya_4core3ops8function6FnOnceuE9call_onceB6_
      in /data/projects/franken_alignment_wave4_gate2_20260908/.rch-target/release/build/fa-reference/e669633187e11169/out/profile_costs-e669633187e11169
    _RINvCslSvshESn9jA_4test28___rust_begin_short_backtraceINtNtCshw961UFXsya_4core6result6ResultuNtNtCsfVXW7bATEob_5alloc6string6StringEFEBQ_EB2_
      in /data/projects/franken_alignment_wave4_gate2_20260908/.rch-target/release/build/fa-reference/e669633187e11169/out/profile_costs-e669633187e11169
    _RNCNvCslSvshESn9jA_4test8run_test0B3_
      in /data/projects/franken_alignment_wave4_gate2_20260908/.rch-target/release/build/fa-reference/e669633187e11169/out/profile_costs-e669633187e11169
    _RINvNtNtCs88x0hlevqs9_3std3sys9backtrace28___rust_begin_short_backtraceNCNvCslSvshESn9jA_4test8run_tests_0uEB1b_
      in /data/projects/franken_alignment_wave4_gate2_20260908/.rch-target/release/build/fa-reference/e669633187e11169/out/profile_costs-e669633187e11169
    _RNSNvYNCINvNtNtCs88x0hlevqs9_3std6thread9lifecycle15spawn_uncheckedNCNvCslSvshESn9jA_4test8run_tests_0uEs_0INtNtNtCshw961UFXsya_4core3ops8function6FnOnceuE9call_once6vtableB17_
      in /data/projects/franken_alignment_wave4_gate2_20260908/.rch-target/release/build/fa-reference/e669633187e11169/out/profile_costs-e669633187e11169
    _RNvNvMs0_NtNtNtCs88x0hlevqs9_3std3sys6thread4unixNtB7_6Thread3new12thread_start
      in /data/projects/franken_alignment_wave4_gate2_20260908/.rch-target/release/build/fa-reference/e669633187e11169/out/profile_costs-e669633187e11169
    start_thread
      at ./nptl/pthread_create.c:454
      in /usr/lib/x86_64-linux-gnu/libc.so.6
    __clone3
      at ../sysdeps/unix/sysv/linux/x86_64/clone3.S:78
      in /usr/lib/x86_64-linux-gnu/libc.so.6


PEAK MEMORY CONSUMERS
73.73K peak memory consumed over 1 calls from
0x7094a52bf8f6
  in /usr/lib/x86_64-linux-gnu/libstdc++.so.6
73.73K consumed over 1 calls from:
    call_init
      at ./elf/dl-init.c:74
      in /lib64/ld-linux-x86-64.so.2
    _dl_init::call_init
      at ./elf/dl-init.c:120
      in /lib64/ld-linux-x86-64.so.2
    _dl_init
      at ./elf/./elf/dl-init.c:121
    _dl_start_user
      in /lib64/ld-linux-x86-64.so.2

58.18K peak memory consumed over 4915 calls from
_RNvMs5_NtCsfVXW7bATEob_5alloc7raw_vecNtB5_11RawVecInner11finish_growCsbx1baUgb63R_12fa_reference
  in /data/projects/franken_alignment_wave4_gate2_20260908/.rch-target/release/build/fa-reference/e669633187e11169/out/profile_costs-e669633187e11169
16.38K consumed over 10 calls from:
    _RINvNvMs2_NtCsfVXW7bATEob_5alloc7raw_vecINtB8_11RawVecInnerpE7reserve21do_reserve_and_handleNtNtBa_5alloc6GlobalECsbx1baUgb63R_12fa_reference
      in /data/projects/franken_alignment_wave4_gate2_20260908/.rch-target/release/build/fa-reference/e669633187e11169/out/profile_costs-e669633187e11169
    _RNvNtCsbx1baUgb63R_12fa_reference14canonical_json11json_string
      in /data/projects/franken_alignment_wave4_gate2_20260908/.rch-target/release/build/fa-reference/e669633187e11169/out/profile_costs-e669633187e11169
    _RNvNtCsbx1baUgb63R_12fa_reference14canonical_json6encode
      in /data/projects/franken_alignment_wave4_gate2_20260908/.rch-target/release/build/fa-reference/e669633187e11169/out/profile_costs-e669633187e11169
    _RNvCsd1K78oRme2b_13profile_costs19large_unicode_claim
      in /data/projects/franken_alignment_wave4_gate2_20260908/.rch-target/release/build/fa-reference/e669633187e11169/out/profile_costs-e669633187e11169
    _RNvCsd1K78oRme2b_13profile_costss_69fixed_reference_profile_costs_are_descriptive_and_assert_all_outcomes
      in /data/projects/franken_alignment_wave4_gate2_20260908/.rch-target/release/build/fa-reference/e669633187e11169/out/profile_costs-e669633187e11169
    _RNvYNCNvCsd1K78oRme2b_13profile_costs69fixed_reference_profile_costs_are_descriptive_and_assert_all_outcomes0INtNtNtCshw961UFXsya_4core3ops8function6FnOnceuE9call_onceB6_
      in /data/projects/franken_alignment_wave4_gate2_20260908/.rch-target/release/build/fa-reference/e669633187e11169/out/profile_costs-e669633187e11169
    _RINvCslSvshESn9jA_4test28___rust_begin_short_backtraceINtNtCshw961UFXsya_4core6result6ResultuNtNtCsfVXW7bATEob_5alloc6string6StringEFEBQ_EB2_
      in /data/projects/franken_alignment_wave4_gate2_20260908/.rch-target/release/build/fa-reference/e669633187e11169/out/profile_costs-e669633187e11169
    _RNCNvCslSvshESn9jA_4test8run_test0B3_
      in /data/projects/franken_alignment_wave4_gate2_20260908/.rch-target/release/build/fa-reference/e669633187e11169/out/profile_costs-e669633187e11169
    _RINvNtNtCs88x0hlevqs9_3std3sys9backtrace28___rust_begin_short_backtraceNCNvCslSvshESn9jA_4test8run_tests_0uEB1b_
      in /data/projects/franken_alignment_wave4_gate2_20260908/.rch-target/release/build/fa-reference/e669633187e11169/out/profile_costs-e669633187e11169
    _RNSNvYNCINvNtNtCs88x0hlevqs9_3std6thread9lifecycle15spawn_uncheckedNCNvCslSvshESn9jA_4test8run_tests_0uEs_0INtNtNtCshw961UFXsya_4core3ops8function6FnOnceuE9call_once6vtableB17_
      in /data/projects/franken_alignment_wave4_gate2_20260908/.rch-target/release/build/fa-reference/e669633187e11169/out/profile_costs-e669633187e11169
    _RNvNvMs0_NtNtNtCs88x0hlevqs9_3std3sys6thread4unixNtB7_6Thread3new12thread_start
      in /data/projects/franken_alignment_wave4_gate2_20260908/.rch-target/release/build/fa-reference/e669633187e11169/out/profile_costs-e669633187e11169
    start_thread
      at ./nptl/pthread_create.c:454
      in /usr/lib/x86_64-linux-gnu/libc.so.6
    __clone3
      at ../sysdeps/unix/sysv/linux/x86_64/clone3.S:78
      in /usr/lib/x86_64-linux-gnu/libc.so.6
16.38K consumed over 120 calls from:
    _RINvNvMs2_NtCsfVXW7bATEob_5alloc7raw_vecINtB8_11RawVecInnerpE7reserve21do_reserve_and_handleNtNtBa_5alloc6GlobalECsbx1baUgb63R_12fa_reference
      in /data/projects/franken_alignment_wave4_gate2_20260908/.rch-target/release/build/fa-reference/e669633187e11169/out/profile_costs-e669633187e11169
    _RNvNtCsbx1baUgb63R_12fa_reference14canonical_json11json_string
      in /data/projects/franken_alignment_wave4_gate2_20260908/.rch-target/release/build/fa-reference/e669633187e11169/out/profile_costs-e669633187e11169
    _RNvNtCsbx1baUgb63R_12fa_reference14canonical_json6encode
      in /data/projects/franken_alignment_wave4_gate2_20260908/.rch-target/release/build/fa-reference/e669633187e11169/out/profile_costs-e669633187e11169
    _RNvCsd1K78oRme2b_13profile_costs19large_unicode_claim
      in /data/projects/franken_alignment_wave4_gate2_20260908/.rch-target/release/build/fa-reference/e669633187e11169/out/profile_costs-e669633187e11169
    _RNCNvCsd1K78oRme2b_13profile_costss_69fixed_reference_profile_costs_are_descriptive_and_assert_all_outcomess3_0B3_
      in /data/projects/franken_alignment_wave4_gate2_20260908/.rch-target/release/build/fa-reference/e669633187e11169/out/profile_costs-e669633187e11169
    _RNvCsd1K78oRme2b_13profile_costss_69fixed_reference_profile_costs_are_descriptive_and_assert_all_outcomes
      in /data/projects/franken_alignment_wave4_gate2_20260908/.rch-target/release/build/fa-reference/e669633187e11169/out/profile_costs-e669633187e11169
    _RNvYNCNvCsd1K78oRme2b_13profile_costs69fixed_reference_profile_costs_are_descriptive_and_assert_all_outcomes0INtNtNtCshw961UFXsya_4core3ops8function6FnOnceuE9call_onceB6_
      in /data/projects/franken_alignment_wave4_gate2_20260908/.rch-target/release/build/fa-reference/e669633187e11169/out/profile_costs-e669633187e11169
    _RINvCslSvshESn9jA_4test28___rust_begin_short_backtraceINtNtCshw961UFXsya_4core6result6ResultuNtNtCsfVXW7bATEob_5alloc6string6StringEFEBQ_EB2_
      in /data/projects/franken_alignment_wave4_gate2_20260908/.rch-target/release/build/fa-reference/e669633187e11169/out/profile_costs-e669633187e11169
    _RNCNvCslSvshESn9jA_4test8run_test0B3_
      in /data/projects/franken_alignment_wave4_gate2_20260908/.rch-target/release/build/fa-reference/e669633187e11169/out/profile_costs-e669633187e11169
    _RINvNtNtCs88x0hlevqs9_3std3sys9backtrace28___rust_begin_short_backtraceNCNvCslSvshESn9jA_4test8run_tests_0uEB1b_
      in /data/projects/franken_alignment_wave4_gate2_20260908/.rch-target/release/build/fa-reference/e669633187e11169/out/profile_costs-e669633187e11169
    _RNSNvYNCINvNtNtCs88x0hlevqs9_3std6thread9lifecycle15spawn_uncheckedNCNvCslSvshESn9jA_4test8run_tests_0uEs_0INtNtNtCshw961UFXsya_4core3ops8function6FnOnceuE9call_once6vtableB17_
      in /data/projects/franken_alignment_wave4_gate2_20260908/.rch-target/release/build/fa-reference/e669633187e11169/out/profile_costs-e669633187e11169
    _RNvNvMs0_NtNtNtCs88x0hlevqs9_3std3sys6thread4unixNtB7_6Thread3new12thread_start
      in /data/projects/franken_alignment_wave4_gate2_20260908/.rch-target/release/build/fa-reference/e669633187e11169/out/profile_costs-e669633187e11169
    start_thread
      at ./nptl/pthread_create.c:454
      in /usr/lib/x86_64-linux-gnu/libc.so.6
    __clone3
      at ../sysdeps/unix/sysv/linux/x86_64/clone3.S:78
      in /usr/lib/x86_64-linux-gnu/libc.so.6
16.38K consumed over 120 calls from:
    _RINvNvMs2_NtCsfVXW7bATEob_5alloc7raw_vecINtB8_11RawVecInnerpE7reserve21do_reserve_and_handleNtNtBa_5alloc6GlobalECsbx1baUgb63R_12fa_reference
      in /data/projects/franken_alignment_wave4_gate2_20260908/.rch-target/release/build/fa-reference/e669633187e11169/out/profile_costs-e669633187e11169
    _RNvNtCsbx1baUgb63R_12fa_reference14canonical_json11json_string
      in /data/projects/franken_alignment_wave4_gate2_20260908/.rch-target/release/build/fa-reference/e669633187e11169/out/profile_costs-e669633187e11169
    _RNvNtCsbx1baUgb63R_12fa_reference14canonical_json6encode
      in /data/projects/franken_alignment_wave4_gate2_20260908/.rch-target/release/build/fa-reference/e669633187e11169/out/profile_costs-e669633187e11169
    _RNvNtCsbx1baUgb63R_12fa_reference14canonical_json16decode_canonical
      in /data/projects/franken_alignment_wave4_gate2_20260908/.rch-target/release/build/fa-reference/e669633187e11169/out/profile_costs-e669633187e11169
    _RNvCsd1K78oRme2b_13profile_costs9roundtrip
      in /data/projects/franken_alignment_wave4_gate2_20260908/.rch-target/release/build/fa-reference/e669633187e11169/out/profile_costs-e669633187e11169
    _RNCNvCsd1K78oRme2b_13profile_costss_69fixed_reference_profile_costs_are_descriptive_and_assert_all_outcomess3_0B3_
      in /data/projects/franken_alignment_wave4_gate2_20260908/.rch-target/release/build/fa-reference/e669633187e11169/out/profile_costs-e669633187e11169
    _RNvCsd1K78oRme2b_13profile_costss_69fixed_reference_profile_costs_are_descriptive_and_assert_all_outcomes
      in /data/projects/franken_alignment_wave4_gate2_20260908/.rch-target/release/build/fa-reference/e669633187e11169/out/profile_costs-e669633187e11169
    _RNvYNCNvCsd1K78oRme2b_13profile_costs69fixed_reference_profile_costs_are_descriptive_and_assert_all_outcomes0INtNtNtCshw961UFXsya_4core3ops8function6FnOnceuE9call_onceB6_
      in /data/projects/franken_alignment_wave4_gate2_20260908/.rch-target/release/build/fa-reference/e669633187e11169/out/profile_costs-e669633187e11169
    _RINvCslSvshESn9jA_4test28___rust_begin_short_backtraceINtNtCshw961UFXsya_4core6result6ResultuNtNtCsfVXW7bATEob_5alloc6string6StringEFEBQ_EB2_
      in /data/projects/franken_alignment_wave4_gate2_20260908/.rch-target/release/build/fa-reference/e669633187e11169/out/profile_costs-e669633187e11169
    _RNCNvCslSvshESn9jA_4test8run_test0B3_
      in /data/projects/franken_alignment_wave4_gate2_20260908/.rch-target/release/build/fa-reference/e669633187e11169/out/profile_costs-e669633187e11169
    _RINvNtNtCs88x0hlevqs9_3std3sys9backtrace28___rust_begin_short_backtraceNCNvCslSvshESn9jA_4test8run_tests_0uEB1b_
      in /data/projects/franken_alignment_wave4_gate2_20260908/.rch-target/release/build/fa-reference/e669633187e11169/out/profile_costs-e669633187e11169
    _RNSNvYNCINvNtNtCs88x0hlevqs9_3std6thread9lifecycle15spawn_uncheckedNCNvCslSvshESn9jA_4test8run_tests_0uEs_0INtNtNtCshw961UFXsya_4core3ops8function6FnOnceuE9call_once6vtableB17_
      in /data/projects/franken_alignment_wave4_gate2_20260908/.rch-target/release/build/fa-reference/e669633187e11169/out/profile_costs-e669633187e11169
    _RNvNvMs0_NtNtNtCs88x0hlevqs9_3std3sys6thread4unixNtB7_6Thread3new12thread_start
      in /data/projects/franken_alignment_wave4_gate2_20260908/.rch-target/release/build/fa-reference/e669633187e11169/out/profile_costs-e669633187e11169
    start_thread
      at ./nptl/pthread_create.c:454
      in /usr/lib/x86_64-linux-gnu/libc.so.6
    __clone3
      at ../sysdeps/unix/sysv/linux/x86_64/clone3.S:78
      in /usr/lib/x86_64-linux-gnu/libc.so.6
  and 9.03K from 113 other places

8.20K peak memory consumed over 74 calls from
_RNvNtCsbx1baUgb63R_12fa_reference14canonical_json10text_field
  in /data/projects/franken_alignment_wave4_gate2_20260908/.rch-target/release/build/fa-reference/e669633187e11169/out/profile_costs-e669633187e11169
8.19K consumed over 12 calls from:
    _RNvNtCsbx1baUgb63R_12fa_reference14canonical_json14validate_claim
      in /data/projects/franken_alignment_wave4_gate2_20260908/.rch-target/release/build/fa-reference/e669633187e11169/out/profile_costs-e669633187e11169
    _RNvNtCsbx1baUgb63R_12fa_reference14canonical_json13validate_json
      in /data/projects/franken_alignment_wave4_gate2_20260908/.rch-target/release/build/fa-reference/e669633187e11169/out/profile_costs-e669633187e11169
    _RNvNtCsbx1baUgb63R_12fa_reference14canonical_json16decode_canonical
      in /data/projects/franken_alignment_wave4_gate2_20260908/.rch-target/release/build/fa-reference/e669633187e11169/out/profile_costs-e669633187e11169
    _RNvCsd1K78oRme2b_13profile_costs9roundtrip
      in /data/projects/franken_alignment_wave4_gate2_20260908/.rch-target/release/build/fa-reference/e669633187e11169/out/profile_costs-e669633187e11169
    _RNCNvCsd1K78oRme2b_13profile_costss_69fixed_reference_profile_costs_are_descriptive_and_assert_all_outcomess3_0B3_
      in /data/projects/franken_alignment_wave4_gate2_20260908/.rch-target/release/build/fa-reference/e669633187e11169/out/profile_costs-e669633187e11169
    _RNvCsd1K78oRme2b_13profile_costss_69fixed_reference_profile_costs_are_descriptive_and_assert_all_outcomes
      in /data/projects/franken_alignment_wave4_gate2_20260908/.rch-target/release/build/fa-reference/e669633187e11169/out/profile_costs-e669633187e11169
    _RNvYNCNvCsd1K78oRme2b_13profile_costs69fixed_reference_profile_costs_are_descriptive_and_assert_all_outcomes0INtNtNtCshw961UFXsya_4core3ops8function6FnOnceuE9call_onceB6_
      in /data/projects/franken_alignment_wave4_gate2_20260908/.rch-target/release/build/fa-reference/e669633187e11169/out/profile_costs-e669633187e11169
    _RINvCslSvshESn9jA_4test28___rust_begin_short_backtraceINtNtCshw961UFXsya_4core6result6ResultuNtNtCsfVXW7bATEob_5alloc6string6StringEFEBQ_EB2_
      in /data/projects/franken_alignment_wave4_gate2_20260908/.rch-target/release/build/fa-reference/e669633187e11169/out/profile_costs-e669633187e11169
    _RNCNvCslSvshESn9jA_4test8run_test0B3_
      in /data/projects/franken_alignment_wave4_gate2_20260908/.rch-target/release/build/fa-reference/e669633187e11169/out/profile_costs-e669633187e11169
    _RINvNtNtCs88x0hlevqs9_3std3sys9backtrace28___rust_begin_short_backtraceNCNvCslSvshESn9jA_4test8run_tests_0uEB1b_
      in /data/projects/franken_alignment_wave4_gate2_20260908/.rch-target/release/build/fa-reference/e669633187e11169/out/profile_costs-e669633187e11169
    _RNSNvYNCINvNtNtCs88x0hlevqs9_3std6thread9lifecycle15spawn_uncheckedNCNvCslSvshESn9jA_4test8run_tests_0uEs_0INtNtNtCshw961UFXsya_4core3ops8function6FnOnceuE9call_once6vtableB17_
      in /data/projects/franken_alignment_wave4_gate2_20260908/.rch-target/release/build/fa-reference/e669633187e11169/out/profile_costs-e669633187e11169
    _RNvNvMs0_NtNtNtCs88x0hlevqs9_3std3sys6thread4unixNtB7_6Thread3new12thread_start
      in /data/projects/franken_alignment_wave4_gate2_20260908/.rch-target/release/build/fa-reference/e669633187e11169/out/profile_costs-e669633187e11169
    start_thread
      at ./nptl/pthread_create.c:454
      in /usr/lib/x86_64-linux-gnu/libc.so.6
    __clone3
      at ../sysdeps/unix/sysv/linux/x86_64/clone3.S:78
      in /usr/lib/x86_64-linux-gnu/libc.so.6
14B consumed over 12 calls from:
    _RNvNtCsbx1baUgb63R_12fa_reference14canonical_json14validate_claim
      in /data/projects/franken_alignment_wave4_gate2_20260908/.rch-target/release/build/fa-reference/e669633187e11169/out/profile_costs-e669633187e11169
    _RNvNtCsbx1baUgb63R_12fa_reference14canonical_json13validate_json
      in /data/projects/franken_alignment_wave4_gate2_20260908/.rch-target/release/build/fa-reference/e669633187e11169/out/profile_costs-e669633187e11169
    _RNvNtCsbx1baUgb63R_12fa_reference14canonical_json16decode_canonical
      in /data/projects/franken_alignment_wave4_gate2_20260908/.rch-target/release/build/fa-reference/e669633187e11169/out/profile_costs-e669633187e11169
    _RNvCsd1K78oRme2b_13profile_costs9roundtrip
      in /data/projects/franken_alignment_wave4_gate2_20260908/.rch-target/release/build/fa-reference/e669633187e11169/out/profile_costs-e669633187e11169
    _RNCNvCsd1K78oRme2b_13profile_costss_69fixed_reference_profile_costs_are_descriptive_and_assert_all_outcomess3_0B3_
      in /data/projects/franken_alignment_wave4_gate2_20260908/.rch-target/release/build/fa-reference/e669633187e11169/out/profile_costs-e669633187e11169
    _RNvCsd1K78oRme2b_13profile_costss_69fixed_reference_profile_costs_are_descriptive_and_assert_all_outcomes
      in /data/projects/franken_alignment_wave4_gate2_20260908/.rch-target/release/build/fa-reference/e669633187e11169/out/profile_costs-e669633187e11169
    _RNvYNCNvCsd1K78oRme2b_13profile_costs69fixed_reference_profile_costs_are_descriptive_and_assert_all_outcomes0INtNtNtCshw961UFXsya_4core3ops8function6FnOnceuE9call_onceB6_
      in /data/projects/franken_alignment_wave4_gate2_20260908/.rch-target/release/build/fa-reference/e669633187e11169/out/profile_costs-e669633187e11169
    _RINvCslSvshESn9jA_4test28___rust_begin_short_backtraceINtNtCshw961UFXsya_4core6result6ResultuNtNtCsfVXW7bATEob_5alloc6string6StringEFEBQ_EB2_
      in /data/projects/franken_alignment_wave4_gate2_20260908/.rch-target/release/build/fa-reference/e669633187e11169/out/profile_costs-e669633187e11169
    _RNCNvCslSvshESn9jA_4test8run_test0B3_
      in /data/projects/franken_alignment_wave4_gate2_20260908/.rch-target/release/build/fa-reference/e669633187e11169/out/profile_costs-e669633187e11169
    _RINvNtNtCs88x0hlevqs9_3std3sys9backtrace28___rust_begin_short_backtraceNCNvCslSvshESn9jA_4test8run_tests_0uEB1b_
      in /data/projects/franken_alignment_wave4_gate2_20260908/.rch-target/release/build/fa-reference/e669633187e11169/out/profile_costs-e669633187e11169
    _RNSNvYNCINvNtNtCs88x0hlevqs9_3std6thread9lifecycle15spawn_uncheckedNCNvCslSvshESn9jA_4test8run_tests_0uEs_0INtNtNtCshw961UFXsya_4core3ops8function6FnOnceuE9call_once6vtableB17_
      in /data/projects/franken_alignment_wave4_gate2_20260908/.rch-target/release/build/fa-reference/e669633187e11169/out/profile_costs-e669633187e11169
    _RNvNvMs0_NtNtNtCs88x0hlevqs9_3std3sys6thread4unixNtB7_6Thread3new12thread_start
      in /data/projects/franken_alignment_wave4_gate2_20260908/.rch-target/release/build/fa-reference/e669633187e11169/out/profile_costs-e669633187e11169
    start_thread
      at ./nptl/pthread_create.c:454
      in /usr/lib/x86_64-linux-gnu/libc.so.6
    __clone3
      at ../sysdeps/unix/sysv/linux/x86_64/clone3.S:78
      in /usr/lib/x86_64-linux-gnu/libc.so.6
  and 0B from 5 other places

1.02K peak memory consumed over 1 calls from
_RNCINvMs0_NtNtCs88x0hlevqs9_3std4sync4onceNtB8_4Once15call_once_forceNCINvMNtBa_9once_lockINtB1b_8OnceLockINtNtBa_14reentrant_lock13ReentrantLockINtNtCshw961UFXsya_4core4cell7RefCellINtNtNtNtCsfVXW7bATEob_5alloc2io8buffered10linewriter10LineWriterNtNtNtBc_2io5stdio9StdoutRawEEEE10initializeNCINvB1a_11get_or_initNCNvB3Z_6stdout0E0zE0E0Bc_.llvm.4284730009593755168
  in /data/projects/franken_alignment_wave4_gate2_20260908/.rch-target/release/build/fa-reference/e669633187e11169/out/profile_costs-e669633187e11169
1.02K consumed over 1 calls from:
    _RNvMs0_NtNtNtNtCs88x0hlevqs9_3std3sys4sync4once5futexNtB5_4Once4call
      in /data/projects/franken_alignment_wave4_gate2_20260908/.rch-target/release/build/fa-reference/e669633187e11169/out/profile_costs-e669633187e11169
    _RINvMNtNtCs88x0hlevqs9_3std4sync9once_lockINtB3_8OnceLockINtNtB5_14reentrant_lock13ReentrantLockINtNtCshw961UFXsya_4core4cell7RefCellINtNtNtNtCsfVXW7bATEob_5alloc2io8buffered10linewriter10LineWriterNtNtNtB7_2io5stdio9StdoutRawEEEE10initializeNCINvB2_11get_or_initNCNvB3c_6stdout0E0zEB7_.llvm.4284730009593755168
      in /data/projects/franken_alignment_wave4_gate2_20260908/.rch-target/release/build/fa-reference/e669633187e11169/out/profile_costs-e669633187e11169
    _RNvNtCslSvshESn9jA_4test7console17run_tests_console
      in /data/projects/franken_alignment_wave4_gate2_20260908/.rch-target/release/build/fa-reference/e669633187e11169/out/profile_costs-e669633187e11169
    _RNvCslSvshESn9jA_4test16test_main_static
      in /data/projects/franken_alignment_wave4_gate2_20260908/.rch-target/release/build/fa-reference/e669633187e11169/out/profile_costs-e669633187e11169
    _RINvNtNtCs88x0hlevqs9_3std3sys9backtrace28___rust_begin_short_backtraceFEuuECsd1K78oRme2b_13profile_costs
      in /data/projects/franken_alignment_wave4_gate2_20260908/.rch-target/release/build/fa-reference/e669633187e11169/out/profile_costs-e669633187e11169
    _RNCINvNtCs88x0hlevqs9_3std2rt10lang_startuE0Csd1K78oRme2b_13profile_costs
      in /data/projects/franken_alignment_wave4_gate2_20260908/.rch-target/release/build/fa-reference/e669633187e11169/out/profile_costs-e669633187e11169
    _RNvNtCs88x0hlevqs9_3std2rt19lang_start_internal
      in /data/projects/franken_alignment_wave4_gate2_20260908/.rch-target/release/build/fa-reference/e669633187e11169/out/profile_costs-e669633187e11169
    main
      in /data/projects/franken_alignment_wave4_gate2_20260908/.rch-target/release/build/fa-reference/e669633187e11169/out/profile_costs-e669633187e11169

736B peak memory consumed over 6 calls from
_RNvMs5_NtCsfVXW7bATEob_5alloc7raw_vecNtB5_11RawVecInner11finish_growCslSvshESn9jA_4test
  in /data/projects/franken_alignment_wave4_gate2_20260908/.rch-target/release/build/fa-reference/e669633187e11169/out/profile_costs-e669633187e11169
640B consumed over 1 calls from:
    _RNvMs4_NtCsfVXW7bATEob_5alloc7raw_vecINtB5_6RawVecTNtNtCslSvshESn9jA_4test5types6TestIdNtBP_13TestDescAndFnEE8grow_oneBR_
      in /data/projects/franken_alignment_wave4_gate2_20260908/.rch-target/release/build/fa-reference/e669633187e11169/out/profile_costs-e669633187e11169
    _RNvNtCslSvshESn9jA_4test7console17run_tests_console
      in /data/projects/franken_alignment_wave4_gate2_20260908/.rch-target/release/build/fa-reference/e669633187e11169/out/profile_costs-e669633187e11169
    _RNvCslSvshESn9jA_4test16test_main_static
      in /data/projects/franken_alignment_wave4_gate2_20260908/.rch-target/release/build/fa-reference/e669633187e11169/out/profile_costs-e669633187e11169
    _RINvNtNtCs88x0hlevqs9_3std3sys9backtrace28___rust_begin_short_backtraceFEuuECsd1K78oRme2b_13profile_costs
      in /data/projects/franken_alignment_wave4_gate2_20260908/.rch-target/release/build/fa-reference/e669633187e11169/out/profile_costs-e669633187e11169
    _RNCINvNtCs88x0hlevqs9_3std2rt10lang_startuE0Csd1K78oRme2b_13profile_costs
      in /data/projects/franken_alignment_wave4_gate2_20260908/.rch-target/release/build/fa-reference/e669633187e11169/out/profile_costs-e669633187e11169
    _RNvNtCs88x0hlevqs9_3std2rt19lang_start_internal
      in /data/projects/franken_alignment_wave4_gate2_20260908/.rch-target/release/build/fa-reference/e669633187e11169/out/profile_costs-e669633187e11169
    main
      in /data/projects/franken_alignment_wave4_gate2_20260908/.rch-target/release/build/fa-reference/e669633187e11169/out/profile_costs-e669633187e11169
96B consumed over 1 calls from:
    _RNvMs4_NtCsfVXW7bATEob_5alloc7raw_vecINtB5_6RawVecNtNtCs88x0hlevqs9_3std4path7PathBufE8grow_oneCslSvshESn9jA_4test
      in /data/projects/franken_alignment_wave4_gate2_20260908/.rch-target/release/build/fa-reference/e669633187e11169/out/profile_costs-e669633187e11169
    _RNvMs0_NtNtNtCs88x0hlevqs9_3std4sync4mpmc5wakerNtB5_9SyncWaker8register
      in /data/projects/franken_alignment_wave4_gate2_20260908/.rch-target/release/build/fa-reference/e669633187e11169/out/profile_costs-e669633187e11169
    _RNCNvMs1_NtNtNtCs88x0hlevqs9_3std4sync4mpmc4listINtB7_7ChannelNtNtCslSvshESn9jA_4test5event13CompletedTestE4recvs_0B12_
      in /data/projects/franken_alignment_wave4_gate2_20260908/.rch-target/release/build/fa-reference/e669633187e11169/out/profile_costs-e669633187e11169
    _RNvMs1_NtNtNtCs88x0hlevqs9_3std4sync4mpmc4listINtB5_7ChannelNtNtCslSvshESn9jA_4test5event13CompletedTestE4recvB10_
      in /data/projects/franken_alignment_wave4_gate2_20260908/.rch-target/release/build/fa-reference/e669633187e11169/out/profile_costs-e669633187e11169
    _RNvNtCslSvshESn9jA_4test7console17run_tests_console
      in /data/projects/franken_alignment_wave4_gate2_20260908/.rch-target/release/build/fa-reference/e669633187e11169/out/profile_costs-e669633187e11169
    _RNvCslSvshESn9jA_4test16test_main_static
      in /data/projects/franken_alignment_wave4_gate2_20260908/.rch-target/release/build/fa-reference/e669633187e11169/out/profile_costs-e669633187e11169
    _RINvNtNtCs88x0hlevqs9_3std3sys9backtrace28___rust_begin_short_backtraceFEuuECsd1K78oRme2b_13profile_costs
      in /data/projects/franken_alignment_wave4_gate2_20260908/.rch-target/release/build/fa-reference/e669633187e11169/out/profile_costs-e669633187e11169
    _RNCINvNtCs88x0hlevqs9_3std2rt10lang_startuE0Csd1K78oRme2b_13profile_costs
      in /data/projects/franken_alignment_wave4_gate2_20260908/.rch-target/release/build/fa-reference/e669633187e11169/out/profile_costs-e669633187e11169
    _RNvNtCs88x0hlevqs9_3std2rt19lang_start_internal
      in /data/projects/franken_alignment_wave4_gate2_20260908/.rch-target/release/build/fa-reference/e669633187e11169/out/profile_costs-e669633187e11169
    main
      in /data/projects/franken_alignment_wave4_gate2_20260908/.rch-target/release/build/fa-reference/e669633187e11169/out/profile_costs-e669633187e11169
  and 0B from 2 other places

648B peak memory consumed over 2 calls from
_RNvNtCslSvshESn9jA_4test7console17run_tests_console
  in /data/projects/franken_alignment_wave4_gate2_20260908/.rch-target/release/build/fa-reference/e669633187e11169/out/profile_costs-e669633187e11169
512B consumed over 1 calls from:
    _RNvCslSvshESn9jA_4test16test_main_static
      in /data/projects/franken_alignment_wave4_gate2_20260908/.rch-target/release/build/fa-reference/e669633187e11169/out/profile_costs-e669633187e11169
    _RINvNtNtCs88x0hlevqs9_3std3sys9backtrace28___rust_begin_short_backtraceFEuuECsd1K78oRme2b_13profile_costs
      in /data/projects/franken_alignment_wave4_gate2_20260908/.rch-target/release/build/fa-reference/e669633187e11169/out/profile_costs-e669633187e11169
    _RNCINvNtCs88x0hlevqs9_3std2rt10lang_startuE0Csd1K78oRme2b_13profile_costs
      in /data/projects/franken_alignment_wave4_gate2_20260908/.rch-target/release/build/fa-reference/e669633187e11169/out/profile_costs-e669633187e11169
    _RNvNtCs88x0hlevqs9_3std2rt19lang_start_internal
      in /data/projects/franken_alignment_wave4_gate2_20260908/.rch-target/release/build/fa-reference/e669633187e11169/out/profile_costs-e669633187e11169
    main
      in /data/projects/franken_alignment_wave4_gate2_20260908/.rch-target/release/build/fa-reference/e669633187e11169/out/profile_costs-e669633187e11169
136B consumed over 1 calls from:
    _RNvCslSvshESn9jA_4test16test_main_static
      in /data/projects/franken_alignment_wave4_gate2_20260908/.rch-target/release/build/fa-reference/e669633187e11169/out/profile_costs-e669633187e11169
    _RINvNtNtCs88x0hlevqs9_3std3sys9backtrace28___rust_begin_short_backtraceFEuuECsd1K78oRme2b_13profile_costs
      in /data/projects/franken_alignment_wave4_gate2_20260908/.rch-target/release/build/fa-reference/e669633187e11169/out/profile_costs-e669633187e11169
    _RNCINvNtCs88x0hlevqs9_3std2rt10lang_startuE0Csd1K78oRme2b_13profile_costs
      in /data/projects/franken_alignment_wave4_gate2_20260908/.rch-target/release/build/fa-reference/e669633187e11169/out/profile_costs-e669633187e11169
    _RNvNtCs88x0hlevqs9_3std2rt19lang_start_internal
      in /data/projects/franken_alignment_wave4_gate2_20260908/.rch-target/release/build/fa-reference/e669633187e11169/out/profile_costs-e669633187e11169
    main
      in /data/projects/franken_alignment_wave4_gate2_20260908/.rch-target/release/build/fa-reference/e669633187e11169/out/profile_costs-e669633187e11169

632B peak memory consumed over 1248 calls from
_RNvMs4_NtCsbx1baUgb63R_12fa_reference11strict_jsonNtB5_6Parser12parse_object
  in /data/projects/franken_alignment_wave4_gate2_20260908/.rch-target/release/build/fa-reference/e669633187e11169/out/profile_costs-e669633187e11169
632B consumed over 12 calls from:
    _RNvNtCsbx1baUgb63R_12fa_reference11strict_json5parse
      in /data/projects/franken_alignment_wave4_gate2_20260908/.rch-target/release/build/fa-reference/e669633187e11169/out/profile_costs-e669633187e11169
    _RNvNtCsbx1baUgb63R_12fa_reference14canonical_json16decode_canonical
      in /data/projects/franken_alignment_wave4_gate2_20260908/.rch-target/release/build/fa-reference/e669633187e11169/out/profile_costs-e669633187e11169
    _RNvCsd1K78oRme2b_13profile_costs9roundtrip
      in /data/projects/franken_alignment_wave4_gate2_20260908/.rch-target/release/build/fa-reference/e669633187e11169/out/profile_costs-e669633187e11169
    _RNCNvCsd1K78oRme2b_13profile_costss_69fixed_reference_profile_costs_are_descriptive_and_assert_all_outcomess3_0B3_
      in /data/projects/franken_alignment_wave4_gate2_20260908/.rch-target/release/build/fa-reference/e669633187e11169/out/profile_costs-e669633187e11169
    _RNvCsd1K78oRme2b_13profile_costss_69fixed_reference_profile_costs_are_descriptive_and_assert_all_outcomes
      in /data/projects/franken_alignment_wave4_gate2_20260908/.rch-target/release/build/fa-reference/e669633187e11169/out/profile_costs-e669633187e11169
    _RNvYNCNvCsd1K78oRme2b_13profile_costs69fixed_reference_profile_costs_are_descriptive_and_assert_all_outcomes0INtNtNtCshw961UFXsya_4core3ops8function6FnOnceuE9call_onceB6_
      in /data/projects/franken_alignment_wave4_gate2_20260908/.rch-target/release/build/fa-reference/e669633187e11169/out/profile_costs-e669633187e11169
    _RINvCslSvshESn9jA_4test28___rust_begin_short_backtraceINtNtCshw961UFXsya_4core6result6ResultuNtNtCsfVXW7bATEob_5alloc6string6StringEFEBQ_EB2_
      in /data/projects/franken_alignment_wave4_gate2_20260908/.rch-target/release/build/fa-reference/e669633187e11169/out/profile_costs-e669633187e11169
    _RNCNvCslSvshESn9jA_4test8run_test0B3_
      in /data/projects/franken_alignment_wave4_gate2_20260908/.rch-target/release/build/fa-reference/e669633187e11169/out/profile_costs-e669633187e11169
    _RINvNtNtCs88x0hlevqs9_3std3sys9backtrace28___rust_begin_short_backtraceNCNvCslSvshESn9jA_4test8run_tests_0uEB1b_
      in /data/projects/franken_alignment_wave4_gate2_20260908/.rch-target/release/build/fa-reference/e669633187e11169/out/profile_costs-e669633187e11169
    _RNSNvYNCINvNtNtCs88x0hlevqs9_3std6thread9lifecycle15spawn_uncheckedNCNvCslSvshESn9jA_4test8run_tests_0uEs_0INtNtNtCshw961UFXsya_4core3ops8function6FnOnceuE9call_once6vtableB17_
      in /data/projects/franken_alignment_wave4_gate2_20260908/.rch-target/release/build/fa-reference/e669633187e11169/out/profile_costs-e669633187e11169
    _RNvNvMs0_NtNtNtCs88x0hlevqs9_3std3sys6thread4unixNtB7_6Thread3new12thread_start
      in /data/projects/franken_alignment_wave4_gate2_20260908/.rch-target/release/build/fa-reference/e669633187e11169/out/profile_costs-e669633187e11169
    start_thread
      at ./nptl/pthread_create.c:454
      in /usr/lib/x86_64-linux-gnu/libc.so.6
    __clone3
      at ../sysdeps/unix/sysv/linux/x86_64/clone3.S:78
      in /usr/lib/x86_64-linux-gnu/libc.so.6
  and 0B from 27 other places

617B peak memory consumed over 3 calls from
_RNvNtNtNtNtNtCs88x0hlevqs9_3std3sys3pal4unix14stack_overflow11thread_info16set_current_info
  in /data/projects/franken_alignment_wave4_gate2_20260908/.rch-target/release/build/fa-reference/e669633187e11169/out/profile_costs-e669633187e11169
544B consumed over 1 calls from:
    _RNvNtCs88x0hlevqs9_3std2rt19lang_start_internal
      in /data/projects/franken_alignment_wave4_gate2_20260908/.rch-target/release/build/fa-reference/e669633187e11169/out/profile_costs-e669633187e11169
    main
      in /data/projects/franken_alignment_wave4_gate2_20260908/.rch-target/release/build/fa-reference/e669633187e11169/out/profile_costs-e669633187e11169
69B consumed over 1 calls from:
    _RNvNtNtNtNtNtCs88x0hlevqs9_3std3sys3pal4unix14stack_overflow3imp12make_handler
      in /data/projects/franken_alignment_wave4_gate2_20260908/.rch-target/release/build/fa-reference/e669633187e11169/out/profile_costs-e669633187e11169
    _RNvNvMs0_NtNtNtCs88x0hlevqs9_3std3sys6thread4unixNtB7_6Thread3new12thread_start
      in /data/projects/franken_alignment_wave4_gate2_20260908/.rch-target/release/build/fa-reference/e669633187e11169/out/profile_costs-e669633187e11169
    start_thread
      at ./nptl/pthread_create.c:454
      in /usr/lib/x86_64-linux-gnu/libc.so.6
    __clone3
      at ../sysdeps/unix/sysv/linux/x86_64/clone3.S:78
      in /usr/lib/x86_64-linux-gnu/libc.so.6
4B consumed over 1 calls from:
    _RNvNtCs88x0hlevqs9_3std2rt19lang_start_internal
      in /data/projects/franken_alignment_wave4_gate2_20260908/.rch-target/release/build/fa-reference/e669633187e11169/out/profile_costs-e669633187e11169
    main
      in /data/projects/franken_alignment_wave4_gate2_20260908/.rch-target/release/build/fa-reference/e669633187e11169/out/profile_costs-e669633187e11169

456B peak memory consumed over 6 calls from
_RNvCslSvshESn9jA_4test8run_test
  in /data/projects/franken_alignment_wave4_gate2_20260908/.rch-target/release/build/fa-reference/e669633187e11169/out/profile_costs-e669633187e11169
312B consumed over 1 calls from:
    _RNvNtCslSvshESn9jA_4test7console17run_tests_console
      in /data/projects/franken_alignment_wave4_gate2_20260908/.rch-target/release/build/fa-reference/e669633187e11169/out/profile_costs-e669633187e11169
    _RNvCslSvshESn9jA_4test16test_main_static
      in /data/projects/franken_alignment_wave4_gate2_20260908/.rch-target/release/build/fa-reference/e669633187e11169/out/profile_costs-e669633187e11169
    _RINvNtNtCs88x0hlevqs9_3std3sys9backtrace28___rust_begin_short_backtraceFEuuECsd1K78oRme2b_13profile_costs
      in /data/projects/franken_alignment_wave4_gate2_20260908/.rch-target/release/build/fa-reference/e669633187e11169/out/profile_costs-e669633187e11169
    _RNCINvNtCs88x0hlevqs9_3std2rt10lang_startuE0Csd1K78oRme2b_13profile_costs
      in /data/projects/franken_alignment_wave4_gate2_20260908/.rch-target/release/build/fa-reference/e669633187e11169/out/profile_costs-e669633187e11169
    _RNvNtCs88x0hlevqs9_3std2rt19lang_start_internal
      in /data/projects/franken_alignment_wave4_gate2_20260908/.rch-target/release/build/fa-reference/e669633187e11169/out/profile_costs-e669633187e11169
    main
      in /data/projects/franken_alignment_wave4_gate2_20260908/.rch-target/release/build/fa-reference/e669633187e11169/out/profile_costs-e669633187e11169
48B consumed over 1 calls from:
    _RNvNtCslSvshESn9jA_4test7console17run_tests_console
      in /data/projects/franken_alignment_wave4_gate2_20260908/.rch-target/release/build/fa-reference/e669633187e11169/out/profile_costs-e669633187e11169
    _RNvCslSvshESn9jA_4test16test_main_static
      in /data/projects/franken_alignment_wave4_gate2_20260908/.rch-target/release/build/fa-reference/e669633187e11169/out/profile_costs-e669633187e11169
    _RINvNtNtCs88x0hlevqs9_3std3sys9backtrace28___rust_begin_short_backtraceFEuuECsd1K78oRme2b_13profile_costs
      in /data/projects/franken_alignment_wave4_gate2_20260908/.rch-target/release/build/fa-reference/e669633187e11169/out/profile_costs-e669633187e11169
    _RNCINvNtCs88x0hlevqs9_3std2rt10lang_startuE0Csd1K78oRme2b_13profile_costs
      in /data/projects/franken_alignment_wave4_gate2_20260908/.rch-target/release/build/fa-reference/e669633187e11169/out/profile_costs-e669633187e11169
    _RNvNtCs88x0hlevqs9_3std2rt19lang_start_internal
      in /data/projects/franken_alignment_wave4_gate2_20260908/.rch-target/release/build/fa-reference/e669633187e11169/out/profile_costs-e669633187e11169
    main
      in /data/projects/franken_alignment_wave4_gate2_20260908/.rch-target/release/build/fa-reference/e669633187e11169/out/profile_costs-e669633187e11169
48B consumed over 1 calls from:
    _RNvNtCslSvshESn9jA_4test7console17run_tests_console
      in /data/projects/franken_alignment_wave4_gate2_20260908/.rch-target/release/build/fa-reference/e669633187e11169/out/profile_costs-e669633187e11169
    _RNvCslSvshESn9jA_4test16test_main_static
      in /data/projects/franken_alignment_wave4_gate2_20260908/.rch-target/release/build/fa-reference/e669633187e11169/out/profile_costs-e669633187e11169
    _RINvNtNtCs88x0hlevqs9_3std3sys9backtrace28___rust_begin_short_backtraceFEuuECsd1K78oRme2b_13profile_costs
      in /data/projects/franken_alignment_wave4_gate2_20260908/.rch-target/release/build/fa-reference/e669633187e11169/out/profile_costs-e669633187e11169
    _RNCINvNtCs88x0hlevqs9_3std2rt10lang_startuE0Csd1K78oRme2b_13profile_costs
      in /data/projects/franken_alignment_wave4_gate2_20260908/.rch-target/release/build/fa-reference/e669633187e11169/out/profile_costs-e669633187e11169
    _RNvNtCs88x0hlevqs9_3std2rt19lang_start_internal
      in /data/projects/franken_alignment_wave4_gate2_20260908/.rch-target/release/build/fa-reference/e669633187e11169/out/profile_costs-e669633187e11169
    main
      in /data/projects/franken_alignment_wave4_gate2_20260908/.rch-target/release/build/fa-reference/e669633187e11169/out/profile_costs-e669633187e11169
  and 48B from 3 other places

352B peak memory consumed over 1 calls from
__GI__dl_allocate_tls::allocate_dtv::calloc
  at ../include/rtld-malloc.h:44
  in /lib64/ld-linux-x86-64.so.2
__GI__dl_allocate_tls::allocate_dtv
  at ./elf/../elf/dl-tls.c:470
__GI__dl_allocate_tls
  at ./elf/../elf/dl-tls.c:722
352B consumed over 1 calls from:
    __pthread_create_2_1::allocate_stack
      at ./nptl/allocatestack.c:568
      in /usr/lib/x86_64-linux-gnu/libc.so.6
    __pthread_create_2_1
      at ./nptl/./nptl/pthread_create.c:680
    _RNvMs0_NtNtNtCs88x0hlevqs9_3std3sys6thread4unixNtB5_6Thread3new
      in /data/projects/franken_alignment_wave4_gate2_20260908/.rch-target/release/build/fa-reference/e669633187e11169/out/profile_costs-e669633187e11169
    _RNvCslSvshESn9jA_4test8run_test
      in /data/projects/franken_alignment_wave4_gate2_20260908/.rch-target/release/build/fa-reference/e669633187e11169/out/profile_costs-e669633187e11169
    _RNvNtCslSvshESn9jA_4test7console17run_tests_console
      in /data/projects/franken_alignment_wave4_gate2_20260908/.rch-target/release/build/fa-reference/e669633187e11169/out/profile_costs-e669633187e11169
    _RNvCslSvshESn9jA_4test16test_main_static
      in /data/projects/franken_alignment_wave4_gate2_20260908/.rch-target/release/build/fa-reference/e669633187e11169/out/profile_costs-e669633187e11169
    _RINvNtNtCs88x0hlevqs9_3std3sys9backtrace28___rust_begin_short_backtraceFEuuECsd1K78oRme2b_13profile_costs
      in /data/projects/franken_alignment_wave4_gate2_20260908/.rch-target/release/build/fa-reference/e669633187e11169/out/profile_costs-e669633187e11169
    _RNCINvNtCs88x0hlevqs9_3std2rt10lang_startuE0Csd1K78oRme2b_13profile_costs
      in /data/projects/franken_alignment_wave4_gate2_20260908/.rch-target/release/build/fa-reference/e669633187e11169/out/profile_costs-e669633187e11169
    _RNvNtCs88x0hlevqs9_3std2rt19lang_start_internal
      in /data/projects/franken_alignment_wave4_gate2_20260908/.rch-target/release/build/fa-reference/e669633187e11169/out/profile_costs-e669633187e11169
    main
      in /data/projects/franken_alignment_wave4_gate2_20260908/.rch-target/release/build/fa-reference/e669633187e11169/out/profile_costs-e669633187e11169

257B peak memory consumed over 6 calls from
_RNvNtCs88x0hlevqs9_3std3env7args_os
  in /data/projects/franken_alignment_wave4_gate2_20260908/.rch-target/release/build/fa-reference/e669633187e11169/out/profile_costs-e669633187e11169
257B consumed over 5 calls from:
    _RNvCslSvshESn9jA_4test16test_main_static
      in /data/projects/franken_alignment_wave4_gate2_20260908/.rch-target/release/build/fa-reference/e669633187e11169/out/profile_costs-e669633187e11169
    _RINvNtNtCs88x0hlevqs9_3std3sys9backtrace28___rust_begin_short_backtraceFEuuECsd1K78oRme2b_13profile_costs
      in /data/projects/franken_alignment_wave4_gate2_20260908/.rch-target/release/build/fa-reference/e669633187e11169/out/profile_costs-e669633187e11169
    _RNCINvNtCs88x0hlevqs9_3std2rt10lang_startuE0Csd1K78oRme2b_13profile_costs
      in /data/projects/franken_alignment_wave4_gate2_20260908/.rch-target/release/build/fa-reference/e669633187e11169/out/profile_costs-e669633187e11169
    _RNvNtCs88x0hlevqs9_3std2rt19lang_start_internal
      in /data/projects/franken_alignment_wave4_gate2_20260908/.rch-target/release/build/fa-reference/e669633187e11169/out/profile_costs-e669633187e11169
    main
      in /data/projects/franken_alignment_wave4_gate2_20260908/.rch-target/release/build/fa-reference/e669633187e11169/out/profile_costs-e669633187e11169

192B peak memory consumed over 112 calls from
_RNvCsd1K78oRme2b_13profile_costss_69fixed_reference_profile_costs_are_descriptive_and_assert_all_outcomes
  in /data/projects/franken_alignment_wave4_gate2_20260908/.rch-target/release/build/fa-reference/e669633187e11169/out/profile_costs-e669633187e11169
192B consumed over 1 calls from:
    _RNvYNCNvCsd1K78oRme2b_13profile_costs69fixed_reference_profile_costs_are_descriptive_and_assert_all_outcomes0INtNtNtCshw961UFXsya_4core3ops8function6FnOnceuE9call_onceB6_
      in /data/projects/franken_alignment_wave4_gate2_20260908/.rch-target/release/build/fa-reference/e669633187e11169/out/profile_costs-e669633187e11169
    _RINvCslSvshESn9jA_4test28___rust_begin_short_backtraceINtNtCshw961UFXsya_4core6result6ResultuNtNtCsfVXW7bATEob_5alloc6string6StringEFEBQ_EB2_
      in /data/projects/franken_alignment_wave4_gate2_20260908/.rch-target/release/build/fa-reference/e669633187e11169/out/profile_costs-e669633187e11169
    _RNCNvCslSvshESn9jA_4test8run_test0B3_
      in /data/projects/franken_alignment_wave4_gate2_20260908/.rch-target/release/build/fa-reference/e669633187e11169/out/profile_costs-e669633187e11169
    _RINvNtNtCs88x0hlevqs9_3std3sys9backtrace28___rust_begin_short_backtraceNCNvCslSvshESn9jA_4test8run_tests_0uEB1b_
      in /data/projects/franken_alignment_wave4_gate2_20260908/.rch-target/release/build/fa-reference/e669633187e11169/out/profile_costs-e669633187e11169
    _RNSNvYNCINvNtNtCs88x0hlevqs9_3std6thread9lifecycle15spawn_uncheckedNCNvCslSvshESn9jA_4test8run_tests_0uEs_0INtNtNtCshw961UFXsya_4core3ops8function6FnOnceuE9call_once6vtableB17_
      in /data/projects/franken_alignment_wave4_gate2_20260908/.rch-target/release/build/fa-reference/e669633187e11169/out/profile_costs-e669633187e11169
    _RNvNvMs0_NtNtNtCs88x0hlevqs9_3std3sys6thread4unixNtB7_6Thread3new12thread_start
      in /data/projects/franken_alignment_wave4_gate2_20260908/.rch-target/release/build/fa-reference/e669633187e11169/out/profile_costs-e669633187e11169
    start_thread
      at ./nptl/pthread_create.c:454
      in /usr/lib/x86_64-linux-gnu/libc.so.6
    __clone3
      at ../sysdeps/unix/sysv/linux/x86_64/clone3.S:78
      in /usr/lib/x86_64-linux-gnu/libc.so.6
  and 0B from 17 other places

120B peak memory consumed over 1 calls from
_RNvXNtNtCsfVXW7bATEob_5alloc3vec21spec_from_iter_nestedINtB4_3VecNtNtB6_6string6StringEINtB2_18SpecFromIterNestedB11_NtNtCs88x0hlevqs9_3std3env4ArgsE9from_iterCslSvshESn9jA_4test
  in /data/projects/franken_alignment_wave4_gate2_20260908/.rch-target/release/build/fa-reference/e669633187e11169/out/profile_costs-e669633187e11169
120B consumed over 1 calls from:
    _RNvCslSvshESn9jA_4test16test_main_static
      in /data/projects/franken_alignment_wave4_gate2_20260908/.rch-target/release/build/fa-reference/e669633187e11169/out/profile_costs-e669633187e11169
    _RINvNtNtCs88x0hlevqs9_3std3sys9backtrace28___rust_begin_short_backtraceFEuuECsd1K78oRme2b_13profile_costs
      in /data/projects/franken_alignment_wave4_gate2_20260908/.rch-target/release/build/fa-reference/e669633187e11169/out/profile_costs-e669633187e11169
    _RNCINvNtCs88x0hlevqs9_3std2rt10lang_startuE0Csd1K78oRme2b_13profile_costs
      in /data/projects/franken_alignment_wave4_gate2_20260908/.rch-target/release/build/fa-reference/e669633187e11169/out/profile_costs-e669633187e11169
    _RNvNtCs88x0hlevqs9_3std2rt19lang_start_internal
      in /data/projects/franken_alignment_wave4_gate2_20260908/.rch-target/release/build/fa-reference/e669633187e11169/out/profile_costs-e669633187e11169
    main
      in /data/projects/franken_alignment_wave4_gate2_20260908/.rch-target/release/build/fa-reference/e669633187e11169/out/profile_costs-e669633187e11169

96B peak memory consumed over 3 calls from
__cxa_thread_atexit_impl
  at ./stdlib/cxa_thread_atexit_impl.c:106
  in /usr/lib/x86_64-linux-gnu/libc.so.6
32B consumed over 1 calls from:
    _RNvNtNtCs88x0hlevqs9_3std6thread9spawnhook15run_spawn_hooks
      in /data/projects/franken_alignment_wave4_gate2_20260908/.rch-target/release/build/fa-reference/e669633187e11169/out/profile_costs-e669633187e11169
    _RNvCslSvshESn9jA_4test8run_test
      in /data/projects/franken_alignment_wave4_gate2_20260908/.rch-target/release/build/fa-reference/e669633187e11169/out/profile_costs-e669633187e11169
    _RNvNtCslSvshESn9jA_4test7console17run_tests_console
      in /data/projects/franken_alignment_wave4_gate2_20260908/.rch-target/release/build/fa-reference/e669633187e11169/out/profile_costs-e669633187e11169
    _RNvCslSvshESn9jA_4test16test_main_static
      in /data/projects/franken_alignment_wave4_gate2_20260908/.rch-target/release/build/fa-reference/e669633187e11169/out/profile_costs-e669633187e11169
    _RINvNtNtCs88x0hlevqs9_3std3sys9backtrace28___rust_begin_short_backtraceFEuuECsd1K78oRme2b_13profile_costs
      in /data/projects/franken_alignment_wave4_gate2_20260908/.rch-target/release/build/fa-reference/e669633187e11169/out/profile_costs-e669633187e11169
    _RNCINvNtCs88x0hlevqs9_3std2rt10lang_startuE0Csd1K78oRme2b_13profile_costs
      in /data/projects/franken_alignment_wave4_gate2_20260908/.rch-target/release/build/fa-reference/e669633187e11169/out/profile_costs-e669633187e11169
    _RNvNtCs88x0hlevqs9_3std2rt19lang_start_internal
      in /data/projects/franken_alignment_wave4_gate2_20260908/.rch-target/release/build/fa-reference/e669633187e11169/out/profile_costs-e669633187e11169
    main
      in /data/projects/franken_alignment_wave4_gate2_20260908/.rch-target/release/build/fa-reference/e669633187e11169/out/profile_costs-e669633187e11169
32B consumed over 1 calls from:
    _RINvMs0_NtNtNtNtCs88x0hlevqs9_3std3sys12thread_local6native4lazyINtB6_7StorageINtNtCshw961UFXsya_4core4cell4CellINtNtB1j_6option6OptionNtNtNtNtBe_4sync4mpmc7context7ContextEEuE16get_or_init_slowNvNvNvMB2b_B29_4with7CONTEXT27___rust_std_internal_init_fnECslSvshESn9jA_4test
      in /data/projects/franken_alignment_wave4_gate2_20260908/.rch-target/release/build/fa-reference/e669633187e11169/out/profile_costs-e669633187e11169
    _RNvMs1_NtNtNtCs88x0hlevqs9_3std4sync4mpmc4listINtB5_7ChannelNtNtCslSvshESn9jA_4test5event13CompletedTestE4recvB10_
      in /data/projects/franken_alignment_wave4_gate2_20260908/.rch-target/release/build/fa-reference/e669633187e11169/out/profile_costs-e669633187e11169
    _RNvNtCslSvshESn9jA_4test7console17run_tests_console
      in /data/projects/franken_alignment_wave4_gate2_20260908/.rch-target/release/build/fa-reference/e669633187e11169/out/profile_costs-e669633187e11169
    _RNvCslSvshESn9jA_4test16test_main_static
      in /data/projects/franken_alignment_wave4_gate2_20260908/.rch-target/release/build/fa-reference/e669633187e11169/out/profile_costs-e669633187e11169
    _RINvNtNtCs88x0hlevqs9_3std3sys9backtrace28___rust_begin_short_backtraceFEuuECsd1K78oRme2b_13profile_costs
      in /data/projects/franken_alignment_wave4_gate2_20260908/.rch-target/release/build/fa-reference/e669633187e11169/out/profile_costs-e669633187e11169
    _RNCINvNtCs88x0hlevqs9_3std2rt10lang_startuE0Csd1K78oRme2b_13profile_costs
      in /data/projects/franken_alignment_wave4_gate2_20260908/.rch-target/release/build/fa-reference/e669633187e11169/out/profile_costs-e669633187e11169
    _RNvNtCs88x0hlevqs9_3std2rt19lang_start_internal
      in /data/projects/franken_alignment_wave4_gate2_20260908/.rch-target/release/build/fa-reference/e669633187e11169/out/profile_costs-e669633187e11169
    main
      in /data/projects/franken_alignment_wave4_gate2_20260908/.rch-target/release/build/fa-reference/e669633187e11169/out/profile_costs-e669633187e11169
32B consumed over 1 calls from:
    _RNvMs_NtNtCs88x0hlevqs9_3std6thread9spawnhookNtB4_15ChildSpawnHooks15inherit_and_run
      in /data/projects/franken_alignment_wave4_gate2_20260908/.rch-target/release/build/fa-reference/e669633187e11169/out/profile_costs-e669633187e11169
    _RINvNtNtCs88x0hlevqs9_3std3sys9backtrace28___rust_begin_short_backtraceNCNCNCINvNtNtB6_6thread9lifecycle15spawn_uncheckedNCNvCslSvshESn9jA_4test8run_tests_0uEs_000uEB1Z_
      in /data/projects/franken_alignment_wave4_gate2_20260908/.rch-target/release/build/fa-reference/e669633187e11169/out/profile_costs-e669633187e11169
    _RNSNvYNCINvNtNtCs88x0hlevqs9_3std6thread9lifecycle15spawn_uncheckedNCNvCslSvshESn9jA_4test8run_tests_0uEs_0INtNtNtCshw961UFXsya_4core3ops8function6FnOnceuE9call_once6vtableB17_
      in /data/projects/franken_alignment_wave4_gate2_20260908/.rch-target/release/build/fa-reference/e669633187e11169/out/profile_costs-e669633187e11169
    _RNvNvMs0_NtNtNtCs88x0hlevqs9_3std3sys6thread4unixNtB7_6Thread3new12thread_start
      in /data/projects/franken_alignment_wave4_gate2_20260908/.rch-target/release/build/fa-reference/e669633187e11169/out/profile_costs-e669633187e11169
    start_thread
      at ./nptl/pthread_create.c:454
      in /usr/lib/x86_64-linux-gnu/libc.so.6
    __clone3
      at ../sysdeps/unix/sysv/linux/x86_64/clone3.S:78
      in /usr/lib/x86_64-linux-gnu/libc.so.6

93B peak memory consumed over 2 calls from
_RNvXsb_NtCsfVXW7bATEob_5alloc3vecINtB5_3VecNtNtB7_6string6StringENtNtCshw961UFXsya_4core5clone5Clone5cloneCslSvshESn9jA_4test
  in /data/projects/franken_alignment_wave4_gate2_20260908/.rch-target/release/build/fa-reference/e669633187e11169/out/profile_costs-e669633187e11169
69B consumed over 1 calls from:
    _RNvNtCslSvshESn9jA_4test3cli10parse_opts
      in /data/projects/franken_alignment_wave4_gate2_20260908/.rch-target/release/build/fa-reference/e669633187e11169/out/profile_costs-e669633187e11169
    _RNvCslSvshESn9jA_4test16test_main_static
      in /data/projects/franken_alignment_wave4_gate2_20260908/.rch-target/release/build/fa-reference/e669633187e11169/out/profile_costs-e669633187e11169
    _RINvNtNtCs88x0hlevqs9_3std3sys9backtrace28___rust_begin_short_backtraceFEuuECsd1K78oRme2b_13profile_costs
      in /data/projects/franken_alignment_wave4_gate2_20260908/.rch-target/release/build/fa-reference/e669633187e11169/out/profile_costs-e669633187e11169
    _RNCINvNtCs88x0hlevqs9_3std2rt10lang_startuE0Csd1K78oRme2b_13profile_costs
      in /data/projects/franken_alignment_wave4_gate2_20260908/.rch-target/release/build/fa-reference/e669633187e11169/out/profile_costs-e669633187e11169
    _RNvNtCs88x0hlevqs9_3std2rt19lang_start_internal
      in /data/projects/franken_alignment_wave4_gate2_20260908/.rch-target/release/build/fa-reference/e669633187e11169/out/profile_costs-e669633187e11169
    main
      in /data/projects/franken_alignment_wave4_gate2_20260908/.rch-target/release/build/fa-reference/e669633187e11169/out/profile_costs-e669633187e11169
24B consumed over 1 calls from:
    _RNvNtCslSvshESn9jA_4test3cli10parse_opts
      in /data/projects/franken_alignment_wave4_gate2_20260908/.rch-target/release/build/fa-reference/e669633187e11169/out/profile_costs-e669633187e11169
    _RNvCslSvshESn9jA_4test16test_main_static
      in /data/projects/franken_alignment_wave4_gate2_20260908/.rch-target/release/build/fa-reference/e669633187e11169/out/profile_costs-e669633187e11169
    _RINvNtNtCs88x0hlevqs9_3std3sys9backtrace28___rust_begin_short_backtraceFEuuECsd1K78oRme2b_13profile_costs
      in /data/projects/franken_alignment_wave4_gate2_20260908/.rch-target/release/build/fa-reference/e669633187e11169/out/profile_costs-e669633187e11169
    _RNCINvNtCs88x0hlevqs9_3std2rt10lang_startuE0Csd1K78oRme2b_13profile_costs
      in /data/projects/franken_alignment_wave4_gate2_20260908/.rch-target/release/build/fa-reference/e669633187e11169/out/profile_costs-e669633187e11169
    _RNvNtCs88x0hlevqs9_3std2rt19lang_start_internal
      in /data/projects/franken_alignment_wave4_gate2_20260908/.rch-target/release/build/fa-reference/e669633187e11169/out/profile_costs-e669633187e11169
    main
      in /data/projects/franken_alignment_wave4_gate2_20260908/.rch-target/release/build/fa-reference/e669633187e11169/out/profile_costs-e669633187e11169

88B peak memory consumed over 74 calls from
_RNvNtCsbx1baUgb63R_12fa_reference14canonical_json12digest_array
  in /data/projects/franken_alignment_wave4_gate2_20260908/.rch-target/release/build/fa-reference/e669633187e11169/out/profile_costs-e669633187e11169
64B consumed over 12 calls from:
    _RNvNtCsbx1baUgb63R_12fa_reference14canonical_json14validate_claim
      in /data/projects/franken_alignment_wave4_gate2_20260908/.rch-target/release/build/fa-reference/e669633187e11169/out/profile_costs-e669633187e11169
    _RNvNtCsbx1baUgb63R_12fa_reference14canonical_json13validate_json
      in /data/projects/franken_alignment_wave4_gate2_20260908/.rch-target/release/build/fa-reference/e669633187e11169/out/profile_costs-e669633187e11169
    _RNvNtCsbx1baUgb63R_12fa_reference14canonical_json16decode_canonical
      in /data/projects/franken_alignment_wave4_gate2_20260908/.rch-target/release/build/fa-reference/e669633187e11169/out/profile_costs-e669633187e11169
    _RNvCsd1K78oRme2b_13profile_costs9roundtrip
      in /data/projects/franken_alignment_wave4_gate2_20260908/.rch-target/release/build/fa-reference/e669633187e11169/out/profile_costs-e669633187e11169
    _RNCNvCsd1K78oRme2b_13profile_costss_69fixed_reference_profile_costs_are_descriptive_and_assert_all_outcomess3_0B3_
      in /data/projects/franken_alignment_wave4_gate2_20260908/.rch-target/release/build/fa-reference/e669633187e11169/out/profile_costs-e669633187e11169
    _RNvCsd1K78oRme2b_13profile_costss_69fixed_reference_profile_costs_are_descriptive_and_assert_all_outcomes
      in /data/projects/franken_alignment_wave4_gate2_20260908/.rch-target/release/build/fa-reference/e669633187e11169/out/profile_costs-e669633187e11169
    _RNvYNCNvCsd1K78oRme2b_13profile_costs69fixed_reference_profile_costs_are_descriptive_and_assert_all_outcomes0INtNtNtCshw961UFXsya_4core3ops8function6FnOnceuE9call_onceB6_
      in /data/projects/franken_alignment_wave4_gate2_20260908/.rch-target/release/build/fa-reference/e669633187e11169/out/profile_costs-e669633187e11169
    _RINvCslSvshESn9jA_4test28___rust_begin_short_backtraceINtNtCshw961UFXsya_4core6result6ResultuNtNtCsfVXW7bATEob_5alloc6string6StringEFEBQ_EB2_
      in /data/projects/franken_alignment_wave4_gate2_20260908/.rch-target/release/build/fa-reference/e669633187e11169/out/profile_costs-e669633187e11169
    _RNCNvCslSvshESn9jA_4test8run_test0B3_
      in /data/projects/franken_alignment_wave4_gate2_20260908/.rch-target/release/build/fa-reference/e669633187e11169/out/profile_costs-e669633187e11169
    _RINvNtNtCs88x0hlevqs9_3std3sys9backtrace28___rust_begin_short_backtraceNCNvCslSvshESn9jA_4test8run_tests_0uEB1b_
      in /data/projects/franken_alignment_wave4_gate2_20260908/.rch-target/release/build/fa-reference/e669633187e11169/out/profile_costs-e669633187e11169
    _RNSNvYNCINvNtNtCs88x0hlevqs9_3std6thread9lifecycle15spawn_uncheckedNCNvCslSvshESn9jA_4test8run_tests_0uEs_0INtNtNtCshw961UFXsya_4core3ops8function6FnOnceuE9call_once6vtableB17_
      in /data/projects/franken_alignment_wave4_gate2_20260908/.rch-target/release/build/fa-reference/e669633187e11169/out/profile_costs-e669633187e11169
    _RNvNvMs0_NtNtNtCs88x0hlevqs9_3std3sys6thread4unixNtB7_6Thread3new12thread_start
      in /data/projects/franken_alignment_wave4_gate2_20260908/.rch-target/release/build/fa-reference/e669633187e11169/out/profile_costs-e669633187e11169
    start_thread
      at ./nptl/pthread_create.c:454
      in /usr/lib/x86_64-linux-gnu/libc.so.6
    __clone3
      at ../sysdeps/unix/sysv/linux/x86_64/clone3.S:78
      in /usr/lib/x86_64-linux-gnu/libc.so.6
24B consumed over 12 calls from:
    _RNvNtCsbx1baUgb63R_12fa_reference14canonical_json14validate_claim
      in /data/projects/franken_alignment_wave4_gate2_20260908/.rch-target/release/build/fa-reference/e669633187e11169/out/profile_costs-e669633187e11169
    _RNvNtCsbx1baUgb63R_12fa_reference14canonical_json13validate_json
      in /data/projects/franken_alignment_wave4_gate2_20260908/.rch-target/release/build/fa-reference/e669633187e11169/out/profile_costs-e669633187e11169
    _RNvNtCsbx1baUgb63R_12fa_reference14canonical_json16decode_canonical
      in /data/projects/franken_alignment_wave4_gate2_20260908/.rch-target/release/build/fa-reference/e669633187e11169/out/profile_costs-e669633187e11169
    _RNvCsd1K78oRme2b_13profile_costs9roundtrip
      in /data/projects/franken_alignment_wave4_gate2_20260908/.rch-target/release/build/fa-reference/e669633187e11169/out/profile_costs-e669633187e11169
    _RNCNvCsd1K78oRme2b_13profile_costss_69fixed_reference_profile_costs_are_descriptive_and_assert_all_outcomess3_0B3_
      in /data/projects/franken_alignment_wave4_gate2_20260908/.rch-target/release/build/fa-reference/e669633187e11169/out/profile_costs-e669633187e11169
    _RNvCsd1K78oRme2b_13profile_costss_69fixed_reference_profile_costs_are_descriptive_and_assert_all_outcomes
      in /data/projects/franken_alignment_wave4_gate2_20260908/.rch-target/release/build/fa-reference/e669633187e11169/out/profile_costs-e669633187e11169
    _RNvYNCNvCsd1K78oRme2b_13profile_costs69fixed_reference_profile_costs_are_descriptive_and_assert_all_outcomes0INtNtNtCshw961UFXsya_4core3ops8function6FnOnceuE9call_onceB6_
      in /data/projects/franken_alignment_wave4_gate2_20260908/.rch-target/release/build/fa-reference/e669633187e11169/out/profile_costs-e669633187e11169
    _RINvCslSvshESn9jA_4test28___rust_begin_short_backtraceINtNtCshw961UFXsya_4core6result6ResultuNtNtCsfVXW7bATEob_5alloc6string6StringEFEBQ_EB2_
      in /data/projects/franken_alignment_wave4_gate2_20260908/.rch-target/release/build/fa-reference/e669633187e11169/out/profile_costs-e669633187e11169
    _RNCNvCslSvshESn9jA_4test8run_test0B3_
      in /data/projects/franken_alignment_wave4_gate2_20260908/.rch-target/release/build/fa-reference/e669633187e11169/out/profile_costs-e669633187e11169
    _RINvNtNtCs88x0hlevqs9_3std3sys9backtrace28___rust_begin_short_backtraceNCNvCslSvshESn9jA_4test8run_tests_0uEB1b_
      in /data/projects/franken_alignment_wave4_gate2_20260908/.rch-target/release/build/fa-reference/e669633187e11169/out/profile_costs-e669633187e11169
    _RNSNvYNCINvNtNtCs88x0hlevqs9_3std6thread9lifecycle15spawn_uncheckedNCNvCslSvshESn9jA_4test8run_tests_0uEs_0INtNtNtCshw961UFXsya_4core3ops8function6FnOnceuE9call_once6vtableB17_
      in /data/projects/franken_alignment_wave4_gate2_20260908/.rch-target/release/build/fa-reference/e669633187e11169/out/profile_costs-e669633187e11169
    _RNvNvMs0_NtNtNtCs88x0hlevqs9_3std3sys6thread4unixNtB7_6Thread3new12thread_start
      in /data/projects/franken_alignment_wave4_gate2_20260908/.rch-target/release/build/fa-reference/e669633187e11169/out/profile_costs-e669633187e11169
    start_thread
      at ./nptl/pthread_create.c:454
      in /usr/lib/x86_64-linux-gnu/libc.so.6
    __clone3
      at ../sysdeps/unix/sysv/linux/x86_64/clone3.S:78
      in /usr/lib/x86_64-linux-gnu/libc.so.6
  and 0B from 5 other places

70B peak memory consumed over 15 calls from
_RNvMs5_NtCsfVXW7bATEob_5alloc7raw_vecNtB5_11RawVecInner11finish_growB7_.llvm.8976401138694274991
  in /data/projects/franken_alignment_wave4_gate2_20260908/.rch-target/release/build/fa-reference/e669633187e11169/out/profile_costs-e669633187e11169
70B consumed over 1 calls from:
    _RNvMs_NtNtCsfVXW7bATEob_5alloc3ffi5c_strNtB4_7CString19__from_vec_unchecked
      in /data/projects/franken_alignment_wave4_gate2_20260908/.rch-target/release/build/fa-reference/e669633187e11169/out/profile_costs-e669633187e11169
    _RNvXNtNtNtCs88x0hlevqs9_3std6thread6thread18thread_name_stringNtB2_16ThreadNameStringINtNtCshw961UFXsya_4core7convert4FromNtNtCsfVXW7bATEob_5alloc6string6StringE4from
      in /data/projects/franken_alignment_wave4_gate2_20260908/.rch-target/release/build/fa-reference/e669633187e11169/out/profile_costs-e669633187e11169
    _RNvCslSvshESn9jA_4test8run_test
      in /data/projects/franken_alignment_wave4_gate2_20260908/.rch-target/release/build/fa-reference/e669633187e11169/out/profile_costs-e669633187e11169
    _RNvNtCslSvshESn9jA_4test7console17run_tests_console
      in /data/projects/franken_alignment_wave4_gate2_20260908/.rch-target/release/build/fa-reference/e669633187e11169/out/profile_costs-e669633187e11169
    _RNvCslSvshESn9jA_4test16test_main_static
      in /data/projects/franken_alignment_wave4_gate2_20260908/.rch-target/release/build/fa-reference/e669633187e11169/out/profile_costs-e669633187e11169
    _RINvNtNtCs88x0hlevqs9_3std3sys9backtrace28___rust_begin_short_backtraceFEuuECsd1K78oRme2b_13profile_costs
      in /data/projects/franken_alignment_wave4_gate2_20260908/.rch-target/release/build/fa-reference/e669633187e11169/out/profile_costs-e669633187e11169
    _RNCINvNtCs88x0hlevqs9_3std2rt10lang_startuE0Csd1K78oRme2b_13profile_costs
      in /data/projects/franken_alignment_wave4_gate2_20260908/.rch-target/release/build/fa-reference/e669633187e11169/out/profile_costs-e669633187e11169
    _RNvNtCs88x0hlevqs9_3std2rt19lang_start_internal
      in /data/projects/franken_alignment_wave4_gate2_20260908/.rch-target/release/build/fa-reference/e669633187e11169/out/profile_costs-e669633187e11169
    main
      in /data/projects/franken_alignment_wave4_gate2_20260908/.rch-target/release/build/fa-reference/e669633187e11169/out/profile_costs-e669633187e11169
  and 0B from 1 other places

66B peak memory consumed over 172 calls from
_RNvNtCsbx1baUgb63R_12fa_reference14canonical_json10text_array
  in /data/projects/franken_alignment_wave4_gate2_20260908/.rch-target/release/build/fa-reference/e669633187e11169/out/profile_costs-e669633187e11169
24B consumed over 12 calls from:
    _RNvNtCsbx1baUgb63R_12fa_reference14canonical_json14validate_claim
      in /data/projects/franken_alignment_wave4_gate2_20260908/.rch-target/release/build/fa-reference/e669633187e11169/out/profile_costs-e669633187e11169
    _RNvNtCsbx1baUgb63R_12fa_reference14canonical_json13validate_json
      in /data/projects/franken_alignment_wave4_gate2_20260908/.rch-target/release/build/fa-reference/e669633187e11169/out/profile_costs-e669633187e11169
    _RNvNtCsbx1baUgb63R_12fa_reference14canonical_json16decode_canonical
      in /data/projects/franken_alignment_wave4_gate2_20260908/.rch-target/release/build/fa-reference/e669633187e11169/out/profile_costs-e669633187e11169
    _RNvCsd1K78oRme2b_13profile_costs9roundtrip
      in /data/projects/franken_alignment_wave4_gate2_20260908/.rch-target/release/build/fa-reference/e669633187e11169/out/profile_costs-e669633187e11169
    _RNCNvCsd1K78oRme2b_13profile_costss_69fixed_reference_profile_costs_are_descriptive_and_assert_all_outcomess3_0B3_
      in /data/projects/franken_alignment_wave4_gate2_20260908/.rch-target/release/build/fa-reference/e669633187e11169/out/profile_costs-e669633187e11169
    _RNvCsd1K78oRme2b_13profile_costss_69fixed_reference_profile_costs_are_descriptive_and_assert_all_outcomes
      in /data/projects/franken_alignment_wave4_gate2_20260908/.rch-target/release/build/fa-reference/e669633187e11169/out/profile_costs-e669633187e11169
    _RNvYNCNvCsd1K78oRme2b_13profile_costs69fixed_reference_profile_costs_are_descriptive_and_assert_all_outcomes0INtNtNtCshw961UFXsya_4core3ops8function6FnOnceuE9call_onceB6_
      in /data/projects/franken_alignment_wave4_gate2_20260908/.rch-target/release/build/fa-reference/e669633187e11169/out/profile_costs-e669633187e11169
    _RINvCslSvshESn9jA_4test28___rust_begin_short_backtraceINtNtCshw961UFXsya_4core6result6ResultuNtNtCsfVXW7bATEob_5alloc6string6StringEFEBQ_EB2_
      in /data/projects/franken_alignment_wave4_gate2_20260908/.rch-target/release/build/fa-reference/e669633187e11169/out/profile_costs-e669633187e11169
    _RNCNvCslSvshESn9jA_4test8run_test0B3_
      in /data/projects/franken_alignment_wave4_gate2_20260908/.rch-target/release/build/fa-reference/e669633187e11169/out/profile_costs-e669633187e11169
    _RINvNtNtCs88x0hlevqs9_3std3sys9backtrace28___rust_begin_short_backtraceNCNvCslSvshESn9jA_4test8run_tests_0uEB1b_
      in /data/projects/franken_alignment_wave4_gate2_20260908/.rch-target/release/build/fa-reference/e669633187e11169/out/profile_costs-e669633187e11169
    _RNSNvYNCINvNtNtCs88x0hlevqs9_3std6thread9lifecycle15spawn_uncheckedNCNvCslSvshESn9jA_4test8run_tests_0uEs_0INtNtNtCshw961UFXsya_4core3ops8function6FnOnceuE9call_once6vtableB17_
      in /data/projects/franken_alignment_wave4_gate2_20260908/.rch-target/release/build/fa-reference/e669633187e11169/out/profile_costs-e669633187e11169
    _RNvNvMs0_NtNtNtCs88x0hlevqs9_3std3sys6thread4unixNtB7_6Thread3new12thread_start
      in /data/projects/franken_alignment_wave4_gate2_20260908/.rch-target/release/build/fa-reference/e669633187e11169/out/profile_costs-e669633187e11169
    start_thread
      at ./nptl/pthread_create.c:454
      in /usr/lib/x86_64-linux-gnu/libc.so.6
    __clone3
      at ../sysdeps/unix/sysv/linux/x86_64/clone3.S:78
      in /usr/lib/x86_64-linux-gnu/libc.so.6
24B consumed over 12 calls from:
    _RNvNtCsbx1baUgb63R_12fa_reference14canonical_json14validate_claim
      in /data/projects/franken_alignment_wave4_gate2_20260908/.rch-target/release/build/fa-reference/e669633187e11169/out/profile_costs-e669633187e11169
    _RNvNtCsbx1baUgb63R_12fa_reference14canonical_json13validate_json
      in /data/projects/franken_alignment_wave4_gate2_20260908/.rch-target/release/build/fa-reference/e669633187e11169/out/profile_costs-e669633187e11169
    _RNvNtCsbx1baUgb63R_12fa_reference14canonical_json16decode_canonical
      in /data/projects/franken_alignment_wave4_gate2_20260908/.rch-target/release/build/fa-reference/e669633187e11169/out/profile_costs-e669633187e11169
    _RNvCsd1K78oRme2b_13profile_costs9roundtrip
      in /data/projects/franken_alignment_wave4_gate2_20260908/.rch-target/release/build/fa-reference/e669633187e11169/out/profile_costs-e669633187e11169
    _RNCNvCsd1K78oRme2b_13profile_costss_69fixed_reference_profile_costs_are_descriptive_and_assert_all_outcomess3_0B3_
      in /data/projects/franken_alignment_wave4_gate2_20260908/.rch-target/release/build/fa-reference/e669633187e11169/out/profile_costs-e669633187e11169
    _RNvCsd1K78oRme2b_13profile_costss_69fixed_reference_profile_costs_are_descriptive_and_assert_all_outcomes
      in /data/projects/franken_alignment_wave4_gate2_20260908/.rch-target/release/build/fa-reference/e669633187e11169/out/profile_costs-e669633187e11169
    _RNvYNCNvCsd1K78oRme2b_13profile_costs69fixed_reference_profile_costs_are_descriptive_and_assert_all_outcomes0INtNtNtCshw961UFXsya_4core3ops8function6FnOnceuE9call_onceB6_
      in /data/projects/franken_alignment_wave4_gate2_20260908/.rch-target/release/build/fa-reference/e669633187e11169/out/profile_costs-e669633187e11169
    _RINvCslSvshESn9jA_4test28___rust_begin_short_backtraceINtNtCshw961UFXsya_4core6result6ResultuNtNtCsfVXW7bATEob_5alloc6string6StringEFEBQ_EB2_
      in /data/projects/franken_alignment_wave4_gate2_20260908/.rch-target/release/build/fa-reference/e669633187e11169/out/profile_costs-e669633187e11169
    _RNCNvCslSvshESn9jA_4test8run_test0B3_
      in /data/projects/franken_alignment_wave4_gate2_20260908/.rch-target/release/build/fa-reference/e669633187e11169/out/profile_costs-e669633187e11169
    _RINvNtNtCs88x0hlevqs9_3std3sys9backtrace28___rust_begin_short_backtraceNCNvCslSvshESn9jA_4test8run_tests_0uEB1b_
      in /data/projects/franken_alignment_wave4_gate2_20260908/.rch-target/release/build/fa-reference/e669633187e11169/out/profile_costs-e669633187e11169
    _RNSNvYNCINvNtNtCs88x0hlevqs9_3std6thread9lifecycle15spawn_uncheckedNCNvCslSvshESn9jA_4test8run_tests_0uEs_0INtNtNtCshw961UFXsya_4core3ops8function6FnOnceuE9call_once6vtableB17_
      in /data/projects/franken_alignment_wave4_gate2_20260908/.rch-target/release/build/fa-reference/e669633187e11169/out/profile_costs-e669633187e11169
    _RNvNvMs0_NtNtNtCs88x0hlevqs9_3std3sys6thread4unixNtB7_6Thread3new12thread_start
      in /data/projects/franken_alignment_wave4_gate2_20260908/.rch-target/release/build/fa-reference/e669633187e11169/out/profile_costs-e669633187e11169
    start_thread
      at ./nptl/pthread_create.c:454
      in /usr/lib/x86_64-linux-gnu/libc.so.6
    __clone3
      at ../sysdeps/unix/sysv/linux/x86_64/clone3.S:78
      in /usr/lib/x86_64-linux-gnu/libc.so.6
11B consumed over 12 calls from:
    _RNvNtCsbx1baUgb63R_12fa_reference14canonical_json14validate_claim
      in /data/projects/franken_alignment_wave4_gate2_20260908/.rch-target/release/build/fa-reference/e669633187e11169/out/profile_costs-e669633187e11169
    _RNvNtCsbx1baUgb63R_12fa_reference14canonical_json13validate_json
      in /data/projects/franken_alignment_wave4_gate2_20260908/.rch-target/release/build/fa-reference/e669633187e11169/out/profile_costs-e669633187e11169
    _RNvNtCsbx1baUgb63R_12fa_reference14canonical_json16decode_canonical
      in /data/projects/franken_alignment_wave4_gate2_20260908/.rch-target/release/build/fa-reference/e669633187e11169/out/profile_costs-e669633187e11169
    _RNvCsd1K78oRme2b_13profile_costs9roundtrip
      in /data/projects/franken_alignment_wave4_gate2_20260908/.rch-target/release/build/fa-reference/e669633187e11169/out/profile_costs-e669633187e11169
    _RNCNvCsd1K78oRme2b_13profile_costss_69fixed_reference_profile_costs_are_descriptive_and_assert_all_outcomess3_0B3_
      in /data/projects/franken_alignment_wave4_gate2_20260908/.rch-target/release/build/fa-reference/e669633187e11169/out/profile_costs-e669633187e11169
    _RNvCsd1K78oRme2b_13profile_costss_69fixed_reference_profile_costs_are_descriptive_and_assert_all_outcomes
      in /data/projects/franken_alignment_wave4_gate2_20260908/.rch-target/release/build/fa-reference/e669633187e11169/out/profile_costs-e669633187e11169
    _RNvYNCNvCsd1K78oRme2b_13profile_costs69fixed_reference_profile_costs_are_descriptive_and_assert_all_outcomes0INtNtNtCshw961UFXsya_4core3ops8function6FnOnceuE9call_onceB6_
      in /data/projects/franken_alignment_wave4_gate2_20260908/.rch-target/release/build/fa-reference/e669633187e11169/out/profile_costs-e669633187e11169
    _RINvCslSvshESn9jA_4test28___rust_begin_short_backtraceINtNtCshw961UFXsya_4core6result6ResultuNtNtCsfVXW7bATEob_5alloc6string6StringEFEBQ_EB2_
      in /data/projects/franken_alignment_wave4_gate2_20260908/.rch-target/release/build/fa-reference/e669633187e11169/out/profile_costs-e669633187e11169
    _RNCNvCslSvshESn9jA_4test8run_test0B3_
      in /data/projects/franken_alignment_wave4_gate2_20260908/.rch-target/release/build/fa-reference/e669633187e11169/out/profile_costs-e669633187e11169
    _RINvNtNtCs88x0hlevqs9_3std3sys9backtrace28___rust_begin_short_backtraceNCNvCslSvshESn9jA_4test8run_tests_0uEB1b_
      in /data/projects/franken_alignment_wave4_gate2_20260908/.rch-target/release/build/fa-reference/e669633187e11169/out/profile_costs-e669633187e11169
    _RNSNvYNCINvNtNtCs88x0hlevqs9_3std6thread9lifecycle15spawn_uncheckedNCNvCslSvshESn9jA_4test8run_tests_0uEs_0INtNtNtCshw961UFXsya_4core3ops8function6FnOnceuE9call_once6vtableB17_
      in /data/projects/franken_alignment_wave4_gate2_20260908/.rch-target/release/build/fa-reference/e669633187e11169/out/profile_costs-e669633187e11169
    _RNvNvMs0_NtNtNtCs88x0hlevqs9_3std3sys6thread4unixNtB7_6Thread3new12thread_start
      in /data/projects/franken_alignment_wave4_gate2_20260908/.rch-target/release/build/fa-reference/e669633187e11169/out/profile_costs-e669633187e11169
    start_thread
      at ./nptl/pthread_create.c:454
      in /usr/lib/x86_64-linux-gnu/libc.so.6
    __clone3
      at ../sysdeps/unix/sysv/linux/x86_64/clone3.S:78
      in /usr/lib/x86_64-linux-gnu/libc.so.6
  and 7B from 15 other places

48B peak memory consumed over 1 calls from
_RNvNtNtCs88x0hlevqs9_3std6thread7current12init_current.llvm.4284730009593755168
  in /data/projects/franken_alignment_wave4_gate2_20260908/.rch-target/release/build/fa-reference/e669633187e11169/out/profile_costs-e669633187e11169
48B consumed over 1 calls from:
    _RNvMNtNtNtCs88x0hlevqs9_3std4sync4mpmc7contextNtB2_7Context3new
      in /data/projects/franken_alignment_wave4_gate2_20260908/.rch-target/release/build/fa-reference/e669633187e11169/out/profile_costs-e669633187e11169
    _RINvMs0_NtNtNtNtCs88x0hlevqs9_3std3sys12thread_local6native4lazyINtB6_7StorageINtNtCshw961UFXsya_4core4cell4CellINtNtB1j_6option6OptionNtNtNtNtBe_4sync4mpmc7context7ContextEEuE16get_or_init_slowNvNvNvMB2b_B29_4with7CONTEXT27___rust_std_internal_init_fnECslSvshESn9jA_4test
      in /data/projects/franken_alignment_wave4_gate2_20260908/.rch-target/release/build/fa-reference/e669633187e11169/out/profile_costs-e669633187e11169
    _RNvMs1_NtNtNtCs88x0hlevqs9_3std4sync4mpmc4listINtB5_7ChannelNtNtCslSvshESn9jA_4test5event13CompletedTestE4recvB10_
      in /data/projects/franken_alignment_wave4_gate2_20260908/.rch-target/release/build/fa-reference/e669633187e11169/out/profile_costs-e669633187e11169
    _RNvNtCslSvshESn9jA_4test7console17run_tests_console
      in /data/projects/franken_alignment_wave4_gate2_20260908/.rch-target/release/build/fa-reference/e669633187e11169/out/profile_costs-e669633187e11169
    _RNvCslSvshESn9jA_4test16test_main_static
      in /data/projects/franken_alignment_wave4_gate2_20260908/.rch-target/release/build/fa-reference/e669633187e11169/out/profile_costs-e669633187e11169
    _RINvNtNtCs88x0hlevqs9_3std3sys9backtrace28___rust_begin_short_backtraceFEuuECsd1K78oRme2b_13profile_costs
      in /data/projects/franken_alignment_wave4_gate2_20260908/.rch-target/release/build/fa-reference/e669633187e11169/out/profile_costs-e669633187e11169
    _RNCINvNtCs88x0hlevqs9_3std2rt10lang_startuE0Csd1K78oRme2b_13profile_costs
      in /data/projects/franken_alignment_wave4_gate2_20260908/.rch-target/release/build/fa-reference/e669633187e11169/out/profile_costs-e669633187e11169
    _RNvNtCs88x0hlevqs9_3std2rt19lang_start_internal
      in /data/projects/franken_alignment_wave4_gate2_20260908/.rch-target/release/build/fa-reference/e669633187e11169/out/profile_costs-e669633187e11169
    main
      in /data/projects/franken_alignment_wave4_gate2_20260908/.rch-target/release/build/fa-reference/e669633187e11169/out/profile_costs-e669633187e11169

48B peak memory consumed over 1 calls from
_RNCNvCslSvshESn9jA_4test8run_test0B3_
  in /data/projects/franken_alignment_wave4_gate2_20260908/.rch-target/release/build/fa-reference/e669633187e11169/out/profile_costs-e669633187e11169
48B consumed over 1 calls from:
    _RINvNtNtCs88x0hlevqs9_3std3sys9backtrace28___rust_begin_short_backtraceNCNvCslSvshESn9jA_4test8run_tests_0uEB1b_
      in /data/projects/franken_alignment_wave4_gate2_20260908/.rch-target/release/build/fa-reference/e669633187e11169/out/profile_costs-e669633187e11169
    _RNSNvYNCINvNtNtCs88x0hlevqs9_3std6thread9lifecycle15spawn_uncheckedNCNvCslSvshESn9jA_4test8run_tests_0uEs_0INtNtNtCshw961UFXsya_4core3ops8function6FnOnceuE9call_once6vtableB17_
      in /data/projects/franken_alignment_wave4_gate2_20260908/.rch-target/release/build/fa-reference/e669633187e11169/out/profile_costs-e669633187e11169
    _RNvNvMs0_NtNtNtCs88x0hlevqs9_3std3sys6thread4unixNtB7_6Thread3new12thread_start
      in /data/projects/franken_alignment_wave4_gate2_20260908/.rch-target/release/build/fa-reference/e669633187e11169/out/profile_costs-e669633187e11169
    start_thread
      at ./nptl/pthread_create.c:454
      in /usr/lib/x86_64-linux-gnu/libc.so.6
    __clone3
      at ../sysdeps/unix/sysv/linux/x86_64/clone3.S:78
      in /usr/lib/x86_64-linux-gnu/libc.so.6


MOST TEMPORARY ALLOCATIONS
2694 temporary allocations of 4915 allocations in total (54.81%) from
_RNvMs5_NtCsfVXW7bATEob_5alloc7raw_vecNtB5_11RawVecInner11finish_growCsbx1baUgb63R_12fa_reference
  in /data/projects/franken_alignment_wave4_gate2_20260908/.rch-target/release/build/fa-reference/e669633187e11169/out/profile_costs-e669633187e11169
288 temporary allocations of 372 allocations in total (77.42%) from:
    _RINvNvMs2_NtCsfVXW7bATEob_5alloc7raw_vecINtB8_11RawVecInnerpE7reserve21do_reserve_and_handleNtNtBa_5alloc6GlobalECsbx1baUgb63R_12fa_reference
      in /data/projects/franken_alignment_wave4_gate2_20260908/.rch-target/release/build/fa-reference/e669633187e11169/out/profile_costs-e669633187e11169
    _RNvMs4_NtCsbx1baUgb63R_12fa_reference11strict_jsonNtB5_6Parser12parse_string
      in /data/projects/franken_alignment_wave4_gate2_20260908/.rch-target/release/build/fa-reference/e669633187e11169/out/profile_costs-e669633187e11169
    _RNvMs4_NtCsbx1baUgb63R_12fa_reference11strict_jsonNtB5_6Parser12parse_object
      in /data/projects/franken_alignment_wave4_gate2_20260908/.rch-target/release/build/fa-reference/e669633187e11169/out/profile_costs-e669633187e11169
    _RNvNtCsbx1baUgb63R_12fa_reference11strict_json5parse
      in /data/projects/franken_alignment_wave4_gate2_20260908/.rch-target/release/build/fa-reference/e669633187e11169/out/profile_costs-e669633187e11169
    _RNvNtCsbx1baUgb63R_12fa_reference14canonical_json16decode_canonical
      in /data/projects/franken_alignment_wave4_gate2_20260908/.rch-target/release/build/fa-reference/e669633187e11169/out/profile_costs-e669633187e11169
    _RNvCsd1K78oRme2b_13profile_costs9roundtrip
      in /data/projects/franken_alignment_wave4_gate2_20260908/.rch-target/release/build/fa-reference/e669633187e11169/out/profile_costs-e669633187e11169
    _RNvCsd1K78oRme2b_13profile_costss_69fixed_reference_profile_costs_are_descriptive_and_assert_all_outcomes
      in /data/projects/franken_alignment_wave4_gate2_20260908/.rch-target/release/build/fa-reference/e669633187e11169/out/profile_costs-e669633187e11169
    _RNvYNCNvCsd1K78oRme2b_13profile_costs69fixed_reference_profile_costs_are_descriptive_and_assert_all_outcomes0INtNtNtCshw961UFXsya_4core3ops8function6FnOnceuE9call_onceB6_
      in /data/projects/franken_alignment_wave4_gate2_20260908/.rch-target/release/build/fa-reference/e669633187e11169/out/profile_costs-e669633187e11169
    _RINvCslSvshESn9jA_4test28___rust_begin_short_backtraceINtNtCshw961UFXsya_4core6result6ResultuNtNtCsfVXW7bATEob_5alloc6string6StringEFEBQ_EB2_
      in /data/projects/franken_alignment_wave4_gate2_20260908/.rch-target/release/build/fa-reference/e669633187e11169/out/profile_costs-e669633187e11169
    _RNCNvCslSvshESn9jA_4test8run_test0B3_
      in /data/projects/franken_alignment_wave4_gate2_20260908/.rch-target/release/build/fa-reference/e669633187e11169/out/profile_costs-e669633187e11169
    _RINvNtNtCs88x0hlevqs9_3std3sys9backtrace28___rust_begin_short_backtraceNCNvCslSvshESn9jA_4test8run_tests_0uEB1b_
      in /data/projects/franken_alignment_wave4_gate2_20260908/.rch-target/release/build/fa-reference/e669633187e11169/out/profile_costs-e669633187e11169
    _RNSNvYNCINvNtNtCs88x0hlevqs9_3std6thread9lifecycle15spawn_uncheckedNCNvCslSvshESn9jA_4test8run_tests_0uEs_0INtNtNtCshw961UFXsya_4core3ops8function6FnOnceuE9call_once6vtableB17_
      in /data/projects/franken_alignment_wave4_gate2_20260908/.rch-target/release/build/fa-reference/e669633187e11169/out/profile_costs-e669633187e11169
    _RNvNvMs0_NtNtNtCs88x0hlevqs9_3std3sys6thread4unixNtB7_6Thread3new12thread_start
      in /data/projects/franken_alignment_wave4_gate2_20260908/.rch-target/release/build/fa-reference/e669633187e11169/out/profile_costs-e669633187e11169
    start_thread
      at ./nptl/pthread_create.c:454
      in /usr/lib/x86_64-linux-gnu/libc.so.6
    __clone3
      at ../sysdeps/unix/sysv/linux/x86_64/clone3.S:78
      in /usr/lib/x86_64-linux-gnu/libc.so.6
180 temporary allocations of 228 allocations in total (78.95%) from:
    _RINvNvMs2_NtCsfVXW7bATEob_5alloc7raw_vecINtB8_11RawVecInnerpE7reserve21do_reserve_and_handleNtNtBa_5alloc6GlobalECsbx1baUgb63R_12fa_reference
      in /data/projects/franken_alignment_wave4_gate2_20260908/.rch-target/release/build/fa-reference/e669633187e11169/out/profile_costs-e669633187e11169
    _RNvMs4_NtCsbx1baUgb63R_12fa_reference11strict_jsonNtB5_6Parser12parse_string
      in /data/projects/franken_alignment_wave4_gate2_20260908/.rch-target/release/build/fa-reference/e669633187e11169/out/profile_costs-e669633187e11169
    _RNvMs4_NtCsbx1baUgb63R_12fa_reference11strict_jsonNtB5_6Parser11parse_value
      in /data/projects/franken_alignment_wave4_gate2_20260908/.rch-target/release/build/fa-reference/e669633187e11169/out/profile_costs-e669633187e11169
    _RNvMs4_NtCsbx1baUgb63R_12fa_reference11strict_jsonNtB5_6Parser12parse_object
      in /data/projects/franken_alignment_wave4_gate2_20260908/.rch-target/release/build/fa-reference/e669633187e11169/out/profile_costs-e669633187e11169
    _RNvNtCsbx1baUgb63R_12fa_reference11strict_json5parse
      in /data/projects/franken_alignment_wave4_gate2_20260908/.rch-target/release/build/fa-reference/e669633187e11169/out/profile_costs-e669633187e11169
    _RNvNtCsbx1baUgb63R_12fa_reference14canonical_json16decode_canonical
      in /data/projects/franken_alignment_wave4_gate2_20260908/.rch-target/release/build/fa-reference/e669633187e11169/out/profile_costs-e669633187e11169
    _RNvCsd1K78oRme2b_13profile_costs9roundtrip
      in /data/projects/franken_alignment_wave4_gate2_20260908/.rch-target/release/build/fa-reference/e669633187e11169/out/profile_costs-e669633187e11169
    _RNvCsd1K78oRme2b_13profile_costss_69fixed_reference_profile_costs_are_descriptive_and_assert_all_outcomes
      in /data/projects/franken_alignment_wave4_gate2_20260908/.rch-target/release/build/fa-reference/e669633187e11169/out/profile_costs-e669633187e11169
    _RNvYNCNvCsd1K78oRme2b_13profile_costs69fixed_reference_profile_costs_are_descriptive_and_assert_all_outcomes0INtNtNtCshw961UFXsya_4core3ops8function6FnOnceuE9call_onceB6_
      in /data/projects/franken_alignment_wave4_gate2_20260908/.rch-target/release/build/fa-reference/e669633187e11169/out/profile_costs-e669633187e11169
    _RINvCslSvshESn9jA_4test28___rust_begin_short_backtraceINtNtCshw961UFXsya_4core6result6ResultuNtNtCsfVXW7bATEob_5alloc6string6StringEFEBQ_EB2_
      in /data/projects/franken_alignment_wave4_gate2_20260908/.rch-target/release/build/fa-reference/e669633187e11169/out/profile_costs-e669633187e11169
    _RNCNvCslSvshESn9jA_4test8run_test0B3_
      in /data/projects/franken_alignment_wave4_gate2_20260908/.rch-target/release/build/fa-reference/e669633187e11169/out/profile_costs-e669633187e11169
    _RINvNtNtCs88x0hlevqs9_3std3sys9backtrace28___rust_begin_short_backtraceNCNvCslSvshESn9jA_4test8run_tests_0uEB1b_
      in /data/projects/franken_alignment_wave4_gate2_20260908/.rch-target/release/build/fa-reference/e669633187e11169/out/profile_costs-e669633187e11169
    _RNSNvYNCINvNtNtCs88x0hlevqs9_3std6thread9lifecycle15spawn_uncheckedNCNvCslSvshESn9jA_4test8run_tests_0uEs_0INtNtNtCshw961UFXsya_4core3ops8function6FnOnceuE9call_once6vtableB17_
      in /data/projects/franken_alignment_wave4_gate2_20260908/.rch-target/release/build/fa-reference/e669633187e11169/out/profile_costs-e669633187e11169
    _RNvNvMs0_NtNtNtCs88x0hlevqs9_3std3sys6thread4unixNtB7_6Thread3new12thread_start
      in /data/projects/franken_alignment_wave4_gate2_20260908/.rch-target/release/build/fa-reference/e669633187e11169/out/profile_costs-e669633187e11169
    start_thread
      at ./nptl/pthread_create.c:454
      in /usr/lib/x86_64-linux-gnu/libc.so.6
    __clone3
      at ../sysdeps/unix/sysv/linux/x86_64/clone3.S:78
      in /usr/lib/x86_64-linux-gnu/libc.so.6
120 temporary allocations of 120 allocations in total (100.00%) from:
    _RINvNvMs2_NtCsfVXW7bATEob_5alloc7raw_vecINtB8_11RawVecInnerpE7reserve21do_reserve_and_handleNtNtBa_5alloc6GlobalECsbx1baUgb63R_12fa_reference
      in /data/projects/franken_alignment_wave4_gate2_20260908/.rch-target/release/build/fa-reference/e669633187e11169/out/profile_costs-e669633187e11169
    _RNvNtCsbx1baUgb63R_12fa_reference14canonical_json11json_string
      in /data/projects/franken_alignment_wave4_gate2_20260908/.rch-target/release/build/fa-reference/e669633187e11169/out/profile_costs-e669633187e11169
    _RNvNtCsbx1baUgb63R_12fa_reference14canonical_json6encode
      in /data/projects/franken_alignment_wave4_gate2_20260908/.rch-target/release/build/fa-reference/e669633187e11169/out/profile_costs-e669633187e11169
    _RNvCsd1K78oRme2b_13profile_costs9roundtrip
      in /data/projects/franken_alignment_wave4_gate2_20260908/.rch-target/release/build/fa-reference/e669633187e11169/out/profile_costs-e669633187e11169
    _RNCNvCsd1K78oRme2b_13profile_costss_69fixed_reference_profile_costs_are_descriptive_and_assert_all_outcomess3_0B3_
      in /data/projects/franken_alignment_wave4_gate2_20260908/.rch-target/release/build/fa-reference/e669633187e11169/out/profile_costs-e669633187e11169
    _RNvCsd1K78oRme2b_13profile_costss_69fixed_reference_profile_costs_are_descriptive_and_assert_all_outcomes
      in /data/projects/franken_alignment_wave4_gate2_20260908/.rch-target/release/build/fa-reference/e669633187e11169/out/profile_costs-e669633187e11169
    _RNvYNCNvCsd1K78oRme2b_13profile_costs69fixed_reference_profile_costs_are_descriptive_and_assert_all_outcomes0INtNtNtCshw961UFXsya_4core3ops8function6FnOnceuE9call_onceB6_
      in /data/projects/franken_alignment_wave4_gate2_20260908/.rch-target/release/build/fa-reference/e669633187e11169/out/profile_costs-e669633187e11169
    _RINvCslSvshESn9jA_4test28___rust_begin_short_backtraceINtNtCshw961UFXsya_4core6result6ResultuNtNtCsfVXW7bATEob_5alloc6string6StringEFEBQ_EB2_
      in /data/projects/franken_alignment_wave4_gate2_20260908/.rch-target/release/build/fa-reference/e669633187e11169/out/profile_costs-e669633187e11169
    _RNCNvCslSvshESn9jA_4test8run_test0B3_
      in /data/projects/franken_alignment_wave4_gate2_20260908/.rch-target/release/build/fa-reference/e669633187e11169/out/profile_costs-e669633187e11169
    _RINvNtNtCs88x0hlevqs9_3std3sys9backtrace28___rust_begin_short_backtraceNCNvCslSvshESn9jA_4test8run_tests_0uEB1b_
      in /data/projects/franken_alignment_wave4_gate2_20260908/.rch-target/release/build/fa-reference/e669633187e11169/out/profile_costs-e669633187e11169
    _RNSNvYNCINvNtNtCs88x0hlevqs9_3std6thread9lifecycle15spawn_uncheckedNCNvCslSvshESn9jA_4test8run_tests_0uEs_0INtNtNtCshw961UFXsya_4core3ops8function6FnOnceuE9call_once6vtableB17_
      in /data/projects/franken_alignment_wave4_gate2_20260908/.rch-target/release/build/fa-reference/e669633187e11169/out/profile_costs-e669633187e11169
    _RNvNvMs0_NtNtNtCs88x0hlevqs9_3std3sys6thread4unixNtB7_6Thread3new12thread_start
      in /data/projects/franken_alignment_wave4_gate2_20260908/.rch-target/release/build/fa-reference/e669633187e11169/out/profile_costs-e669633187e11169
    start_thread
      at ./nptl/pthread_create.c:454
      in /usr/lib/x86_64-linux-gnu/libc.so.6
    __clone3
      at ../sysdeps/unix/sysv/linux/x86_64/clone3.S:78
      in /usr/lib/x86_64-linux-gnu/libc.so.6
  and 2.11K from 113 other places

180 temporary allocations of 180 allocations in total (100.00%) from
_RNvNtCsbx1baUgb63R_12fa_reference14canonical_json10field_uint
  in /data/projects/franken_alignment_wave4_gate2_20260908/.rch-target/release/build/fa-reference/e669633187e11169/out/profile_costs-e669633187e11169
12 temporary allocations of 12 allocations in total (100.00%) from:
    _RNvNtCsbx1baUgb63R_12fa_reference14canonical_json6encode
      in /data/projects/franken_alignment_wave4_gate2_20260908/.rch-target/release/build/fa-reference/e669633187e11169/out/profile_costs-e669633187e11169
    _RNvNtCsbx1baUgb63R_12fa_reference14canonical_json16decode_canonical
      in /data/projects/franken_alignment_wave4_gate2_20260908/.rch-target/release/build/fa-reference/e669633187e11169/out/profile_costs-e669633187e11169
    _RNvCsd1K78oRme2b_13profile_costs9roundtrip
      in /data/projects/franken_alignment_wave4_gate2_20260908/.rch-target/release/build/fa-reference/e669633187e11169/out/profile_costs-e669633187e11169
    _RNvCsd1K78oRme2b_13profile_costss_69fixed_reference_profile_costs_are_descriptive_and_assert_all_outcomes
      in /data/projects/franken_alignment_wave4_gate2_20260908/.rch-target/release/build/fa-reference/e669633187e11169/out/profile_costs-e669633187e11169
    _RNvYNCNvCsd1K78oRme2b_13profile_costs69fixed_reference_profile_costs_are_descriptive_and_assert_all_outcomes0INtNtNtCshw961UFXsya_4core3ops8function6FnOnceuE9call_onceB6_
      in /data/projects/franken_alignment_wave4_gate2_20260908/.rch-target/release/build/fa-reference/e669633187e11169/out/profile_costs-e669633187e11169
    _RINvCslSvshESn9jA_4test28___rust_begin_short_backtraceINtNtCshw961UFXsya_4core6result6ResultuNtNtCsfVXW7bATEob_5alloc6string6StringEFEBQ_EB2_
      in /data/projects/franken_alignment_wave4_gate2_20260908/.rch-target/release/build/fa-reference/e669633187e11169/out/profile_costs-e669633187e11169
    _RNCNvCslSvshESn9jA_4test8run_test0B3_
      in /data/projects/franken_alignment_wave4_gate2_20260908/.rch-target/release/build/fa-reference/e669633187e11169/out/profile_costs-e669633187e11169
    _RINvNtNtCs88x0hlevqs9_3std3sys9backtrace28___rust_begin_short_backtraceNCNvCslSvshESn9jA_4test8run_tests_0uEB1b_
      in /data/projects/franken_alignment_wave4_gate2_20260908/.rch-target/release/build/fa-reference/e669633187e11169/out/profile_costs-e669633187e11169
    _RNSNvYNCINvNtNtCs88x0hlevqs9_3std6thread9lifecycle15spawn_uncheckedNCNvCslSvshESn9jA_4test8run_tests_0uEs_0INtNtNtCshw961UFXsya_4core3ops8function6FnOnceuE9call_once6vtableB17_
      in /data/projects/franken_alignment_wave4_gate2_20260908/.rch-target/release/build/fa-reference/e669633187e11169/out/profile_costs-e669633187e11169
    _RNvNvMs0_NtNtNtCs88x0hlevqs9_3std3sys6thread4unixNtB7_6Thread3new12thread_start
      in /data/projects/franken_alignment_wave4_gate2_20260908/.rch-target/release/build/fa-reference/e669633187e11169/out/profile_costs-e669633187e11169
    start_thread
      at ./nptl/pthread_create.c:454
      in /usr/lib/x86_64-linux-gnu/libc.so.6
    __clone3
      at ../sysdeps/unix/sysv/linux/x86_64/clone3.S:78
      in /usr/lib/x86_64-linux-gnu/libc.so.6
12 temporary allocations of 12 allocations in total (100.00%) from:
    _RNvNtCsbx1baUgb63R_12fa_reference14canonical_json6encode
      in /data/projects/franken_alignment_wave4_gate2_20260908/.rch-target/release/build/fa-reference/e669633187e11169/out/profile_costs-e669633187e11169
    _RNvNtCsbx1baUgb63R_12fa_reference14canonical_json16decode_canonical
      in /data/projects/franken_alignment_wave4_gate2_20260908/.rch-target/release/build/fa-reference/e669633187e11169/out/profile_costs-e669633187e11169
    _RNvCsd1K78oRme2b_13profile_costs9roundtrip
      in /data/projects/franken_alignment_wave4_gate2_20260908/.rch-target/release/build/fa-reference/e669633187e11169/out/profile_costs-e669633187e11169
    _RNvCsd1K78oRme2b_13profile_costss_69fixed_reference_profile_costs_are_descriptive_and_assert_all_outcomes
      in /data/projects/franken_alignment_wave4_gate2_20260908/.rch-target/release/build/fa-reference/e669633187e11169/out/profile_costs-e669633187e11169
    _RNvYNCNvCsd1K78oRme2b_13profile_costs69fixed_reference_profile_costs_are_descriptive_and_assert_all_outcomes0INtNtNtCshw961UFXsya_4core3ops8function6FnOnceuE9call_onceB6_
      in /data/projects/franken_alignment_wave4_gate2_20260908/.rch-target/release/build/fa-reference/e669633187e11169/out/profile_costs-e669633187e11169
    _RINvCslSvshESn9jA_4test28___rust_begin_short_backtraceINtNtCshw961UFXsya_4core6result6ResultuNtNtCsfVXW7bATEob_5alloc6string6StringEFEBQ_EB2_
      in /data/projects/franken_alignment_wave4_gate2_20260908/.rch-target/release/build/fa-reference/e669633187e11169/out/profile_costs-e669633187e11169
    _RNCNvCslSvshESn9jA_4test8run_test0B3_
      in /data/projects/franken_alignment_wave4_gate2_20260908/.rch-target/release/build/fa-reference/e669633187e11169/out/profile_costs-e669633187e11169
    _RINvNtNtCs88x0hlevqs9_3std3sys9backtrace28___rust_begin_short_backtraceNCNvCslSvshESn9jA_4test8run_tests_0uEB1b_
      in /data/projects/franken_alignment_wave4_gate2_20260908/.rch-target/release/build/fa-reference/e669633187e11169/out/profile_costs-e669633187e11169
    _RNSNvYNCINvNtNtCs88x0hlevqs9_3std6thread9lifecycle15spawn_uncheckedNCNvCslSvshESn9jA_4test8run_tests_0uEs_0INtNtNtCshw961UFXsya_4core3ops8function6FnOnceuE9call_once6vtableB17_
      in /data/projects/franken_alignment_wave4_gate2_20260908/.rch-target/release/build/fa-reference/e669633187e11169/out/profile_costs-e669633187e11169
    _RNvNvMs0_NtNtNtCs88x0hlevqs9_3std3sys6thread4unixNtB7_6Thread3new12thread_start
      in /data/projects/franken_alignment_wave4_gate2_20260908/.rch-target/release/build/fa-reference/e669633187e11169/out/profile_costs-e669633187e11169
    start_thread
      at ./nptl/pthread_create.c:454
      in /usr/lib/x86_64-linux-gnu/libc.so.6
    __clone3
      at ../sysdeps/unix/sysv/linux/x86_64/clone3.S:78
      in /usr/lib/x86_64-linux-gnu/libc.so.6
12 temporary allocations of 12 allocations in total (100.00%) from:
    _RNvNtCsbx1baUgb63R_12fa_reference14canonical_json6encode
      in /data/projects/franken_alignment_wave4_gate2_20260908/.rch-target/release/build/fa-reference/e669633187e11169/out/profile_costs-e669633187e11169
    _RNvNtCsbx1baUgb63R_12fa_reference14canonical_json16decode_canonical
      in /data/projects/franken_alignment_wave4_gate2_20260908/.rch-target/release/build/fa-reference/e669633187e11169/out/profile_costs-e669633187e11169
    _RNvCsd1K78oRme2b_13profile_costs9roundtrip
      in /data/projects/franken_alignment_wave4_gate2_20260908/.rch-target/release/build/fa-reference/e669633187e11169/out/profile_costs-e669633187e11169
    _RNvCsd1K78oRme2b_13profile_costss_69fixed_reference_profile_costs_are_descriptive_and_assert_all_outcomes
      in /data/projects/franken_alignment_wave4_gate2_20260908/.rch-target/release/build/fa-reference/e669633187e11169/out/profile_costs-e669633187e11169
    _RNvYNCNvCsd1K78oRme2b_13profile_costs69fixed_reference_profile_costs_are_descriptive_and_assert_all_outcomes0INtNtNtCshw961UFXsya_4core3ops8function6FnOnceuE9call_onceB6_
      in /data/projects/franken_alignment_wave4_gate2_20260908/.rch-target/release/build/fa-reference/e669633187e11169/out/profile_costs-e669633187e11169
    _RINvCslSvshESn9jA_4test28___rust_begin_short_backtraceINtNtCshw961UFXsya_4core6result6ResultuNtNtCsfVXW7bATEob_5alloc6string6StringEFEBQ_EB2_
      in /data/projects/franken_alignment_wave4_gate2_20260908/.rch-target/release/build/fa-reference/e669633187e11169/out/profile_costs-e669633187e11169
    _RNCNvCslSvshESn9jA_4test8run_test0B3_
      in /data/projects/franken_alignment_wave4_gate2_20260908/.rch-target/release/build/fa-reference/e669633187e11169/out/profile_costs-e669633187e11169
    _RINvNtNtCs88x0hlevqs9_3std3sys9backtrace28___rust_begin_short_backtraceNCNvCslSvshESn9jA_4test8run_tests_0uEB1b_
      in /data/projects/franken_alignment_wave4_gate2_20260908/.rch-target/release/build/fa-reference/e669633187e11169/out/profile_costs-e669633187e11169
    _RNSNvYNCINvNtNtCs88x0hlevqs9_3std6thread9lifecycle15spawn_uncheckedNCNvCslSvshESn9jA_4test8run_tests_0uEs_0INtNtNtCshw961UFXsya_4core3ops8function6FnOnceuE9call_once6vtableB17_
      in /data/projects/franken_alignment_wave4_gate2_20260908/.rch-target/release/build/fa-reference/e669633187e11169/out/profile_costs-e669633187e11169
    _RNvNvMs0_NtNtNtCs88x0hlevqs9_3std3sys6thread4unixNtB7_6Thread3new12thread_start
      in /data/projects/franken_alignment_wave4_gate2_20260908/.rch-target/release/build/fa-reference/e669633187e11169/out/profile_costs-e669633187e11169
    start_thread
      at ./nptl/pthread_create.c:454
      in /usr/lib/x86_64-linux-gnu/libc.so.6
    __clone3
      at ../sysdeps/unix/sysv/linux/x86_64/clone3.S:78
      in /usr/lib/x86_64-linux-gnu/libc.so.6
  and 144B from 12 other places

72 temporary allocations of 72 allocations in total (100.00%) from
_RNvNtCsbx1baUgb63R_12fa_reference7history15validate_config.llvm.5784149735846637912
  in /data/projects/franken_alignment_wave4_gate2_20260908/.rch-target/release/build/fa-reference/e669633187e11169/out/profile_costs-e669633187e11169
12 temporary allocations of 12 allocations in total (100.00%) from:
    _RNvCsd1K78oRme2b_13profile_costss_69fixed_reference_profile_costs_are_descriptive_and_assert_all_outcomes
      in /data/projects/franken_alignment_wave4_gate2_20260908/.rch-target/release/build/fa-reference/e669633187e11169/out/profile_costs-e669633187e11169
    _RNvYNCNvCsd1K78oRme2b_13profile_costs69fixed_reference_profile_costs_are_descriptive_and_assert_all_outcomes0INtNtNtCshw961UFXsya_4core3ops8function6FnOnceuE9call_onceB6_
      in /data/projects/franken_alignment_wave4_gate2_20260908/.rch-target/release/build/fa-reference/e669633187e11169/out/profile_costs-e669633187e11169
    _RINvCslSvshESn9jA_4test28___rust_begin_short_backtraceINtNtCshw961UFXsya_4core6result6ResultuNtNtCsfVXW7bATEob_5alloc6string6StringEFEBQ_EB2_
      in /data/projects/franken_alignment_wave4_gate2_20260908/.rch-target/release/build/fa-reference/e669633187e11169/out/profile_costs-e669633187e11169
    _RNCNvCslSvshESn9jA_4test8run_test0B3_
      in /data/projects/franken_alignment_wave4_gate2_20260908/.rch-target/release/build/fa-reference/e669633187e11169/out/profile_costs-e669633187e11169
    _RINvNtNtCs88x0hlevqs9_3std3sys9backtrace28___rust_begin_short_backtraceNCNvCslSvshESn9jA_4test8run_tests_0uEB1b_
      in /data/projects/franken_alignment_wave4_gate2_20260908/.rch-target/release/build/fa-reference/e669633187e11169/out/profile_costs-e669633187e11169
    _RNSNvYNCINvNtNtCs88x0hlevqs9_3std6thread9lifecycle15spawn_uncheckedNCNvCslSvshESn9jA_4test8run_tests_0uEs_0INtNtNtCshw961UFXsya_4core3ops8function6FnOnceuE9call_once6vtableB17_
      in /data/projects/franken_alignment_wave4_gate2_20260908/.rch-target/release/build/fa-reference/e669633187e11169/out/profile_costs-e669633187e11169
    _RNvNvMs0_NtNtNtCs88x0hlevqs9_3std3sys6thread4unixNtB7_6Thread3new12thread_start
      in /data/projects/franken_alignment_wave4_gate2_20260908/.rch-target/release/build/fa-reference/e669633187e11169/out/profile_costs-e669633187e11169
    start_thread
      at ./nptl/pthread_create.c:454
      in /usr/lib/x86_64-linux-gnu/libc.so.6
    __clone3
      at ../sysdeps/unix/sysv/linux/x86_64/clone3.S:78
      in /usr/lib/x86_64-linux-gnu/libc.so.6
12 temporary allocations of 12 allocations in total (100.00%) from:
    _RNvNtCsbx1baUgb63R_12fa_reference7history6replay
      in /data/projects/franken_alignment_wave4_gate2_20260908/.rch-target/release/build/fa-reference/e669633187e11169/out/profile_costs-e669633187e11169
    _RNvCsd1K78oRme2b_13profile_costss_69fixed_reference_profile_costs_are_descriptive_and_assert_all_outcomes
      in /data/projects/franken_alignment_wave4_gate2_20260908/.rch-target/release/build/fa-reference/e669633187e11169/out/profile_costs-e669633187e11169
    _RNvYNCNvCsd1K78oRme2b_13profile_costs69fixed_reference_profile_costs_are_descriptive_and_assert_all_outcomes0INtNtNtCshw961UFXsya_4core3ops8function6FnOnceuE9call_onceB6_
      in /data/projects/franken_alignment_wave4_gate2_20260908/.rch-target/release/build/fa-reference/e669633187e11169/out/profile_costs-e669633187e11169
    _RINvCslSvshESn9jA_4test28___rust_begin_short_backtraceINtNtCshw961UFXsya_4core6result6ResultuNtNtCsfVXW7bATEob_5alloc6string6StringEFEBQ_EB2_
      in /data/projects/franken_alignment_wave4_gate2_20260908/.rch-target/release/build/fa-reference/e669633187e11169/out/profile_costs-e669633187e11169
    _RNCNvCslSvshESn9jA_4test8run_test0B3_
      in /data/projects/franken_alignment_wave4_gate2_20260908/.rch-target/release/build/fa-reference/e669633187e11169/out/profile_costs-e669633187e11169
    _RINvNtNtCs88x0hlevqs9_3std3sys9backtrace28___rust_begin_short_backtraceNCNvCslSvshESn9jA_4test8run_tests_0uEB1b_
      in /data/projects/franken_alignment_wave4_gate2_20260908/.rch-target/release/build/fa-reference/e669633187e11169/out/profile_costs-e669633187e11169
    _RNSNvYNCINvNtNtCs88x0hlevqs9_3std6thread9lifecycle15spawn_uncheckedNCNvCslSvshESn9jA_4test8run_tests_0uEs_0INtNtNtCshw961UFXsya_4core3ops8function6FnOnceuE9call_once6vtableB17_
      in /data/projects/franken_alignment_wave4_gate2_20260908/.rch-target/release/build/fa-reference/e669633187e11169/out/profile_costs-e669633187e11169
    _RNvNvMs0_NtNtNtCs88x0hlevqs9_3std3sys6thread4unixNtB7_6Thread3new12thread_start
      in /data/projects/franken_alignment_wave4_gate2_20260908/.rch-target/release/build/fa-reference/e669633187e11169/out/profile_costs-e669633187e11169
    start_thread
      at ./nptl/pthread_create.c:454
      in /usr/lib/x86_64-linux-gnu/libc.so.6
    __clone3
      at ../sysdeps/unix/sysv/linux/x86_64/clone3.S:78
      in /usr/lib/x86_64-linux-gnu/libc.so.6
12 temporary allocations of 12 allocations in total (100.00%) from:
    _RNvCsd1K78oRme2b_13profile_costss_69fixed_reference_profile_costs_are_descriptive_and_assert_all_outcomes
      in /data/projects/franken_alignment_wave4_gate2_20260908/.rch-target/release/build/fa-reference/e669633187e11169/out/profile_costs-e669633187e11169
    _RNvYNCNvCsd1K78oRme2b_13profile_costs69fixed_reference_profile_costs_are_descriptive_and_assert_all_outcomes0INtNtNtCshw961UFXsya_4core3ops8function6FnOnceuE9call_onceB6_
      in /data/projects/franken_alignment_wave4_gate2_20260908/.rch-target/release/build/fa-reference/e669633187e11169/out/profile_costs-e669633187e11169
    _RINvCslSvshESn9jA_4test28___rust_begin_short_backtraceINtNtCshw961UFXsya_4core6result6ResultuNtNtCsfVXW7bATEob_5alloc6string6StringEFEBQ_EB2_
      in /data/projects/franken_alignment_wave4_gate2_20260908/.rch-target/release/build/fa-reference/e669633187e11169/out/profile_costs-e669633187e11169
    _RNCNvCslSvshESn9jA_4test8run_test0B3_
      in /data/projects/franken_alignment_wave4_gate2_20260908/.rch-target/release/build/fa-reference/e669633187e11169/out/profile_costs-e669633187e11169
    _RINvNtNtCs88x0hlevqs9_3std3sys9backtrace28___rust_begin_short_backtraceNCNvCslSvshESn9jA_4test8run_tests_0uEB1b_
      in /data/projects/franken_alignment_wave4_gate2_20260908/.rch-target/release/build/fa-reference/e669633187e11169/out/profile_costs-e669633187e11169
    _RNSNvYNCINvNtNtCs88x0hlevqs9_3std6thread9lifecycle15spawn_uncheckedNCNvCslSvshESn9jA_4test8run_tests_0uEs_0INtNtNtCshw961UFXsya_4core3ops8function6FnOnceuE9call_once6vtableB17_
      in /data/projects/franken_alignment_wave4_gate2_20260908/.rch-target/release/build/fa-reference/e669633187e11169/out/profile_costs-e669633187e11169
    _RNvNvMs0_NtNtNtCs88x0hlevqs9_3std3sys6thread4unixNtB7_6Thread3new12thread_start
      in /data/projects/franken_alignment_wave4_gate2_20260908/.rch-target/release/build/fa-reference/e669633187e11169/out/profile_costs-e669633187e11169
    start_thread
      at ./nptl/pthread_create.c:454
      in /usr/lib/x86_64-linux-gnu/libc.so.6
    __clone3
      at ../sysdeps/unix/sysv/linux/x86_64/clone3.S:78
      in /usr/lib/x86_64-linux-gnu/libc.so.6
  and 36B from 3 other places

26 temporary allocations of 26 allocations in total (100.00%) from
_RNvCsd1K78oRme2b_13profile_costs19large_unicode_claim
  in /data/projects/franken_alignment_wave4_gate2_20260908/.rch-target/release/build/fa-reference/e669633187e11169/out/profile_costs-e669633187e11169
12 temporary allocations of 12 allocations in total (100.00%) from:
    _RNCNvCsd1K78oRme2b_13profile_costss_69fixed_reference_profile_costs_are_descriptive_and_assert_all_outcomess3_0B3_
      in /data/projects/franken_alignment_wave4_gate2_20260908/.rch-target/release/build/fa-reference/e669633187e11169/out/profile_costs-e669633187e11169
    _RNvCsd1K78oRme2b_13profile_costss_69fixed_reference_profile_costs_are_descriptive_and_assert_all_outcomes
      in /data/projects/franken_alignment_wave4_gate2_20260908/.rch-target/release/build/fa-reference/e669633187e11169/out/profile_costs-e669633187e11169
    _RNvYNCNvCsd1K78oRme2b_13profile_costs69fixed_reference_profile_costs_are_descriptive_and_assert_all_outcomes0INtNtNtCshw961UFXsya_4core3ops8function6FnOnceuE9call_onceB6_
      in /data/projects/franken_alignment_wave4_gate2_20260908/.rch-target/release/build/fa-reference/e669633187e11169/out/profile_costs-e669633187e11169
    _RINvCslSvshESn9jA_4test28___rust_begin_short_backtraceINtNtCshw961UFXsya_4core6result6ResultuNtNtCsfVXW7bATEob_5alloc6string6StringEFEBQ_EB2_
      in /data/projects/franken_alignment_wave4_gate2_20260908/.rch-target/release/build/fa-reference/e669633187e11169/out/profile_costs-e669633187e11169
    _RNCNvCslSvshESn9jA_4test8run_test0B3_
      in /data/projects/franken_alignment_wave4_gate2_20260908/.rch-target/release/build/fa-reference/e669633187e11169/out/profile_costs-e669633187e11169
    _RINvNtNtCs88x0hlevqs9_3std3sys9backtrace28___rust_begin_short_backtraceNCNvCslSvshESn9jA_4test8run_tests_0uEB1b_
      in /data/projects/franken_alignment_wave4_gate2_20260908/.rch-target/release/build/fa-reference/e669633187e11169/out/profile_costs-e669633187e11169
    _RNSNvYNCINvNtNtCs88x0hlevqs9_3std6thread9lifecycle15spawn_uncheckedNCNvCslSvshESn9jA_4test8run_tests_0uEs_0INtNtNtCshw961UFXsya_4core3ops8function6FnOnceuE9call_once6vtableB17_
      in /data/projects/franken_alignment_wave4_gate2_20260908/.rch-target/release/build/fa-reference/e669633187e11169/out/profile_costs-e669633187e11169
    _RNvNvMs0_NtNtNtCs88x0hlevqs9_3std3sys6thread4unixNtB7_6Thread3new12thread_start
      in /data/projects/franken_alignment_wave4_gate2_20260908/.rch-target/release/build/fa-reference/e669633187e11169/out/profile_costs-e669633187e11169
    start_thread
      at ./nptl/pthread_create.c:454
      in /usr/lib/x86_64-linux-gnu/libc.so.6
    __clone3
      at ../sysdeps/unix/sysv/linux/x86_64/clone3.S:78
      in /usr/lib/x86_64-linux-gnu/libc.so.6
12 temporary allocations of 12 allocations in total (100.00%) from:
    _RNCNvCsd1K78oRme2b_13profile_costss_69fixed_reference_profile_costs_are_descriptive_and_assert_all_outcomess3_0B3_
      in /data/projects/franken_alignment_wave4_gate2_20260908/.rch-target/release/build/fa-reference/e669633187e11169/out/profile_costs-e669633187e11169
    _RNvCsd1K78oRme2b_13profile_costss_69fixed_reference_profile_costs_are_descriptive_and_assert_all_outcomes
      in /data/projects/franken_alignment_wave4_gate2_20260908/.rch-target/release/build/fa-reference/e669633187e11169/out/profile_costs-e669633187e11169
    _RNvYNCNvCsd1K78oRme2b_13profile_costs69fixed_reference_profile_costs_are_descriptive_and_assert_all_outcomes0INtNtNtCshw961UFXsya_4core3ops8function6FnOnceuE9call_onceB6_
      in /data/projects/franken_alignment_wave4_gate2_20260908/.rch-target/release/build/fa-reference/e669633187e11169/out/profile_costs-e669633187e11169
    _RINvCslSvshESn9jA_4test28___rust_begin_short_backtraceINtNtCshw961UFXsya_4core6result6ResultuNtNtCsfVXW7bATEob_5alloc6string6StringEFEBQ_EB2_
      in /data/projects/franken_alignment_wave4_gate2_20260908/.rch-target/release/build/fa-reference/e669633187e11169/out/profile_costs-e669633187e11169
    _RNCNvCslSvshESn9jA_4test8run_test0B3_
      in /data/projects/franken_alignment_wave4_gate2_20260908/.rch-target/release/build/fa-reference/e669633187e11169/out/profile_costs-e669633187e11169
    _RINvNtNtCs88x0hlevqs9_3std3sys9backtrace28___rust_begin_short_backtraceNCNvCslSvshESn9jA_4test8run_tests_0uEB1b_
      in /data/projects/franken_alignment_wave4_gate2_20260908/.rch-target/release/build/fa-reference/e669633187e11169/out/profile_costs-e669633187e11169
    _RNSNvYNCINvNtNtCs88x0hlevqs9_3std6thread9lifecycle15spawn_uncheckedNCNvCslSvshESn9jA_4test8run_tests_0uEs_0INtNtNtCshw961UFXsya_4core3ops8function6FnOnceuE9call_once6vtableB17_
      in /data/projects/franken_alignment_wave4_gate2_20260908/.rch-target/release/build/fa-reference/e669633187e11169/out/profile_costs-e669633187e11169
    _RNvNvMs0_NtNtNtCs88x0hlevqs9_3std3sys6thread4unixNtB7_6Thread3new12thread_start
      in /data/projects/franken_alignment_wave4_gate2_20260908/.rch-target/release/build/fa-reference/e669633187e11169/out/profile_costs-e669633187e11169
    start_thread
      at ./nptl/pthread_create.c:454
      in /usr/lib/x86_64-linux-gnu/libc.so.6
    __clone3
      at ../sysdeps/unix/sysv/linux/x86_64/clone3.S:78
      in /usr/lib/x86_64-linux-gnu/libc.so.6
1 temporary allocations of 1 allocations in total (100.00%) from:
    _RNvCsd1K78oRme2b_13profile_costss_69fixed_reference_profile_costs_are_descriptive_and_assert_all_outcomes
      in /data/projects/franken_alignment_wave4_gate2_20260908/.rch-target/release/build/fa-reference/e669633187e11169/out/profile_costs-e669633187e11169
    _RNvYNCNvCsd1K78oRme2b_13profile_costs69fixed_reference_profile_costs_are_descriptive_and_assert_all_outcomes0INtNtNtCshw961UFXsya_4core3ops8function6FnOnceuE9call_onceB6_
      in /data/projects/franken_alignment_wave4_gate2_20260908/.rch-target/release/build/fa-reference/e669633187e11169/out/profile_costs-e669633187e11169
    _RINvCslSvshESn9jA_4test28___rust_begin_short_backtraceINtNtCshw961UFXsya_4core6result6ResultuNtNtCsfVXW7bATEob_5alloc6string6StringEFEBQ_EB2_
      in /data/projects/franken_alignment_wave4_gate2_20260908/.rch-target/release/build/fa-reference/e669633187e11169/out/profile_costs-e669633187e11169
    _RNCNvCslSvshESn9jA_4test8run_test0B3_
      in /data/projects/franken_alignment_wave4_gate2_20260908/.rch-target/release/build/fa-reference/e669633187e11169/out/profile_costs-e669633187e11169
    _RINvNtNtCs88x0hlevqs9_3std3sys9backtrace28___rust_begin_short_backtraceNCNvCslSvshESn9jA_4test8run_tests_0uEB1b_
      in /data/projects/franken_alignment_wave4_gate2_20260908/.rch-target/release/build/fa-reference/e669633187e11169/out/profile_costs-e669633187e11169
    _RNSNvYNCINvNtNtCs88x0hlevqs9_3std6thread9lifecycle15spawn_uncheckedNCNvCslSvshESn9jA_4test8run_tests_0uEs_0INtNtNtCshw961UFXsya_4core3ops8function6FnOnceuE9call_once6vtableB17_
      in /data/projects/franken_alignment_wave4_gate2_20260908/.rch-target/release/build/fa-reference/e669633187e11169/out/profile_costs-e669633187e11169
    _RNvNvMs0_NtNtNtCs88x0hlevqs9_3std3sys6thread4unixNtB7_6Thread3new12thread_start
      in /data/projects/franken_alignment_wave4_gate2_20260908/.rch-target/release/build/fa-reference/e669633187e11169/out/profile_costs-e669633187e11169
    start_thread
      at ./nptl/pthread_create.c:454
      in /usr/lib/x86_64-linux-gnu/libc.so.6
    __clone3
      at ../sysdeps/unix/sysv/linux/x86_64/clone3.S:78
      in /usr/lib/x86_64-linux-gnu/libc.so.6
  and 1B from 1 other places

20 temporary allocations of 112 allocations in total (17.86%) from
_RNvCsd1K78oRme2b_13profile_costss_69fixed_reference_profile_costs_are_descriptive_and_assert_all_outcomes
  in /data/projects/franken_alignment_wave4_gate2_20260908/.rch-target/release/build/fa-reference/e669633187e11169/out/profile_costs-e669633187e11169
12 temporary allocations of 12 allocations in total (100.00%) from:
    _RNvYNCNvCsd1K78oRme2b_13profile_costs69fixed_reference_profile_costs_are_descriptive_and_assert_all_outcomes0INtNtNtCshw961UFXsya_4core3ops8function6FnOnceuE9call_onceB6_
      in /data/projects/franken_alignment_wave4_gate2_20260908/.rch-target/release/build/fa-reference/e669633187e11169/out/profile_costs-e669633187e11169
    _RINvCslSvshESn9jA_4test28___rust_begin_short_backtraceINtNtCshw961UFXsya_4core6result6ResultuNtNtCsfVXW7bATEob_5alloc6string6StringEFEBQ_EB2_
      in /data/projects/franken_alignment_wave4_gate2_20260908/.rch-target/release/build/fa-reference/e669633187e11169/out/profile_costs-e669633187e11169
    _RNCNvCslSvshESn9jA_4test8run_test0B3_
      in /data/projects/franken_alignment_wave4_gate2_20260908/.rch-target/release/build/fa-reference/e669633187e11169/out/profile_costs-e669633187e11169
    _RINvNtNtCs88x0hlevqs9_3std3sys9backtrace28___rust_begin_short_backtraceNCNvCslSvshESn9jA_4test8run_tests_0uEB1b_
      in /data/projects/franken_alignment_wave4_gate2_20260908/.rch-target/release/build/fa-reference/e669633187e11169/out/profile_costs-e669633187e11169
    _RNSNvYNCINvNtNtCs88x0hlevqs9_3std6thread9lifecycle15spawn_uncheckedNCNvCslSvshESn9jA_4test8run_tests_0uEs_0INtNtNtCshw961UFXsya_4core3ops8function6FnOnceuE9call_once6vtableB17_
      in /data/projects/franken_alignment_wave4_gate2_20260908/.rch-target/release/build/fa-reference/e669633187e11169/out/profile_costs-e669633187e11169
    _RNvNvMs0_NtNtNtCs88x0hlevqs9_3std3sys6thread4unixNtB7_6Thread3new12thread_start
      in /data/projects/franken_alignment_wave4_gate2_20260908/.rch-target/release/build/fa-reference/e669633187e11169/out/profile_costs-e669633187e11169
    start_thread
      at ./nptl/pthread_create.c:454
      in /usr/lib/x86_64-linux-gnu/libc.so.6
    __clone3
      at ../sysdeps/unix/sysv/linux/x86_64/clone3.S:78
      in /usr/lib/x86_64-linux-gnu/libc.so.6
3 temporary allocations of 3 allocations in total (100.00%) from:
    _RNvYNCNvCsd1K78oRme2b_13profile_costs69fixed_reference_profile_costs_are_descriptive_and_assert_all_outcomes0INtNtNtCshw961UFXsya_4core3ops8function6FnOnceuE9call_onceB6_
      in /data/projects/franken_alignment_wave4_gate2_20260908/.rch-target/release/build/fa-reference/e669633187e11169/out/profile_costs-e669633187e11169
    _RINvCslSvshESn9jA_4test28___rust_begin_short_backtraceINtNtCshw961UFXsya_4core6result6ResultuNtNtCsfVXW7bATEob_5alloc6string6StringEFEBQ_EB2_
      in /data/projects/franken_alignment_wave4_gate2_20260908/.rch-target/release/build/fa-reference/e669633187e11169/out/profile_costs-e669633187e11169
    _RNCNvCslSvshESn9jA_4test8run_test0B3_
      in /data/projects/franken_alignment_wave4_gate2_20260908/.rch-target/release/build/fa-reference/e669633187e11169/out/profile_costs-e669633187e11169
    _RINvNtNtCs88x0hlevqs9_3std3sys9backtrace28___rust_begin_short_backtraceNCNvCslSvshESn9jA_4test8run_tests_0uEB1b_
      in /data/projects/franken_alignment_wave4_gate2_20260908/.rch-target/release/build/fa-reference/e669633187e11169/out/profile_costs-e669633187e11169
    _RNSNvYNCINvNtNtCs88x0hlevqs9_3std6thread9lifecycle15spawn_uncheckedNCNvCslSvshESn9jA_4test8run_tests_0uEs_0INtNtNtCshw961UFXsya_4core3ops8function6FnOnceuE9call_once6vtableB17_
      in /data/projects/franken_alignment_wave4_gate2_20260908/.rch-target/release/build/fa-reference/e669633187e11169/out/profile_costs-e669633187e11169
    _RNvNvMs0_NtNtNtCs88x0hlevqs9_3std3sys6thread4unixNtB7_6Thread3new12thread_start
      in /data/projects/franken_alignment_wave4_gate2_20260908/.rch-target/release/build/fa-reference/e669633187e11169/out/profile_costs-e669633187e11169
    start_thread
      at ./nptl/pthread_create.c:454
      in /usr/lib/x86_64-linux-gnu/libc.so.6
    __clone3
      at ../sysdeps/unix/sysv/linux/x86_64/clone3.S:78
      in /usr/lib/x86_64-linux-gnu/libc.so.6
1 temporary allocations of 1 allocations in total (100.00%) from:
    _RNvYNCNvCsd1K78oRme2b_13profile_costs69fixed_reference_profile_costs_are_descriptive_and_assert_all_outcomes0INtNtNtCshw961UFXsya_4core3ops8function6FnOnceuE9call_onceB6_
      in /data/projects/franken_alignment_wave4_gate2_20260908/.rch-target/release/build/fa-reference/e669633187e11169/out/profile_costs-e669633187e11169
    _RINvCslSvshESn9jA_4test28___rust_begin_short_backtraceINtNtCshw961UFXsya_4core6result6ResultuNtNtCsfVXW7bATEob_5alloc6string6StringEFEBQ_EB2_
      in /data/projects/franken_alignment_wave4_gate2_20260908/.rch-target/release/build/fa-reference/e669633187e11169/out/profile_costs-e669633187e11169
    _RNCNvCslSvshESn9jA_4test8run_test0B3_
      in /data/projects/franken_alignment_wave4_gate2_20260908/.rch-target/release/build/fa-reference/e669633187e11169/out/profile_costs-e669633187e11169
    _RINvNtNtCs88x0hlevqs9_3std3sys9backtrace28___rust_begin_short_backtraceNCNvCslSvshESn9jA_4test8run_tests_0uEB1b_
      in /data/projects/franken_alignment_wave4_gate2_20260908/.rch-target/release/build/fa-reference/e669633187e11169/out/profile_costs-e669633187e11169
    _RNSNvYNCINvNtNtCs88x0hlevqs9_3std6thread9lifecycle15spawn_uncheckedNCNvCslSvshESn9jA_4test8run_tests_0uEs_0INtNtNtCshw961UFXsya_4core3ops8function6FnOnceuE9call_once6vtableB17_
      in /data/projects/franken_alignment_wave4_gate2_20260908/.rch-target/release/build/fa-reference/e669633187e11169/out/profile_costs-e669633187e11169
    _RNvNvMs0_NtNtNtCs88x0hlevqs9_3std3sys6thread4unixNtB7_6Thread3new12thread_start
      in /data/projects/franken_alignment_wave4_gate2_20260908/.rch-target/release/build/fa-reference/e669633187e11169/out/profile_costs-e669633187e11169
    start_thread
      at ./nptl/pthread_create.c:454
      in /usr/lib/x86_64-linux-gnu/libc.so.6
    __clone3
      at ../sysdeps/unix/sysv/linux/x86_64/clone3.S:78
      in /usr/lib/x86_64-linux-gnu/libc.so.6
  and 4B from 17 other places

17 temporary allocations of 24 allocations in total (70.83%) from
_RNvMs4_Cs1wnBOBePEka_7getoptsNtB5_7Matches8opt_vals
  in /data/projects/franken_alignment_wave4_gate2_20260908/.rch-target/release/build/fa-reference/e669633187e11169/out/profile_costs-e669633187e11169
1 temporary allocations of 1 allocations in total (100.00%) from:
    _RNvMs4_Cs1wnBOBePEka_7getoptsNtB5_7Matches8opt_strs
      in /data/projects/franken_alignment_wave4_gate2_20260908/.rch-target/release/build/fa-reference/e669633187e11169/out/profile_costs-e669633187e11169
    _RNvNtCslSvshESn9jA_4test3cli10parse_opts
      in /data/projects/franken_alignment_wave4_gate2_20260908/.rch-target/release/build/fa-reference/e669633187e11169/out/profile_costs-e669633187e11169
    _RNvCslSvshESn9jA_4test16test_main_static
      in /data/projects/franken_alignment_wave4_gate2_20260908/.rch-target/release/build/fa-reference/e669633187e11169/out/profile_costs-e669633187e11169
    _RINvNtNtCs88x0hlevqs9_3std3sys9backtrace28___rust_begin_short_backtraceFEuuECsd1K78oRme2b_13profile_costs
      in /data/projects/franken_alignment_wave4_gate2_20260908/.rch-target/release/build/fa-reference/e669633187e11169/out/profile_costs-e669633187e11169
    _RNCINvNtCs88x0hlevqs9_3std2rt10lang_startuE0Csd1K78oRme2b_13profile_costs
      in /data/projects/franken_alignment_wave4_gate2_20260908/.rch-target/release/build/fa-reference/e669633187e11169/out/profile_costs-e669633187e11169
    _RNvNtCs88x0hlevqs9_3std2rt19lang_start_internal
      in /data/projects/franken_alignment_wave4_gate2_20260908/.rch-target/release/build/fa-reference/e669633187e11169/out/profile_costs-e669633187e11169
    main
      in /data/projects/franken_alignment_wave4_gate2_20260908/.rch-target/release/build/fa-reference/e669633187e11169/out/profile_costs-e669633187e11169
1 temporary allocations of 1 allocations in total (100.00%) from:
    _RNvMs4_Cs1wnBOBePEka_7getoptsNtB5_7Matches11opt_present
      in /data/projects/franken_alignment_wave4_gate2_20260908/.rch-target/release/build/fa-reference/e669633187e11169/out/profile_costs-e669633187e11169
    _RNvNtCslSvshESn9jA_4test3cli10parse_opts
      in /data/projects/franken_alignment_wave4_gate2_20260908/.rch-target/release/build/fa-reference/e669633187e11169/out/profile_costs-e669633187e11169
    _RNvCslSvshESn9jA_4test16test_main_static
      in /data/projects/franken_alignment_wave4_gate2_20260908/.rch-target/release/build/fa-reference/e669633187e11169/out/profile_costs-e669633187e11169
    _RINvNtNtCs88x0hlevqs9_3std3sys9backtrace28___rust_begin_short_backtraceFEuuECsd1K78oRme2b_13profile_costs
      in /data/projects/franken_alignment_wave4_gate2_20260908/.rch-target/release/build/fa-reference/e669633187e11169/out/profile_costs-e669633187e11169
    _RNCINvNtCs88x0hlevqs9_3std2rt10lang_startuE0Csd1K78oRme2b_13profile_costs
      in /data/projects/franken_alignment_wave4_gate2_20260908/.rch-target/release/build/fa-reference/e669633187e11169/out/profile_costs-e669633187e11169
    _RNvNtCs88x0hlevqs9_3std2rt19lang_start_internal
      in /data/projects/franken_alignment_wave4_gate2_20260908/.rch-target/release/build/fa-reference/e669633187e11169/out/profile_costs-e669633187e11169
    main
      in /data/projects/franken_alignment_wave4_gate2_20260908/.rch-target/release/build/fa-reference/e669633187e11169/out/profile_costs-e669633187e11169
1 temporary allocations of 1 allocations in total (100.00%) from:
    _RNvNtCslSvshESn9jA_4test3cli10get_format
      in /data/projects/franken_alignment_wave4_gate2_20260908/.rch-target/release/build/fa-reference/e669633187e11169/out/profile_costs-e669633187e11169
    _RNvNtCslSvshESn9jA_4test3cli10parse_opts
      in /data/projects/franken_alignment_wave4_gate2_20260908/.rch-target/release/build/fa-reference/e669633187e11169/out/profile_costs-e669633187e11169
    _RNvCslSvshESn9jA_4test16test_main_static
      in /data/projects/franken_alignment_wave4_gate2_20260908/.rch-target/release/build/fa-reference/e669633187e11169/out/profile_costs-e669633187e11169
    _RINvNtNtCs88x0hlevqs9_3std3sys9backtrace28___rust_begin_short_backtraceFEuuECsd1K78oRme2b_13profile_costs
      in /data/projects/franken_alignment_wave4_gate2_20260908/.rch-target/release/build/fa-reference/e669633187e11169/out/profile_costs-e669633187e11169
    _RNCINvNtCs88x0hlevqs9_3std2rt10lang_startuE0Csd1K78oRme2b_13profile_costs
      in /data/projects/franken_alignment_wave4_gate2_20260908/.rch-target/release/build/fa-reference/e669633187e11169/out/profile_costs-e669633187e11169
    _RNvNtCs88x0hlevqs9_3std2rt19lang_start_internal
      in /data/projects/franken_alignment_wave4_gate2_20260908/.rch-target/release/build/fa-reference/e669633187e11169/out/profile_costs-e669633187e11169
    main
      in /data/projects/franken_alignment_wave4_gate2_20260908/.rch-target/release/build/fa-reference/e669633187e11169/out/profile_costs-e669633187e11169
  and 14B from 21 other places

17 temporary allocations of 57 allocations in total (29.82%) from
_RNvXsH_Cs1wnBOBePEka_7getoptsNtB5_8OptGroupNtNtCshw961UFXsya_4core5clone5Clone5clone
  in /data/projects/franken_alignment_wave4_gate2_20260908/.rch-target/release/build/fa-reference/e669633187e11169/out/profile_costs-e669633187e11169
17 temporary allocations of 24 allocations in total (70.83%) from:
    _RNvMs3_Cs1wnBOBePEka_7getoptsNtB5_8OptGroup13long_to_short
      in /data/projects/franken_alignment_wave4_gate2_20260908/.rch-target/release/build/fa-reference/e669633187e11169/out/profile_costs-e669633187e11169
    _RNvNtCslSvshESn9jA_4test3cli10parse_opts
      in /data/projects/franken_alignment_wave4_gate2_20260908/.rch-target/release/build/fa-reference/e669633187e11169/out/profile_costs-e669633187e11169
    _RNvCslSvshESn9jA_4test16test_main_static
      in /data/projects/franken_alignment_wave4_gate2_20260908/.rch-target/release/build/fa-reference/e669633187e11169/out/profile_costs-e669633187e11169
    _RINvNtNtCs88x0hlevqs9_3std3sys9backtrace28___rust_begin_short_backtraceFEuuECsd1K78oRme2b_13profile_costs
      in /data/projects/franken_alignment_wave4_gate2_20260908/.rch-target/release/build/fa-reference/e669633187e11169/out/profile_costs-e669633187e11169
    _RNCINvNtCs88x0hlevqs9_3std2rt10lang_startuE0Csd1K78oRme2b_13profile_costs
      in /data/projects/franken_alignment_wave4_gate2_20260908/.rch-target/release/build/fa-reference/e669633187e11169/out/profile_costs-e669633187e11169
    _RNvNtCs88x0hlevqs9_3std2rt19lang_start_internal
      in /data/projects/franken_alignment_wave4_gate2_20260908/.rch-target/release/build/fa-reference/e669633187e11169/out/profile_costs-e669633187e11169
    main
      in /data/projects/franken_alignment_wave4_gate2_20260908/.rch-target/release/build/fa-reference/e669633187e11169/out/profile_costs-e669633187e11169
  and 0B from 1 other places

12 temporary allocations of 134 allocations in total (8.96%) from
_RNvMsi_NtNtNtCsfVXW7bATEob_5alloc11collections5btree3mapINtB5_8BTreeMapReNtNtB7_7set_val9SetValZSTE6insertCsbx1baUgb63R_12fa_reference
  in /data/projects/franken_alignment_wave4_gate2_20260908/.rch-target/release/build/fa-reference/e669633187e11169/out/profile_costs-e669633187e11169
12 temporary allocations of 12 allocations in total (100.00%) from:
    _RNvNtCsbx1baUgb63R_12fa_reference14canonical_json14restart_grades
      in /data/projects/franken_alignment_wave4_gate2_20260908/.rch-target/release/build/fa-reference/e669633187e11169/out/profile_costs-e669633187e11169
    _RNvNtCsbx1baUgb63R_12fa_reference14canonical_json17validate_manifest
      in /data/projects/franken_alignment_wave4_gate2_20260908/.rch-target/release/build/fa-reference/e669633187e11169/out/profile_costs-e669633187e11169
    _RNvNtCsbx1baUgb63R_12fa_reference14canonical_json13validate_json
      in /data/projects/franken_alignment_wave4_gate2_20260908/.rch-target/release/build/fa-reference/e669633187e11169/out/profile_costs-e669633187e11169
    _RNvNtCsbx1baUgb63R_12fa_reference14canonical_json16decode_canonical
      in /data/projects/franken_alignment_wave4_gate2_20260908/.rch-target/release/build/fa-reference/e669633187e11169/out/profile_costs-e669633187e11169
    _RNvCsd1K78oRme2b_13profile_costs9roundtrip
      in /data/projects/franken_alignment_wave4_gate2_20260908/.rch-target/release/build/fa-reference/e669633187e11169/out/profile_costs-e669633187e11169
    _RNvCsd1K78oRme2b_13profile_costss_69fixed_reference_profile_costs_are_descriptive_and_assert_all_outcomes
      in /data/projects/franken_alignment_wave4_gate2_20260908/.rch-target/release/build/fa-reference/e669633187e11169/out/profile_costs-e669633187e11169
    _RNvYNCNvCsd1K78oRme2b_13profile_costs69fixed_reference_profile_costs_are_descriptive_and_assert_all_outcomes0INtNtNtCshw961UFXsya_4core3ops8function6FnOnceuE9call_onceB6_
      in /data/projects/franken_alignment_wave4_gate2_20260908/.rch-target/release/build/fa-reference/e669633187e11169/out/profile_costs-e669633187e11169
    _RINvCslSvshESn9jA_4test28___rust_begin_short_backtraceINtNtCshw961UFXsya_4core6result6ResultuNtNtCsfVXW7bATEob_5alloc6string6StringEFEBQ_EB2_
      in /data/projects/franken_alignment_wave4_gate2_20260908/.rch-target/release/build/fa-reference/e669633187e11169/out/profile_costs-e669633187e11169
    _RNCNvCslSvshESn9jA_4test8run_test0B3_
      in /data/projects/franken_alignment_wave4_gate2_20260908/.rch-target/release/build/fa-reference/e669633187e11169/out/profile_costs-e669633187e11169
    _RINvNtNtCs88x0hlevqs9_3std3sys9backtrace28___rust_begin_short_backtraceNCNvCslSvshESn9jA_4test8run_tests_0uEB1b_
      in /data/projects/franken_alignment_wave4_gate2_20260908/.rch-target/release/build/fa-reference/e669633187e11169/out/profile_costs-e669633187e11169
    _RNSNvYNCINvNtNtCs88x0hlevqs9_3std6thread9lifecycle15spawn_uncheckedNCNvCslSvshESn9jA_4test8run_tests_0uEs_0INtNtNtCshw961UFXsya_4core3ops8function6FnOnceuE9call_once6vtableB17_
      in /data/projects/franken_alignment_wave4_gate2_20260908/.rch-target/release/build/fa-reference/e669633187e11169/out/profile_costs-e669633187e11169
    _RNvNvMs0_NtNtNtCs88x0hlevqs9_3std3sys6thread4unixNtB7_6Thread3new12thread_start
      in /data/projects/franken_alignment_wave4_gate2_20260908/.rch-target/release/build/fa-reference/e669633187e11169/out/profile_costs-e669633187e11169
    start_thread
      at ./nptl/pthread_create.c:454
      in /usr/lib/x86_64-linux-gnu/libc.so.6
    __clone3
      at ../sysdeps/unix/sysv/linux/x86_64/clone3.S:78
      in /usr/lib/x86_64-linux-gnu/libc.so.6
  and 0B from 10 other places

4 temporary allocations of 4 allocations in total (100.00%) from
_RNvNvNtCsfVXW7bATEob_5alloc3fmt6format12format_inner
  in /data/projects/franken_alignment_wave4_gate2_20260908/.rch-target/release/build/fa-reference/e669633187e11169/out/profile_costs-e669633187e11169
1 temporary allocations of 1 allocations in total (100.00%) from:
    _RNvXs_NtNtCslSvshESn9jA_4test10formatters6prettyINtB4_15PrettyFormatterNtNtNtCs88x0hlevqs9_3std2io5stdio6StdoutENtB6_15OutputFormatter15write_run_startB8_
      in /data/projects/franken_alignment_wave4_gate2_20260908/.rch-target/release/build/fa-reference/e669633187e11169/out/profile_costs-e669633187e11169
    _RNCNvNtCslSvshESn9jA_4test7console17run_tests_consoles0_0B5_
      in /data/projects/franken_alignment_wave4_gate2_20260908/.rch-target/release/build/fa-reference/e669633187e11169/out/profile_costs-e669633187e11169
    _RNvNtCslSvshESn9jA_4test7console17run_tests_console
      in /data/projects/franken_alignment_wave4_gate2_20260908/.rch-target/release/build/fa-reference/e669633187e11169/out/profile_costs-e669633187e11169
    _RNvCslSvshESn9jA_4test16test_main_static
      in /data/projects/franken_alignment_wave4_gate2_20260908/.rch-target/release/build/fa-reference/e669633187e11169/out/profile_costs-e669633187e11169
    _RINvNtNtCs88x0hlevqs9_3std3sys9backtrace28___rust_begin_short_backtraceFEuuECsd1K78oRme2b_13profile_costs
      in /data/projects/franken_alignment_wave4_gate2_20260908/.rch-target/release/build/fa-reference/e669633187e11169/out/profile_costs-e669633187e11169
    _RNCINvNtCs88x0hlevqs9_3std2rt10lang_startuE0Csd1K78oRme2b_13profile_costs
      in /data/projects/franken_alignment_wave4_gate2_20260908/.rch-target/release/build/fa-reference/e669633187e11169/out/profile_costs-e669633187e11169
    _RNvNtCs88x0hlevqs9_3std2rt19lang_start_internal
      in /data/projects/franken_alignment_wave4_gate2_20260908/.rch-target/release/build/fa-reference/e669633187e11169/out/profile_costs-e669633187e11169
    main
      in /data/projects/franken_alignment_wave4_gate2_20260908/.rch-target/release/build/fa-reference/e669633187e11169/out/profile_costs-e669633187e11169
1 temporary allocations of 1 allocations in total (100.00%) from:
    _RNvMNtNtCslSvshESn9jA_4test10formatters6prettyINtB2_15PrettyFormatterNtNtNtCs88x0hlevqs9_3std2io5stdio6StdoutE15write_test_nameB6_
      in /data/projects/franken_alignment_wave4_gate2_20260908/.rch-target/release/build/fa-reference/e669633187e11169/out/profile_costs-e669633187e11169
    _RNCNvNtCslSvshESn9jA_4test7console17run_tests_consoles0_0B5_
      in /data/projects/franken_alignment_wave4_gate2_20260908/.rch-target/release/build/fa-reference/e669633187e11169/out/profile_costs-e669633187e11169
    _RNvNtCslSvshESn9jA_4test7console17run_tests_console
      in /data/projects/franken_alignment_wave4_gate2_20260908/.rch-target/release/build/fa-reference/e669633187e11169/out/profile_costs-e669633187e11169
    _RNvCslSvshESn9jA_4test16test_main_static
      in /data/projects/franken_alignment_wave4_gate2_20260908/.rch-target/release/build/fa-reference/e669633187e11169/out/profile_costs-e669633187e11169
    _RINvNtNtCs88x0hlevqs9_3std3sys9backtrace28___rust_begin_short_backtraceFEuuECsd1K78oRme2b_13profile_costs
      in /data/projects/franken_alignment_wave4_gate2_20260908/.rch-target/release/build/fa-reference/e669633187e11169/out/profile_costs-e669633187e11169
    _RNCINvNtCs88x0hlevqs9_3std2rt10lang_startuE0Csd1K78oRme2b_13profile_costs
      in /data/projects/franken_alignment_wave4_gate2_20260908/.rch-target/release/build/fa-reference/e669633187e11169/out/profile_costs-e669633187e11169
    _RNvNtCs88x0hlevqs9_3std2rt19lang_start_internal
      in /data/projects/franken_alignment_wave4_gate2_20260908/.rch-target/release/build/fa-reference/e669633187e11169/out/profile_costs-e669633187e11169
    main
      in /data/projects/franken_alignment_wave4_gate2_20260908/.rch-target/release/build/fa-reference/e669633187e11169/out/profile_costs-e669633187e11169
1 temporary allocations of 1 allocations in total (100.00%) from:
    _RNvXs_NtNtCslSvshESn9jA_4test10formatters6prettyINtB4_15PrettyFormatterNtNtNtCs88x0hlevqs9_3std2io5stdio6StdoutENtB6_15OutputFormatter16write_run_finishB8_
      in /data/projects/franken_alignment_wave4_gate2_20260908/.rch-target/release/build/fa-reference/e669633187e11169/out/profile_costs-e669633187e11169
    _RNvNtCslSvshESn9jA_4test7console17run_tests_console
      in /data/projects/franken_alignment_wave4_gate2_20260908/.rch-target/release/build/fa-reference/e669633187e11169/out/profile_costs-e669633187e11169
    _RNvCslSvshESn9jA_4test16test_main_static
      in /data/projects/franken_alignment_wave4_gate2_20260908/.rch-target/release/build/fa-reference/e669633187e11169/out/profile_costs-e669633187e11169
    _RINvNtNtCs88x0hlevqs9_3std3sys9backtrace28___rust_begin_short_backtraceFEuuECsd1K78oRme2b_13profile_costs
      in /data/projects/franken_alignment_wave4_gate2_20260908/.rch-target/release/build/fa-reference/e669633187e11169/out/profile_costs-e669633187e11169
    _RNCINvNtCs88x0hlevqs9_3std2rt10lang_startuE0Csd1K78oRme2b_13profile_costs
      in /data/projects/franken_alignment_wave4_gate2_20260908/.rch-target/release/build/fa-reference/e669633187e11169/out/profile_costs-e669633187e11169
    _RNvNtCs88x0hlevqs9_3std2rt19lang_start_internal
      in /data/projects/franken_alignment_wave4_gate2_20260908/.rch-target/release/build/fa-reference/e669633187e11169/out/profile_costs-e669633187e11169
    main
      in /data/projects/franken_alignment_wave4_gate2_20260908/.rch-target/release/build/fa-reference/e669633187e11169/out/profile_costs-e669633187e11169
  and 1B from 1 other places

2 temporary allocations of 15 allocations in total (13.33%) from
_RNvMs5_NtCsfVXW7bATEob_5alloc7raw_vecNtB5_11RawVecInner11finish_growB7_.llvm.8976401138694274991
  in /data/projects/franken_alignment_wave4_gate2_20260908/.rch-target/release/build/fa-reference/e669633187e11169/out/profile_costs-e669633187e11169
1 temporary allocations of 1 allocations in total (100.00%) from:
    _RINvNvMs2_NtCsfVXW7bATEob_5alloc7raw_vecINtB8_11RawVecInnerpE7reserve21do_reserve_and_handleNtNtBa_5alloc6GlobalEBa_
      in /data/projects/franken_alignment_wave4_gate2_20260908/.rch-target/release/build/fa-reference/e669633187e11169/out/profile_costs-e669633187e11169
    _RNvXsZ_NtCsfVXW7bATEob_5alloc6stringNtB5_6StringNtNtCshw961UFXsya_4core3fmt5Write9write_str
      in /data/projects/franken_alignment_wave4_gate2_20260908/.rch-target/release/build/fa-reference/e669633187e11169/out/profile_costs-e669633187e11169
    _RNvNtCshw961UFXsya_4core3fmt5write
      in /data/projects/franken_alignment_wave4_gate2_20260908/.rch-target/release/build/fa-reference/e669633187e11169/out/profile_costs-e669633187e11169
    _RNvNvNtCsfVXW7bATEob_5alloc3fmt6format12format_inner
      in /data/projects/franken_alignment_wave4_gate2_20260908/.rch-target/release/build/fa-reference/e669633187e11169/out/profile_costs-e669633187e11169
    _RNvMNtNtCslSvshESn9jA_4test10formatters6prettyINtB2_15PrettyFormatterNtNtNtCs88x0hlevqs9_3std2io5stdio6StdoutE15write_test_nameB6_
      in /data/projects/franken_alignment_wave4_gate2_20260908/.rch-target/release/build/fa-reference/e669633187e11169/out/profile_costs-e669633187e11169
    _RNCNvNtCslSvshESn9jA_4test7console17run_tests_consoles0_0B5_
      in /data/projects/franken_alignment_wave4_gate2_20260908/.rch-target/release/build/fa-reference/e669633187e11169/out/profile_costs-e669633187e11169
    _RNvNtCslSvshESn9jA_4test7console17run_tests_console
      in /data/projects/franken_alignment_wave4_gate2_20260908/.rch-target/release/build/fa-reference/e669633187e11169/out/profile_costs-e669633187e11169
    _RNvCslSvshESn9jA_4test16test_main_static
      in /data/projects/franken_alignment_wave4_gate2_20260908/.rch-target/release/build/fa-reference/e669633187e11169/out/profile_costs-e669633187e11169
    _RINvNtNtCs88x0hlevqs9_3std3sys9backtrace28___rust_begin_short_backtraceFEuuECsd1K78oRme2b_13profile_costs
      in /data/projects/franken_alignment_wave4_gate2_20260908/.rch-target/release/build/fa-reference/e669633187e11169/out/profile_costs-e669633187e11169
    _RNCINvNtCs88x0hlevqs9_3std2rt10lang_startuE0Csd1K78oRme2b_13profile_costs
      in /data/projects/franken_alignment_wave4_gate2_20260908/.rch-target/release/build/fa-reference/e669633187e11169/out/profile_costs-e669633187e11169
    _RNvNtCs88x0hlevqs9_3std2rt19lang_start_internal
      in /data/projects/franken_alignment_wave4_gate2_20260908/.rch-target/release/build/fa-reference/e669633187e11169/out/profile_costs-e669633187e11169
    main
      in /data/projects/franken_alignment_wave4_gate2_20260908/.rch-target/release/build/fa-reference/e669633187e11169/out/profile_costs-e669633187e11169
1 temporary allocations of 1 allocations in total (100.00%) from:
    _RINvNvMs2_NtCsfVXW7bATEob_5alloc7raw_vecINtB8_11RawVecInnerpE7reserve21do_reserve_and_handleNtNtBa_5alloc6GlobalEBa_
      in /data/projects/franken_alignment_wave4_gate2_20260908/.rch-target/release/build/fa-reference/e669633187e11169/out/profile_costs-e669633187e11169
    _RNvXsZ_NtCsfVXW7bATEob_5alloc6stringNtB5_6StringNtNtCshw961UFXsya_4core3fmt5Write9write_str
      in /data/projects/franken_alignment_wave4_gate2_20260908/.rch-target/release/build/fa-reference/e669633187e11169/out/profile_costs-e669633187e11169
    _RNvNtCshw961UFXsya_4core3fmt5write
      in /data/projects/franken_alignment_wave4_gate2_20260908/.rch-target/release/build/fa-reference/e669633187e11169/out/profile_costs-e669633187e11169
    _RNvNvNtCsfVXW7bATEob_5alloc3fmt6format12format_inner
      in /data/projects/franken_alignment_wave4_gate2_20260908/.rch-target/release/build/fa-reference/e669633187e11169/out/profile_costs-e669633187e11169
    _RNvMNtNtCslSvshESn9jA_4test10formatters6prettyINtB2_15PrettyFormatterNtNtNtCs88x0hlevqs9_3std2io5stdio6StdoutE15write_test_nameB6_
      in /data/projects/franken_alignment_wave4_gate2_20260908/.rch-target/release/build/fa-reference/e669633187e11169/out/profile_costs-e669633187e11169
    _RNCNvNtCslSvshESn9jA_4test7console17run_tests_consoles0_0B5_
      in /data/projects/franken_alignment_wave4_gate2_20260908/.rch-target/release/build/fa-reference/e669633187e11169/out/profile_costs-e669633187e11169
    _RNvNtCslSvshESn9jA_4test7console17run_tests_console
      in /data/projects/franken_alignment_wave4_gate2_20260908/.rch-target/release/build/fa-reference/e669633187e11169/out/profile_costs-e669633187e11169
    _RNvCslSvshESn9jA_4test16test_main_static
      in /data/projects/franken_alignment_wave4_gate2_20260908/.rch-target/release/build/fa-reference/e669633187e11169/out/profile_costs-e669633187e11169
    _RINvNtNtCs88x0hlevqs9_3std3sys9backtrace28___rust_begin_short_backtraceFEuuECsd1K78oRme2b_13profile_costs
      in /data/projects/franken_alignment_wave4_gate2_20260908/.rch-target/release/build/fa-reference/e669633187e11169/out/profile_costs-e669633187e11169
    _RNCINvNtCs88x0hlevqs9_3std2rt10lang_startuE0Csd1K78oRme2b_13profile_costs
      in /data/projects/franken_alignment_wave4_gate2_20260908/.rch-target/release/build/fa-reference/e669633187e11169/out/profile_costs-e669633187e11169
    _RNvNtCs88x0hlevqs9_3std2rt19lang_start_internal
      in /data/projects/franken_alignment_wave4_gate2_20260908/.rch-target/release/build/fa-reference/e669633187e11169/out/profile_costs-e669633187e11169
    main
      in /data/projects/franken_alignment_wave4_gate2_20260908/.rch-target/release/build/fa-reference/e669633187e11169/out/profile_costs-e669633187e11169
  and 0B from 1 other places

1 temporary allocations of 1 allocations in total (100.00%) from
__GI___getdelim
  at ./libio/iogetdelim.c:111
  in /usr/lib/x86_64-linux-gnu/libc.so.6
1 temporary allocations of 1 allocations in total (100.00%) from:
    __pthread_getattr_np
      at ./nptl/pthread_getattr_np.c:122
      in /usr/lib/x86_64-linux-gnu/libc.so.6
    _RNvNtCs88x0hlevqs9_3std2rt19lang_start_internal
      in /data/projects/franken_alignment_wave4_gate2_20260908/.rch-target/release/build/fa-reference/e669633187e11169/out/profile_costs-e669633187e11169
    main
      in /data/projects/franken_alignment_wave4_gate2_20260908/.rch-target/release/build/fa-reference/e669633187e11169/out/profile_costs-e669633187e11169

1 temporary allocations of 1 allocations in total (100.00%) from
0x7094a52bf8f6
  in /usr/lib/x86_64-linux-gnu/libstdc++.so.6
1 temporary allocations of 1 allocations in total (100.00%) from:
    call_init
      at ./elf/dl-init.c:74
      in /lib64/ld-linux-x86-64.so.2
    _dl_init::call_init
      at ./elf/dl-init.c:120
      in /lib64/ld-linux-x86-64.so.2
    _dl_init
      at ./elf/./elf/dl-init.c:121
    _dl_start_user
      in /lib64/ld-linux-x86-64.so.2


total runtime: 0.16s.
calls to allocation functions: 8544 (54420/s)
temporary memory allocations: 3046 (19401/s)
peak heap memory consumption: 145.75K
peak RSS (including heaptrack overhead): 6.22M
total memory leaked: 948B
