Warning: Permanently added '109.123.245.77' (ED25519) to the list of known hosts.
reading file "/tmp/fa-campaign-20260908-wave5-profile/trace_relation_costs-profile.zst" - please wait, this might take some time...
Debuggee command was: /tmp/fa-campaign-20260908-wave5-profile/trace_relation_costs --exact fixed_trace_relation_costs_are_descriptive_and_assert_all_outcomes --nocapture --test-threads=1
finished reading file, now analyzing data:

MOST CALLS TO ALLOCATION FUNCTIONS
912 calls to allocation functions with 3.34K peak consumption from
_RNvCs3q5YlyTrg4_20trace_relation_costs7domains
  in /tmp/fa-campaign-20260908-wave5-profile/trace_relation_costs
192 calls with 0B peak consumption from:
    _RNvCs3q5YlyTrg4_20trace_relation_costs14maximum_matrix
      in /tmp/fa-campaign-20260908-wave5-profile/trace_relation_costs
    _RNvCs3q5YlyTrg4_20trace_relation_costs8run_case
      in /tmp/fa-campaign-20260908-wave5-profile/trace_relation_costs
    _RNvYNCNvCs3q5YlyTrg4_20trace_relation_costs66fixed_trace_relation_costs_are_descriptive_and_assert_all_outcomes0INtNtNtCsg3O1AWWDtD0_4core3ops8function6FnOnceuE9call_onceB6_
      in /tmp/fa-campaign-20260908-wave5-profile/trace_relation_costs
    _RINvCscO0Syu2iFtE_4test28___rust_begin_short_backtraceINtNtCsg3O1AWWDtD0_4core6result6ResultuNtNtCs2mBL6TZy0y2_5alloc6string6StringEFEBQ_EB2_
      in /tmp/fa-campaign-20260908-wave5-profile/trace_relation_costs
    _RNCNvCscO0Syu2iFtE_4test8run_test0B3_
      in /tmp/fa-campaign-20260908-wave5-profile/trace_relation_costs
    _RINvNtNtCsjr6MQCPf0hc_3std3sys9backtrace28___rust_begin_short_backtraceNCNvCscO0Syu2iFtE_4test8run_tests_0uEB1b_
      in /tmp/fa-campaign-20260908-wave5-profile/trace_relation_costs
    _RNSNvYNCINvNtNtCsjr6MQCPf0hc_3std6thread9lifecycle15spawn_uncheckedNCNvCscO0Syu2iFtE_4test8run_tests_0uEs_0INtNtNtCsg3O1AWWDtD0_4core3ops8function6FnOnceuE9call_once6vtableB17_
      in /tmp/fa-campaign-20260908-wave5-profile/trace_relation_costs
    _RNvNvMs0_NtNtNtCsjr6MQCPf0hc_3std3sys6thread4unixNtB7_6Thread3new12thread_start
      in /tmp/fa-campaign-20260908-wave5-profile/trace_relation_costs
    start_thread
      at ./nptl/pthread_create.c:454
      in /usr/lib/x86_64-linux-gnu/libc.so.6
    __clone3
      at ../sysdeps/unix/sysv/linux/x86_64/clone3.S:78
      in /usr/lib/x86_64-linux-gnu/libc.so.6
192 calls with 1.66K peak consumption from:
    _RNvCs3q5YlyTrg4_20trace_relation_costs14maximum_matrix
      in /tmp/fa-campaign-20260908-wave5-profile/trace_relation_costs
    _RNvCs3q5YlyTrg4_20trace_relation_costs8run_case
      in /tmp/fa-campaign-20260908-wave5-profile/trace_relation_costs
    _RNvYNCNvCs3q5YlyTrg4_20trace_relation_costs66fixed_trace_relation_costs_are_descriptive_and_assert_all_outcomes0INtNtNtCsg3O1AWWDtD0_4core3ops8function6FnOnceuE9call_onceB6_
      in /tmp/fa-campaign-20260908-wave5-profile/trace_relation_costs
    _RINvCscO0Syu2iFtE_4test28___rust_begin_short_backtraceINtNtCsg3O1AWWDtD0_4core6result6ResultuNtNtCs2mBL6TZy0y2_5alloc6string6StringEFEBQ_EB2_
      in /tmp/fa-campaign-20260908-wave5-profile/trace_relation_costs
    _RNCNvCscO0Syu2iFtE_4test8run_test0B3_
      in /tmp/fa-campaign-20260908-wave5-profile/trace_relation_costs
    _RINvNtNtCsjr6MQCPf0hc_3std3sys9backtrace28___rust_begin_short_backtraceNCNvCscO0Syu2iFtE_4test8run_tests_0uEB1b_
      in /tmp/fa-campaign-20260908-wave5-profile/trace_relation_costs
    _RNSNvYNCINvNtNtCsjr6MQCPf0hc_3std6thread9lifecycle15spawn_uncheckedNCNvCscO0Syu2iFtE_4test8run_tests_0uEs_0INtNtNtCsg3O1AWWDtD0_4core3ops8function6FnOnceuE9call_once6vtableB17_
      in /tmp/fa-campaign-20260908-wave5-profile/trace_relation_costs
    _RNvNvMs0_NtNtNtCsjr6MQCPf0hc_3std3sys6thread4unixNtB7_6Thread3new12thread_start
      in /tmp/fa-campaign-20260908-wave5-profile/trace_relation_costs
    start_thread
      at ./nptl/pthread_create.c:454
      in /usr/lib/x86_64-linux-gnu/libc.so.6
    __clone3
      at ../sysdeps/unix/sysv/linux/x86_64/clone3.S:78
      in /usr/lib/x86_64-linux-gnu/libc.so.6
192 calls with 8B peak consumption from:
    _RNvCs3q5YlyTrg4_20trace_relation_costs14maximum_matrix
      in /tmp/fa-campaign-20260908-wave5-profile/trace_relation_costs
    _RNvCs3q5YlyTrg4_20trace_relation_costs8run_case
      in /tmp/fa-campaign-20260908-wave5-profile/trace_relation_costs
    _RNvYNCNvCs3q5YlyTrg4_20trace_relation_costs66fixed_trace_relation_costs_are_descriptive_and_assert_all_outcomes0INtNtNtCsg3O1AWWDtD0_4core3ops8function6FnOnceuE9call_onceB6_
      in /tmp/fa-campaign-20260908-wave5-profile/trace_relation_costs
    _RINvCscO0Syu2iFtE_4test28___rust_begin_short_backtraceINtNtCsg3O1AWWDtD0_4core6result6ResultuNtNtCs2mBL6TZy0y2_5alloc6string6StringEFEBQ_EB2_
      in /tmp/fa-campaign-20260908-wave5-profile/trace_relation_costs
    _RNCNvCscO0Syu2iFtE_4test8run_test0B3_
      in /tmp/fa-campaign-20260908-wave5-profile/trace_relation_costs
    _RINvNtNtCsjr6MQCPf0hc_3std3sys9backtrace28___rust_begin_short_backtraceNCNvCscO0Syu2iFtE_4test8run_tests_0uEB1b_
      in /tmp/fa-campaign-20260908-wave5-profile/trace_relation_costs
    _RNSNvYNCINvNtNtCsjr6MQCPf0hc_3std6thread9lifecycle15spawn_uncheckedNCNvCscO0Syu2iFtE_4test8run_tests_0uEs_0INtNtNtCsg3O1AWWDtD0_4core3ops8function6FnOnceuE9call_once6vtableB17_
      in /tmp/fa-campaign-20260908-wave5-profile/trace_relation_costs
    _RNvNvMs0_NtNtNtCsjr6MQCPf0hc_3std3sys6thread4unixNtB7_6Thread3new12thread_start
      in /tmp/fa-campaign-20260908-wave5-profile/trace_relation_costs
    start_thread
      at ./nptl/pthread_create.c:454
      in /usr/lib/x86_64-linux-gnu/libc.so.6
    __clone3
      at ../sysdeps/unix/sysv/linux/x86_64/clone3.S:78
      in /usr/lib/x86_64-linux-gnu/libc.so.6
192 calls with 1.66K peak consumption from:
    _RNvCs3q5YlyTrg4_20trace_relation_costs14maximum_matrix
      in /tmp/fa-campaign-20260908-wave5-profile/trace_relation_costs
    _RNvCs3q5YlyTrg4_20trace_relation_costs8run_case
      in /tmp/fa-campaign-20260908-wave5-profile/trace_relation_costs
    _RNvYNCNvCs3q5YlyTrg4_20trace_relation_costs66fixed_trace_relation_costs_are_descriptive_and_assert_all_outcomes0INtNtNtCsg3O1AWWDtD0_4core3ops8function6FnOnceuE9call_onceB6_
      in /tmp/fa-campaign-20260908-wave5-profile/trace_relation_costs
    _RINvCscO0Syu2iFtE_4test28___rust_begin_short_backtraceINtNtCsg3O1AWWDtD0_4core6result6ResultuNtNtCs2mBL6TZy0y2_5alloc6string6StringEFEBQ_EB2_
      in /tmp/fa-campaign-20260908-wave5-profile/trace_relation_costs
    _RNCNvCscO0Syu2iFtE_4test8run_test0B3_
      in /tmp/fa-campaign-20260908-wave5-profile/trace_relation_costs
    _RINvNtNtCsjr6MQCPf0hc_3std3sys9backtrace28___rust_begin_short_backtraceNCNvCscO0Syu2iFtE_4test8run_tests_0uEB1b_
      in /tmp/fa-campaign-20260908-wave5-profile/trace_relation_costs
    _RNSNvYNCINvNtNtCsjr6MQCPf0hc_3std6thread9lifecycle15spawn_uncheckedNCNvCscO0Syu2iFtE_4test8run_tests_0uEs_0INtNtNtCsg3O1AWWDtD0_4core3ops8function6FnOnceuE9call_once6vtableB17_
      in /tmp/fa-campaign-20260908-wave5-profile/trace_relation_costs
    _RNvNvMs0_NtNtNtCsjr6MQCPf0hc_3std3sys6thread4unixNtB7_6Thread3new12thread_start
      in /tmp/fa-campaign-20260908-wave5-profile/trace_relation_costs
    start_thread
      at ./nptl/pthread_create.c:454
      in /usr/lib/x86_64-linux-gnu/libc.so.6
    __clone3
      at ../sysdeps/unix/sysv/linux/x86_64/clone3.S:78
      in /usr/lib/x86_64-linux-gnu/libc.so.6
12 calls with 0B peak consumption from:
    _RNvCs3q5YlyTrg4_20trace_relation_costs10valid_pair
      in /tmp/fa-campaign-20260908-wave5-profile/trace_relation_costs
    _RNvCs3q5YlyTrg4_20trace_relation_costs8run_case
      in /tmp/fa-campaign-20260908-wave5-profile/trace_relation_costs
    _RNvYNCNvCs3q5YlyTrg4_20trace_relation_costs66fixed_trace_relation_costs_are_descriptive_and_assert_all_outcomes0INtNtNtCsg3O1AWWDtD0_4core3ops8function6FnOnceuE9call_onceB6_
      in /tmp/fa-campaign-20260908-wave5-profile/trace_relation_costs
    _RINvCscO0Syu2iFtE_4test28___rust_begin_short_backtraceINtNtCsg3O1AWWDtD0_4core6result6ResultuNtNtCs2mBL6TZy0y2_5alloc6string6StringEFEBQ_EB2_
      in /tmp/fa-campaign-20260908-wave5-profile/trace_relation_costs
    _RNCNvCscO0Syu2iFtE_4test8run_test0B3_
      in /tmp/fa-campaign-20260908-wave5-profile/trace_relation_costs
    _RINvNtNtCsjr6MQCPf0hc_3std3sys9backtrace28___rust_begin_short_backtraceNCNvCscO0Syu2iFtE_4test8run_tests_0uEB1b_
      in /tmp/fa-campaign-20260908-wave5-profile/trace_relation_costs
    _RNSNvYNCINvNtNtCsjr6MQCPf0hc_3std6thread9lifecycle15spawn_uncheckedNCNvCscO0Syu2iFtE_4test8run_tests_0uEs_0INtNtNtCsg3O1AWWDtD0_4core3ops8function6FnOnceuE9call_once6vtableB17_
      in /tmp/fa-campaign-20260908-wave5-profile/trace_relation_costs
    _RNvNvMs0_NtNtNtCsjr6MQCPf0hc_3std3sys6thread4unixNtB7_6Thread3new12thread_start
      in /tmp/fa-campaign-20260908-wave5-profile/trace_relation_costs
    start_thread
      at ./nptl/pthread_create.c:454
      in /usr/lib/x86_64-linux-gnu/libc.so.6
    __clone3
      at ../sysdeps/unix/sysv/linux/x86_64/clone3.S:78
      in /usr/lib/x86_64-linux-gnu/libc.so.6
  and 132 from 11 other places

276 calls to allocation functions with 4.13K peak consumption from
_RNvCs3q5YlyTrg4_20trace_relation_costs12registry_for
  in /tmp/fa-campaign-20260908-wave5-profile/trace_relation_costs
192 calls with 3.07K peak consumption from:
    _RNvCs3q5YlyTrg4_20trace_relation_costs14maximum_matrix
      in /tmp/fa-campaign-20260908-wave5-profile/trace_relation_costs
    _RNvCs3q5YlyTrg4_20trace_relation_costs8run_case
      in /tmp/fa-campaign-20260908-wave5-profile/trace_relation_costs
    _RNvYNCNvCs3q5YlyTrg4_20trace_relation_costs66fixed_trace_relation_costs_are_descriptive_and_assert_all_outcomes0INtNtNtCsg3O1AWWDtD0_4core3ops8function6FnOnceuE9call_onceB6_
      in /tmp/fa-campaign-20260908-wave5-profile/trace_relation_costs
    _RINvCscO0Syu2iFtE_4test28___rust_begin_short_backtraceINtNtCsg3O1AWWDtD0_4core6result6ResultuNtNtCs2mBL6TZy0y2_5alloc6string6StringEFEBQ_EB2_
      in /tmp/fa-campaign-20260908-wave5-profile/trace_relation_costs
    _RNCNvCscO0Syu2iFtE_4test8run_test0B3_
      in /tmp/fa-campaign-20260908-wave5-profile/trace_relation_costs
    _RINvNtNtCsjr6MQCPf0hc_3std3sys9backtrace28___rust_begin_short_backtraceNCNvCscO0Syu2iFtE_4test8run_tests_0uEB1b_
      in /tmp/fa-campaign-20260908-wave5-profile/trace_relation_costs
    _RNSNvYNCINvNtNtCsjr6MQCPf0hc_3std6thread9lifecycle15spawn_uncheckedNCNvCscO0Syu2iFtE_4test8run_tests_0uEs_0INtNtNtCsg3O1AWWDtD0_4core3ops8function6FnOnceuE9call_once6vtableB17_
      in /tmp/fa-campaign-20260908-wave5-profile/trace_relation_costs
    _RNvNvMs0_NtNtNtCsjr6MQCPf0hc_3std3sys6thread4unixNtB7_6Thread3new12thread_start
      in /tmp/fa-campaign-20260908-wave5-profile/trace_relation_costs
    start_thread
      at ./nptl/pthread_create.c:454
      in /usr/lib/x86_64-linux-gnu/libc.so.6
    __clone3
      at ../sysdeps/unix/sysv/linux/x86_64/clone3.S:78
      in /usr/lib/x86_64-linux-gnu/libc.so.6
24 calls with 576B peak consumption from:
    _RNvCs3q5YlyTrg4_20trace_relation_costs14maximum_matrix
      in /tmp/fa-campaign-20260908-wave5-profile/trace_relation_costs
    _RNvCs3q5YlyTrg4_20trace_relation_costs8run_case
      in /tmp/fa-campaign-20260908-wave5-profile/trace_relation_costs
    _RNvYNCNvCs3q5YlyTrg4_20trace_relation_costs66fixed_trace_relation_costs_are_descriptive_and_assert_all_outcomes0INtNtNtCsg3O1AWWDtD0_4core3ops8function6FnOnceuE9call_onceB6_
      in /tmp/fa-campaign-20260908-wave5-profile/trace_relation_costs
    _RINvCscO0Syu2iFtE_4test28___rust_begin_short_backtraceINtNtCsg3O1AWWDtD0_4core6result6ResultuNtNtCs2mBL6TZy0y2_5alloc6string6StringEFEBQ_EB2_
      in /tmp/fa-campaign-20260908-wave5-profile/trace_relation_costs
    _RNCNvCscO0Syu2iFtE_4test8run_test0B3_
      in /tmp/fa-campaign-20260908-wave5-profile/trace_relation_costs
    _RINvNtNtCsjr6MQCPf0hc_3std3sys9backtrace28___rust_begin_short_backtraceNCNvCscO0Syu2iFtE_4test8run_tests_0uEB1b_
      in /tmp/fa-campaign-20260908-wave5-profile/trace_relation_costs
    _RNSNvYNCINvNtNtCsjr6MQCPf0hc_3std6thread9lifecycle15spawn_uncheckedNCNvCscO0Syu2iFtE_4test8run_tests_0uEs_0INtNtNtCsg3O1AWWDtD0_4core3ops8function6FnOnceuE9call_once6vtableB17_
      in /tmp/fa-campaign-20260908-wave5-profile/trace_relation_costs
    _RNvNvMs0_NtNtNtCsjr6MQCPf0hc_3std3sys6thread4unixNtB7_6Thread3new12thread_start
      in /tmp/fa-campaign-20260908-wave5-profile/trace_relation_costs
    start_thread
      at ./nptl/pthread_create.c:454
      in /usr/lib/x86_64-linux-gnu/libc.so.6
    __clone3
      at ../sysdeps/unix/sysv/linux/x86_64/clone3.S:78
      in /usr/lib/x86_64-linux-gnu/libc.so.6
12 calls with 0B peak consumption from:
    _RNvCs3q5YlyTrg4_20trace_relation_costs10valid_pair
      in /tmp/fa-campaign-20260908-wave5-profile/trace_relation_costs
    _RNvCs3q5YlyTrg4_20trace_relation_costs8run_case
      in /tmp/fa-campaign-20260908-wave5-profile/trace_relation_costs
    _RNvYNCNvCs3q5YlyTrg4_20trace_relation_costs66fixed_trace_relation_costs_are_descriptive_and_assert_all_outcomes0INtNtNtCsg3O1AWWDtD0_4core3ops8function6FnOnceuE9call_onceB6_
      in /tmp/fa-campaign-20260908-wave5-profile/trace_relation_costs
    _RINvCscO0Syu2iFtE_4test28___rust_begin_short_backtraceINtNtCsg3O1AWWDtD0_4core6result6ResultuNtNtCs2mBL6TZy0y2_5alloc6string6StringEFEBQ_EB2_
      in /tmp/fa-campaign-20260908-wave5-profile/trace_relation_costs
    _RNCNvCscO0Syu2iFtE_4test8run_test0B3_
      in /tmp/fa-campaign-20260908-wave5-profile/trace_relation_costs
    _RINvNtNtCsjr6MQCPf0hc_3std3sys9backtrace28___rust_begin_short_backtraceNCNvCscO0Syu2iFtE_4test8run_tests_0uEB1b_
      in /tmp/fa-campaign-20260908-wave5-profile/trace_relation_costs
    _RNSNvYNCINvNtNtCsjr6MQCPf0hc_3std6thread9lifecycle15spawn_uncheckedNCNvCscO0Syu2iFtE_4test8run_tests_0uEs_0INtNtNtCsg3O1AWWDtD0_4core3ops8function6FnOnceuE9call_once6vtableB17_
      in /tmp/fa-campaign-20260908-wave5-profile/trace_relation_costs
    _RNvNvMs0_NtNtNtCsjr6MQCPf0hc_3std3sys6thread4unixNtB7_6Thread3new12thread_start
      in /tmp/fa-campaign-20260908-wave5-profile/trace_relation_costs
    start_thread
      at ./nptl/pthread_create.c:454
      in /usr/lib/x86_64-linux-gnu/libc.so.6
    __clone3
      at ../sysdeps/unix/sysv/linux/x86_64/clone3.S:78
      in /usr/lib/x86_64-linux-gnu/libc.so.6
12 calls with 0B peak consumption from:
    _RNvCs3q5YlyTrg4_20trace_relation_costs24negative_domain_conflict
      in /tmp/fa-campaign-20260908-wave5-profile/trace_relation_costs
    _RNvCs3q5YlyTrg4_20trace_relation_costs8run_case
      in /tmp/fa-campaign-20260908-wave5-profile/trace_relation_costs
    _RNvYNCNvCs3q5YlyTrg4_20trace_relation_costs66fixed_trace_relation_costs_are_descriptive_and_assert_all_outcomes0INtNtNtCsg3O1AWWDtD0_4core3ops8function6FnOnceuE9call_onceB6_
      in /tmp/fa-campaign-20260908-wave5-profile/trace_relation_costs
    _RINvCscO0Syu2iFtE_4test28___rust_begin_short_backtraceINtNtCsg3O1AWWDtD0_4core6result6ResultuNtNtCs2mBL6TZy0y2_5alloc6string6StringEFEBQ_EB2_
      in /tmp/fa-campaign-20260908-wave5-profile/trace_relation_costs
    _RNCNvCscO0Syu2iFtE_4test8run_test0B3_
      in /tmp/fa-campaign-20260908-wave5-profile/trace_relation_costs
    _RINvNtNtCsjr6MQCPf0hc_3std3sys9backtrace28___rust_begin_short_backtraceNCNvCscO0Syu2iFtE_4test8run_tests_0uEB1b_
      in /tmp/fa-campaign-20260908-wave5-profile/trace_relation_costs
    _RNSNvYNCINvNtNtCsjr6MQCPf0hc_3std6thread9lifecycle15spawn_uncheckedNCNvCscO0Syu2iFtE_4test8run_tests_0uEs_0INtNtNtCsg3O1AWWDtD0_4core3ops8function6FnOnceuE9call_once6vtableB17_
      in /tmp/fa-campaign-20260908-wave5-profile/trace_relation_costs
    _RNvNvMs0_NtNtNtCsjr6MQCPf0hc_3std3sys6thread4unixNtB7_6Thread3new12thread_start
      in /tmp/fa-campaign-20260908-wave5-profile/trace_relation_costs
    start_thread
      at ./nptl/pthread_create.c:454
      in /usr/lib/x86_64-linux-gnu/libc.so.6
    __clone3
      at ../sysdeps/unix/sysv/linux/x86_64/clone3.S:78
      in /usr/lib/x86_64-linux-gnu/libc.so.6
12 calls with 0B peak consumption from:
    _RNvCs3q5YlyTrg4_20trace_relation_costs15unknown_refusal
      in /tmp/fa-campaign-20260908-wave5-profile/trace_relation_costs
    _RNvCs3q5YlyTrg4_20trace_relation_costs8run_case
      in /tmp/fa-campaign-20260908-wave5-profile/trace_relation_costs
    _RNvYNCNvCs3q5YlyTrg4_20trace_relation_costs66fixed_trace_relation_costs_are_descriptive_and_assert_all_outcomes0INtNtNtCsg3O1AWWDtD0_4core3ops8function6FnOnceuE9call_onceB6_
      in /tmp/fa-campaign-20260908-wave5-profile/trace_relation_costs
    _RINvCscO0Syu2iFtE_4test28___rust_begin_short_backtraceINtNtCsg3O1AWWDtD0_4core6result6ResultuNtNtCs2mBL6TZy0y2_5alloc6string6StringEFEBQ_EB2_
      in /tmp/fa-campaign-20260908-wave5-profile/trace_relation_costs
    _RNCNvCscO0Syu2iFtE_4test8run_test0B3_
      in /tmp/fa-campaign-20260908-wave5-profile/trace_relation_costs
    _RINvNtNtCsjr6MQCPf0hc_3std3sys9backtrace28___rust_begin_short_backtraceNCNvCscO0Syu2iFtE_4test8run_tests_0uEB1b_
      in /tmp/fa-campaign-20260908-wave5-profile/trace_relation_costs
    _RNSNvYNCINvNtNtCsjr6MQCPf0hc_3std6thread9lifecycle15spawn_uncheckedNCNvCscO0Syu2iFtE_4test8run_tests_0uEs_0INtNtNtCsg3O1AWWDtD0_4core3ops8function6FnOnceuE9call_once6vtableB17_
      in /tmp/fa-campaign-20260908-wave5-profile/trace_relation_costs
    _RNvNvMs0_NtNtNtCsjr6MQCPf0hc_3std3sys6thread4unixNtB7_6Thread3new12thread_start
      in /tmp/fa-campaign-20260908-wave5-profile/trace_relation_costs
    start_thread
      at ./nptl/pthread_create.c:454
      in /usr/lib/x86_64-linux-gnu/libc.so.6
    __clone3
      at ../sysdeps/unix/sysv/linux/x86_64/clone3.S:78
      in /usr/lib/x86_64-linux-gnu/libc.so.6
  and 24 from 2 other places

192 calls to allocation functions with 0B peak consumption from
_RNvCs3q5YlyTrg4_20trace_relation_costs7binding
  in /tmp/fa-campaign-20260908-wave5-profile/trace_relation_costs
12 calls with 0B peak consumption from:
    _RNvCs3q5YlyTrg4_20trace_relation_costs24negative_domain_conflict
      in /tmp/fa-campaign-20260908-wave5-profile/trace_relation_costs
    _RNvCs3q5YlyTrg4_20trace_relation_costs8run_case
      in /tmp/fa-campaign-20260908-wave5-profile/trace_relation_costs
    _RNvYNCNvCs3q5YlyTrg4_20trace_relation_costs66fixed_trace_relation_costs_are_descriptive_and_assert_all_outcomes0INtNtNtCsg3O1AWWDtD0_4core3ops8function6FnOnceuE9call_onceB6_
      in /tmp/fa-campaign-20260908-wave5-profile/trace_relation_costs
    _RINvCscO0Syu2iFtE_4test28___rust_begin_short_backtraceINtNtCsg3O1AWWDtD0_4core6result6ResultuNtNtCs2mBL6TZy0y2_5alloc6string6StringEFEBQ_EB2_
      in /tmp/fa-campaign-20260908-wave5-profile/trace_relation_costs
    _RNCNvCscO0Syu2iFtE_4test8run_test0B3_
      in /tmp/fa-campaign-20260908-wave5-profile/trace_relation_costs
    _RINvNtNtCsjr6MQCPf0hc_3std3sys9backtrace28___rust_begin_short_backtraceNCNvCscO0Syu2iFtE_4test8run_tests_0uEB1b_
      in /tmp/fa-campaign-20260908-wave5-profile/trace_relation_costs
    _RNSNvYNCINvNtNtCsjr6MQCPf0hc_3std6thread9lifecycle15spawn_uncheckedNCNvCscO0Syu2iFtE_4test8run_tests_0uEs_0INtNtNtCsg3O1AWWDtD0_4core3ops8function6FnOnceuE9call_once6vtableB17_
      in /tmp/fa-campaign-20260908-wave5-profile/trace_relation_costs
    _RNvNvMs0_NtNtNtCsjr6MQCPf0hc_3std3sys6thread4unixNtB7_6Thread3new12thread_start
      in /tmp/fa-campaign-20260908-wave5-profile/trace_relation_costs
    start_thread
      at ./nptl/pthread_create.c:454
      in /usr/lib/x86_64-linux-gnu/libc.so.6
    __clone3
      at ../sysdeps/unix/sysv/linux/x86_64/clone3.S:78
      in /usr/lib/x86_64-linux-gnu/libc.so.6
12 calls with 0B peak consumption from:
    _RNvCs3q5YlyTrg4_20trace_relation_costs24negative_domain_conflict
      in /tmp/fa-campaign-20260908-wave5-profile/trace_relation_costs
    _RNvCs3q5YlyTrg4_20trace_relation_costs8run_case
      in /tmp/fa-campaign-20260908-wave5-profile/trace_relation_costs
    _RNvYNCNvCs3q5YlyTrg4_20trace_relation_costs66fixed_trace_relation_costs_are_descriptive_and_assert_all_outcomes0INtNtNtCsg3O1AWWDtD0_4core3ops8function6FnOnceuE9call_onceB6_
      in /tmp/fa-campaign-20260908-wave5-profile/trace_relation_costs
    _RINvCscO0Syu2iFtE_4test28___rust_begin_short_backtraceINtNtCsg3O1AWWDtD0_4core6result6ResultuNtNtCs2mBL6TZy0y2_5alloc6string6StringEFEBQ_EB2_
      in /tmp/fa-campaign-20260908-wave5-profile/trace_relation_costs
    _RNCNvCscO0Syu2iFtE_4test8run_test0B3_
      in /tmp/fa-campaign-20260908-wave5-profile/trace_relation_costs
    _RINvNtNtCsjr6MQCPf0hc_3std3sys9backtrace28___rust_begin_short_backtraceNCNvCscO0Syu2iFtE_4test8run_tests_0uEB1b_
      in /tmp/fa-campaign-20260908-wave5-profile/trace_relation_costs
    _RNSNvYNCINvNtNtCsjr6MQCPf0hc_3std6thread9lifecycle15spawn_uncheckedNCNvCscO0Syu2iFtE_4test8run_tests_0uEs_0INtNtNtCsg3O1AWWDtD0_4core3ops8function6FnOnceuE9call_once6vtableB17_
      in /tmp/fa-campaign-20260908-wave5-profile/trace_relation_costs
    _RNvNvMs0_NtNtNtCsjr6MQCPf0hc_3std3sys6thread4unixNtB7_6Thread3new12thread_start
      in /tmp/fa-campaign-20260908-wave5-profile/trace_relation_costs
    start_thread
      at ./nptl/pthread_create.c:454
      in /usr/lib/x86_64-linux-gnu/libc.so.6
    __clone3
      at ../sysdeps/unix/sysv/linux/x86_64/clone3.S:78
      in /usr/lib/x86_64-linux-gnu/libc.so.6
12 calls with 0B peak consumption from:
    _RNvCs3q5YlyTrg4_20trace_relation_costs24negative_domain_conflict
      in /tmp/fa-campaign-20260908-wave5-profile/trace_relation_costs
    _RNvCs3q5YlyTrg4_20trace_relation_costs8run_case
      in /tmp/fa-campaign-20260908-wave5-profile/trace_relation_costs
    _RNvYNCNvCs3q5YlyTrg4_20trace_relation_costs66fixed_trace_relation_costs_are_descriptive_and_assert_all_outcomes0INtNtNtCsg3O1AWWDtD0_4core3ops8function6FnOnceuE9call_onceB6_
      in /tmp/fa-campaign-20260908-wave5-profile/trace_relation_costs
    _RINvCscO0Syu2iFtE_4test28___rust_begin_short_backtraceINtNtCsg3O1AWWDtD0_4core6result6ResultuNtNtCs2mBL6TZy0y2_5alloc6string6StringEFEBQ_EB2_
      in /tmp/fa-campaign-20260908-wave5-profile/trace_relation_costs
    _RNCNvCscO0Syu2iFtE_4test8run_test0B3_
      in /tmp/fa-campaign-20260908-wave5-profile/trace_relation_costs
    _RINvNtNtCsjr6MQCPf0hc_3std3sys9backtrace28___rust_begin_short_backtraceNCNvCscO0Syu2iFtE_4test8run_tests_0uEB1b_
      in /tmp/fa-campaign-20260908-wave5-profile/trace_relation_costs
    _RNSNvYNCINvNtNtCsjr6MQCPf0hc_3std6thread9lifecycle15spawn_uncheckedNCNvCscO0Syu2iFtE_4test8run_tests_0uEs_0INtNtNtCsg3O1AWWDtD0_4core3ops8function6FnOnceuE9call_once6vtableB17_
      in /tmp/fa-campaign-20260908-wave5-profile/trace_relation_costs
    _RNvNvMs0_NtNtNtCsjr6MQCPf0hc_3std3sys6thread4unixNtB7_6Thread3new12thread_start
      in /tmp/fa-campaign-20260908-wave5-profile/trace_relation_costs
    start_thread
      at ./nptl/pthread_create.c:454
      in /usr/lib/x86_64-linux-gnu/libc.so.6
    __clone3
      at ../sysdeps/unix/sysv/linux/x86_64/clone3.S:78
      in /usr/lib/x86_64-linux-gnu/libc.so.6
12 calls with 0B peak consumption from:
    _RNvCs3q5YlyTrg4_20trace_relation_costs24negative_domain_conflict
      in /tmp/fa-campaign-20260908-wave5-profile/trace_relation_costs
    _RNvCs3q5YlyTrg4_20trace_relation_costs8run_case
      in /tmp/fa-campaign-20260908-wave5-profile/trace_relation_costs
    _RNvYNCNvCs3q5YlyTrg4_20trace_relation_costs66fixed_trace_relation_costs_are_descriptive_and_assert_all_outcomes0INtNtNtCsg3O1AWWDtD0_4core3ops8function6FnOnceuE9call_onceB6_
      in /tmp/fa-campaign-20260908-wave5-profile/trace_relation_costs
    _RINvCscO0Syu2iFtE_4test28___rust_begin_short_backtraceINtNtCsg3O1AWWDtD0_4core6result6ResultuNtNtCs2mBL6TZy0y2_5alloc6string6StringEFEBQ_EB2_
      in /tmp/fa-campaign-20260908-wave5-profile/trace_relation_costs
    _RNCNvCscO0Syu2iFtE_4test8run_test0B3_
      in /tmp/fa-campaign-20260908-wave5-profile/trace_relation_costs
    _RINvNtNtCsjr6MQCPf0hc_3std3sys9backtrace28___rust_begin_short_backtraceNCNvCscO0Syu2iFtE_4test8run_tests_0uEB1b_
      in /tmp/fa-campaign-20260908-wave5-profile/trace_relation_costs
    _RNSNvYNCINvNtNtCsjr6MQCPf0hc_3std6thread9lifecycle15spawn_uncheckedNCNvCscO0Syu2iFtE_4test8run_tests_0uEs_0INtNtNtCsg3O1AWWDtD0_4core3ops8function6FnOnceuE9call_once6vtableB17_
      in /tmp/fa-campaign-20260908-wave5-profile/trace_relation_costs
    _RNvNvMs0_NtNtNtCsjr6MQCPf0hc_3std3sys6thread4unixNtB7_6Thread3new12thread_start
      in /tmp/fa-campaign-20260908-wave5-profile/trace_relation_costs
    start_thread
      at ./nptl/pthread_create.c:454
      in /usr/lib/x86_64-linux-gnu/libc.so.6
    __clone3
      at ../sysdeps/unix/sysv/linux/x86_64/clone3.S:78
      in /usr/lib/x86_64-linux-gnu/libc.so.6
12 calls with 0B peak consumption from:
    _RNvCs3q5YlyTrg4_20trace_relation_costs24negative_domain_conflict
      in /tmp/fa-campaign-20260908-wave5-profile/trace_relation_costs
    _RNvCs3q5YlyTrg4_20trace_relation_costs8run_case
      in /tmp/fa-campaign-20260908-wave5-profile/trace_relation_costs
    _RNvYNCNvCs3q5YlyTrg4_20trace_relation_costs66fixed_trace_relation_costs_are_descriptive_and_assert_all_outcomes0INtNtNtCsg3O1AWWDtD0_4core3ops8function6FnOnceuE9call_onceB6_
      in /tmp/fa-campaign-20260908-wave5-profile/trace_relation_costs
    _RINvCscO0Syu2iFtE_4test28___rust_begin_short_backtraceINtNtCsg3O1AWWDtD0_4core6result6ResultuNtNtCs2mBL6TZy0y2_5alloc6string6StringEFEBQ_EB2_
      in /tmp/fa-campaign-20260908-wave5-profile/trace_relation_costs
    _RNCNvCscO0Syu2iFtE_4test8run_test0B3_
      in /tmp/fa-campaign-20260908-wave5-profile/trace_relation_costs
    _RINvNtNtCsjr6MQCPf0hc_3std3sys9backtrace28___rust_begin_short_backtraceNCNvCscO0Syu2iFtE_4test8run_tests_0uEB1b_
      in /tmp/fa-campaign-20260908-wave5-profile/trace_relation_costs
    _RNSNvYNCINvNtNtCsjr6MQCPf0hc_3std6thread9lifecycle15spawn_uncheckedNCNvCscO0Syu2iFtE_4test8run_tests_0uEs_0INtNtNtCsg3O1AWWDtD0_4core3ops8function6FnOnceuE9call_once6vtableB17_
      in /tmp/fa-campaign-20260908-wave5-profile/trace_relation_costs
    _RNvNvMs0_NtNtNtCsjr6MQCPf0hc_3std3sys6thread4unixNtB7_6Thread3new12thread_start
      in /tmp/fa-campaign-20260908-wave5-profile/trace_relation_costs
    start_thread
      at ./nptl/pthread_create.c:454
      in /usr/lib/x86_64-linux-gnu/libc.so.6
    __clone3
      at ../sysdeps/unix/sysv/linux/x86_64/clone3.S:78
      in /usr/lib/x86_64-linux-gnu/libc.so.6
  and 132 from 11 other places

72 calls to allocation functions with 0B peak consumption from
_RNvXst_NtCsbWQsUAIcWcI_12fa_reference10full_inputNtB5_17ActualHelperInputNtNtCsg3O1AWWDtD0_4core5clone5Clone5clone.llvm.2792364775148322774
  in /tmp/fa-campaign-20260908-wave5-profile/trace_relation_costs
12 calls with 0B peak consumption from:
    _RNvCs3q5YlyTrg4_20trace_relation_costs7binding
      in /tmp/fa-campaign-20260908-wave5-profile/trace_relation_costs
    _RNvCs3q5YlyTrg4_20trace_relation_costs24negative_domain_conflict
      in /tmp/fa-campaign-20260908-wave5-profile/trace_relation_costs
    _RNvCs3q5YlyTrg4_20trace_relation_costs8run_case
      in /tmp/fa-campaign-20260908-wave5-profile/trace_relation_costs
    _RNvYNCNvCs3q5YlyTrg4_20trace_relation_costs66fixed_trace_relation_costs_are_descriptive_and_assert_all_outcomes0INtNtNtCsg3O1AWWDtD0_4core3ops8function6FnOnceuE9call_onceB6_
      in /tmp/fa-campaign-20260908-wave5-profile/trace_relation_costs
    _RINvCscO0Syu2iFtE_4test28___rust_begin_short_backtraceINtNtCsg3O1AWWDtD0_4core6result6ResultuNtNtCs2mBL6TZy0y2_5alloc6string6StringEFEBQ_EB2_
      in /tmp/fa-campaign-20260908-wave5-profile/trace_relation_costs
    _RNCNvCscO0Syu2iFtE_4test8run_test0B3_
      in /tmp/fa-campaign-20260908-wave5-profile/trace_relation_costs
    _RINvNtNtCsjr6MQCPf0hc_3std3sys9backtrace28___rust_begin_short_backtraceNCNvCscO0Syu2iFtE_4test8run_tests_0uEB1b_
      in /tmp/fa-campaign-20260908-wave5-profile/trace_relation_costs
    _RNSNvYNCINvNtNtCsjr6MQCPf0hc_3std6thread9lifecycle15spawn_uncheckedNCNvCscO0Syu2iFtE_4test8run_tests_0uEs_0INtNtNtCsg3O1AWWDtD0_4core3ops8function6FnOnceuE9call_once6vtableB17_
      in /tmp/fa-campaign-20260908-wave5-profile/trace_relation_costs
    _RNvNvMs0_NtNtNtCsjr6MQCPf0hc_3std3sys6thread4unixNtB7_6Thread3new12thread_start
      in /tmp/fa-campaign-20260908-wave5-profile/trace_relation_costs
    start_thread
      at ./nptl/pthread_create.c:454
      in /usr/lib/x86_64-linux-gnu/libc.so.6
    __clone3
      at ../sysdeps/unix/sysv/linux/x86_64/clone3.S:78
      in /usr/lib/x86_64-linux-gnu/libc.so.6
12 calls with 0B peak consumption from:
    _RNvCs3q5YlyTrg4_20trace_relation_costs7binding
      in /tmp/fa-campaign-20260908-wave5-profile/trace_relation_costs
    _RNvCs3q5YlyTrg4_20trace_relation_costs24negative_domain_conflict
      in /tmp/fa-campaign-20260908-wave5-profile/trace_relation_costs
    _RNvCs3q5YlyTrg4_20trace_relation_costs8run_case
      in /tmp/fa-campaign-20260908-wave5-profile/trace_relation_costs
    _RNvYNCNvCs3q5YlyTrg4_20trace_relation_costs66fixed_trace_relation_costs_are_descriptive_and_assert_all_outcomes0INtNtNtCsg3O1AWWDtD0_4core3ops8function6FnOnceuE9call_onceB6_
      in /tmp/fa-campaign-20260908-wave5-profile/trace_relation_costs
    _RINvCscO0Syu2iFtE_4test28___rust_begin_short_backtraceINtNtCsg3O1AWWDtD0_4core6result6ResultuNtNtCs2mBL6TZy0y2_5alloc6string6StringEFEBQ_EB2_
      in /tmp/fa-campaign-20260908-wave5-profile/trace_relation_costs
    _RNCNvCscO0Syu2iFtE_4test8run_test0B3_
      in /tmp/fa-campaign-20260908-wave5-profile/trace_relation_costs
    _RINvNtNtCsjr6MQCPf0hc_3std3sys9backtrace28___rust_begin_short_backtraceNCNvCscO0Syu2iFtE_4test8run_tests_0uEB1b_
      in /tmp/fa-campaign-20260908-wave5-profile/trace_relation_costs
    _RNSNvYNCINvNtNtCsjr6MQCPf0hc_3std6thread9lifecycle15spawn_uncheckedNCNvCscO0Syu2iFtE_4test8run_tests_0uEs_0INtNtNtCsg3O1AWWDtD0_4core3ops8function6FnOnceuE9call_once6vtableB17_
      in /tmp/fa-campaign-20260908-wave5-profile/trace_relation_costs
    _RNvNvMs0_NtNtNtCsjr6MQCPf0hc_3std3sys6thread4unixNtB7_6Thread3new12thread_start
      in /tmp/fa-campaign-20260908-wave5-profile/trace_relation_costs
    start_thread
      at ./nptl/pthread_create.c:454
      in /usr/lib/x86_64-linux-gnu/libc.so.6
    __clone3
      at ../sysdeps/unix/sysv/linux/x86_64/clone3.S:78
      in /usr/lib/x86_64-linux-gnu/libc.so.6
12 calls with 0B peak consumption from:
    _RNvCs3q5YlyTrg4_20trace_relation_costs7binding
      in /tmp/fa-campaign-20260908-wave5-profile/trace_relation_costs
    _RNvCs3q5YlyTrg4_20trace_relation_costs24negative_domain_conflict
      in /tmp/fa-campaign-20260908-wave5-profile/trace_relation_costs
    _RNvCs3q5YlyTrg4_20trace_relation_costs8run_case
      in /tmp/fa-campaign-20260908-wave5-profile/trace_relation_costs
    _RNvYNCNvCs3q5YlyTrg4_20trace_relation_costs66fixed_trace_relation_costs_are_descriptive_and_assert_all_outcomes0INtNtNtCsg3O1AWWDtD0_4core3ops8function6FnOnceuE9call_onceB6_
      in /tmp/fa-campaign-20260908-wave5-profile/trace_relation_costs
    _RINvCscO0Syu2iFtE_4test28___rust_begin_short_backtraceINtNtCsg3O1AWWDtD0_4core6result6ResultuNtNtCs2mBL6TZy0y2_5alloc6string6StringEFEBQ_EB2_
      in /tmp/fa-campaign-20260908-wave5-profile/trace_relation_costs
    _RNCNvCscO0Syu2iFtE_4test8run_test0B3_
      in /tmp/fa-campaign-20260908-wave5-profile/trace_relation_costs
    _RINvNtNtCsjr6MQCPf0hc_3std3sys9backtrace28___rust_begin_short_backtraceNCNvCscO0Syu2iFtE_4test8run_tests_0uEB1b_
      in /tmp/fa-campaign-20260908-wave5-profile/trace_relation_costs
    _RNSNvYNCINvNtNtCsjr6MQCPf0hc_3std6thread9lifecycle15spawn_uncheckedNCNvCscO0Syu2iFtE_4test8run_tests_0uEs_0INtNtNtCsg3O1AWWDtD0_4core3ops8function6FnOnceuE9call_once6vtableB17_
      in /tmp/fa-campaign-20260908-wave5-profile/trace_relation_costs
    _RNvNvMs0_NtNtNtCsjr6MQCPf0hc_3std3sys6thread4unixNtB7_6Thread3new12thread_start
      in /tmp/fa-campaign-20260908-wave5-profile/trace_relation_costs
    start_thread
      at ./nptl/pthread_create.c:454
      in /usr/lib/x86_64-linux-gnu/libc.so.6
    __clone3
      at ../sysdeps/unix/sysv/linux/x86_64/clone3.S:78
      in /usr/lib/x86_64-linux-gnu/libc.so.6
12 calls with 0B peak consumption from:
    _RNvCs3q5YlyTrg4_20trace_relation_costs7binding
      in /tmp/fa-campaign-20260908-wave5-profile/trace_relation_costs
    _RNvCs3q5YlyTrg4_20trace_relation_costs15unknown_refusal
      in /tmp/fa-campaign-20260908-wave5-profile/trace_relation_costs
    _RNvCs3q5YlyTrg4_20trace_relation_costs8run_case
      in /tmp/fa-campaign-20260908-wave5-profile/trace_relation_costs
    _RNvYNCNvCs3q5YlyTrg4_20trace_relation_costs66fixed_trace_relation_costs_are_descriptive_and_assert_all_outcomes0INtNtNtCsg3O1AWWDtD0_4core3ops8function6FnOnceuE9call_onceB6_
      in /tmp/fa-campaign-20260908-wave5-profile/trace_relation_costs
    _RINvCscO0Syu2iFtE_4test28___rust_begin_short_backtraceINtNtCsg3O1AWWDtD0_4core6result6ResultuNtNtCs2mBL6TZy0y2_5alloc6string6StringEFEBQ_EB2_
      in /tmp/fa-campaign-20260908-wave5-profile/trace_relation_costs
    _RNCNvCscO0Syu2iFtE_4test8run_test0B3_
      in /tmp/fa-campaign-20260908-wave5-profile/trace_relation_costs
    _RINvNtNtCsjr6MQCPf0hc_3std3sys9backtrace28___rust_begin_short_backtraceNCNvCscO0Syu2iFtE_4test8run_tests_0uEB1b_
      in /tmp/fa-campaign-20260908-wave5-profile/trace_relation_costs
    _RNSNvYNCINvNtNtCsjr6MQCPf0hc_3std6thread9lifecycle15spawn_uncheckedNCNvCscO0Syu2iFtE_4test8run_tests_0uEs_0INtNtNtCsg3O1AWWDtD0_4core3ops8function6FnOnceuE9call_once6vtableB17_
      in /tmp/fa-campaign-20260908-wave5-profile/trace_relation_costs
    _RNvNvMs0_NtNtNtCsjr6MQCPf0hc_3std3sys6thread4unixNtB7_6Thread3new12thread_start
      in /tmp/fa-campaign-20260908-wave5-profile/trace_relation_costs
    start_thread
      at ./nptl/pthread_create.c:454
      in /usr/lib/x86_64-linux-gnu/libc.so.6
    __clone3
      at ../sysdeps/unix/sysv/linux/x86_64/clone3.S:78
      in /usr/lib/x86_64-linux-gnu/libc.so.6
12 calls with 0B peak consumption from:
    _RNvCs3q5YlyTrg4_20trace_relation_costs7binding
      in /tmp/fa-campaign-20260908-wave5-profile/trace_relation_costs
    _RNvCs3q5YlyTrg4_20trace_relation_costs15unknown_refusal
      in /tmp/fa-campaign-20260908-wave5-profile/trace_relation_costs
    _RNvCs3q5YlyTrg4_20trace_relation_costs8run_case
      in /tmp/fa-campaign-20260908-wave5-profile/trace_relation_costs
    _RNvYNCNvCs3q5YlyTrg4_20trace_relation_costs66fixed_trace_relation_costs_are_descriptive_and_assert_all_outcomes0INtNtNtCsg3O1AWWDtD0_4core3ops8function6FnOnceuE9call_onceB6_
      in /tmp/fa-campaign-20260908-wave5-profile/trace_relation_costs
    _RINvCscO0Syu2iFtE_4test28___rust_begin_short_backtraceINtNtCsg3O1AWWDtD0_4core6result6ResultuNtNtCs2mBL6TZy0y2_5alloc6string6StringEFEBQ_EB2_
      in /tmp/fa-campaign-20260908-wave5-profile/trace_relation_costs
    _RNCNvCscO0Syu2iFtE_4test8run_test0B3_
      in /tmp/fa-campaign-20260908-wave5-profile/trace_relation_costs
    _RINvNtNtCsjr6MQCPf0hc_3std3sys9backtrace28___rust_begin_short_backtraceNCNvCscO0Syu2iFtE_4test8run_tests_0uEB1b_
      in /tmp/fa-campaign-20260908-wave5-profile/trace_relation_costs
    _RNSNvYNCINvNtNtCsjr6MQCPf0hc_3std6thread9lifecycle15spawn_uncheckedNCNvCscO0Syu2iFtE_4test8run_tests_0uEs_0INtNtNtCsg3O1AWWDtD0_4core3ops8function6FnOnceuE9call_once6vtableB17_
      in /tmp/fa-campaign-20260908-wave5-profile/trace_relation_costs
    _RNvNvMs0_NtNtNtCsjr6MQCPf0hc_3std3sys6thread4unixNtB7_6Thread3new12thread_start
      in /tmp/fa-campaign-20260908-wave5-profile/trace_relation_costs
    start_thread
      at ./nptl/pthread_create.c:454
      in /usr/lib/x86_64-linux-gnu/libc.so.6
    __clone3
      at ../sysdeps/unix/sysv/linux/x86_64/clone3.S:78
      in /usr/lib/x86_64-linux-gnu/libc.so.6
  and 12 from 1 other places

72 calls to allocation functions with 0B peak consumption from
_RNvMs2_NtCsbWQsUAIcWcI_12fa_reference18trace_independenceNtB5_24RegisteredTraceOperation13try_from_spec
  in /tmp/fa-campaign-20260908-wave5-profile/trace_relation_costs
12 calls with 0B peak consumption from:
    _RNvCs3q5YlyTrg4_20trace_relation_costs24negative_domain_conflict
      in /tmp/fa-campaign-20260908-wave5-profile/trace_relation_costs
    _RNvCs3q5YlyTrg4_20trace_relation_costs8run_case
      in /tmp/fa-campaign-20260908-wave5-profile/trace_relation_costs
    _RNvYNCNvCs3q5YlyTrg4_20trace_relation_costs66fixed_trace_relation_costs_are_descriptive_and_assert_all_outcomes0INtNtNtCsg3O1AWWDtD0_4core3ops8function6FnOnceuE9call_onceB6_
      in /tmp/fa-campaign-20260908-wave5-profile/trace_relation_costs
    _RINvCscO0Syu2iFtE_4test28___rust_begin_short_backtraceINtNtCsg3O1AWWDtD0_4core6result6ResultuNtNtCs2mBL6TZy0y2_5alloc6string6StringEFEBQ_EB2_
      in /tmp/fa-campaign-20260908-wave5-profile/trace_relation_costs
    _RNCNvCscO0Syu2iFtE_4test8run_test0B3_
      in /tmp/fa-campaign-20260908-wave5-profile/trace_relation_costs
    _RINvNtNtCsjr6MQCPf0hc_3std3sys9backtrace28___rust_begin_short_backtraceNCNvCscO0Syu2iFtE_4test8run_tests_0uEB1b_
      in /tmp/fa-campaign-20260908-wave5-profile/trace_relation_costs
    _RNSNvYNCINvNtNtCsjr6MQCPf0hc_3std6thread9lifecycle15spawn_uncheckedNCNvCscO0Syu2iFtE_4test8run_tests_0uEs_0INtNtNtCsg3O1AWWDtD0_4core3ops8function6FnOnceuE9call_once6vtableB17_
      in /tmp/fa-campaign-20260908-wave5-profile/trace_relation_costs
    _RNvNvMs0_NtNtNtCsjr6MQCPf0hc_3std3sys6thread4unixNtB7_6Thread3new12thread_start
      in /tmp/fa-campaign-20260908-wave5-profile/trace_relation_costs
    start_thread
      at ./nptl/pthread_create.c:454
      in /usr/lib/x86_64-linux-gnu/libc.so.6
    __clone3
      at ../sysdeps/unix/sysv/linux/x86_64/clone3.S:78
      in /usr/lib/x86_64-linux-gnu/libc.so.6
12 calls with 0B peak consumption from:
    _RNvCs3q5YlyTrg4_20trace_relation_costs24negative_domain_conflict
      in /tmp/fa-campaign-20260908-wave5-profile/trace_relation_costs
    _RNvCs3q5YlyTrg4_20trace_relation_costs8run_case
      in /tmp/fa-campaign-20260908-wave5-profile/trace_relation_costs
    _RNvYNCNvCs3q5YlyTrg4_20trace_relation_costs66fixed_trace_relation_costs_are_descriptive_and_assert_all_outcomes0INtNtNtCsg3O1AWWDtD0_4core3ops8function6FnOnceuE9call_onceB6_
      in /tmp/fa-campaign-20260908-wave5-profile/trace_relation_costs
    _RINvCscO0Syu2iFtE_4test28___rust_begin_short_backtraceINtNtCsg3O1AWWDtD0_4core6result6ResultuNtNtCs2mBL6TZy0y2_5alloc6string6StringEFEBQ_EB2_
      in /tmp/fa-campaign-20260908-wave5-profile/trace_relation_costs
    _RNCNvCscO0Syu2iFtE_4test8run_test0B3_
      in /tmp/fa-campaign-20260908-wave5-profile/trace_relation_costs
    _RINvNtNtCsjr6MQCPf0hc_3std3sys9backtrace28___rust_begin_short_backtraceNCNvCscO0Syu2iFtE_4test8run_tests_0uEB1b_
      in /tmp/fa-campaign-20260908-wave5-profile/trace_relation_costs
    _RNSNvYNCINvNtNtCsjr6MQCPf0hc_3std6thread9lifecycle15spawn_uncheckedNCNvCscO0Syu2iFtE_4test8run_tests_0uEs_0INtNtNtCsg3O1AWWDtD0_4core3ops8function6FnOnceuE9call_once6vtableB17_
      in /tmp/fa-campaign-20260908-wave5-profile/trace_relation_costs
    _RNvNvMs0_NtNtNtCsjr6MQCPf0hc_3std3sys6thread4unixNtB7_6Thread3new12thread_start
      in /tmp/fa-campaign-20260908-wave5-profile/trace_relation_costs
    start_thread
      at ./nptl/pthread_create.c:454
      in /usr/lib/x86_64-linux-gnu/libc.so.6
    __clone3
      at ../sysdeps/unix/sysv/linux/x86_64/clone3.S:78
      in /usr/lib/x86_64-linux-gnu/libc.so.6
12 calls with 0B peak consumption from:
    _RNvCs3q5YlyTrg4_20trace_relation_costs24negative_domain_conflict
      in /tmp/fa-campaign-20260908-wave5-profile/trace_relation_costs
    _RNvCs3q5YlyTrg4_20trace_relation_costs8run_case
      in /tmp/fa-campaign-20260908-wave5-profile/trace_relation_costs
    _RNvYNCNvCs3q5YlyTrg4_20trace_relation_costs66fixed_trace_relation_costs_are_descriptive_and_assert_all_outcomes0INtNtNtCsg3O1AWWDtD0_4core3ops8function6FnOnceuE9call_onceB6_
      in /tmp/fa-campaign-20260908-wave5-profile/trace_relation_costs
    _RINvCscO0Syu2iFtE_4test28___rust_begin_short_backtraceINtNtCsg3O1AWWDtD0_4core6result6ResultuNtNtCs2mBL6TZy0y2_5alloc6string6StringEFEBQ_EB2_
      in /tmp/fa-campaign-20260908-wave5-profile/trace_relation_costs
    _RNCNvCscO0Syu2iFtE_4test8run_test0B3_
      in /tmp/fa-campaign-20260908-wave5-profile/trace_relation_costs
    _RINvNtNtCsjr6MQCPf0hc_3std3sys9backtrace28___rust_begin_short_backtraceNCNvCscO0Syu2iFtE_4test8run_tests_0uEB1b_
      in /tmp/fa-campaign-20260908-wave5-profile/trace_relation_costs
    _RNSNvYNCINvNtNtCsjr6MQCPf0hc_3std6thread9lifecycle15spawn_uncheckedNCNvCscO0Syu2iFtE_4test8run_tests_0uEs_0INtNtNtCsg3O1AWWDtD0_4core3ops8function6FnOnceuE9call_once6vtableB17_
      in /tmp/fa-campaign-20260908-wave5-profile/trace_relation_costs
    _RNvNvMs0_NtNtNtCsjr6MQCPf0hc_3std3sys6thread4unixNtB7_6Thread3new12thread_start
      in /tmp/fa-campaign-20260908-wave5-profile/trace_relation_costs
    start_thread
      at ./nptl/pthread_create.c:454
      in /usr/lib/x86_64-linux-gnu/libc.so.6
    __clone3
      at ../sysdeps/unix/sysv/linux/x86_64/clone3.S:78
      in /usr/lib/x86_64-linux-gnu/libc.so.6
12 calls with 0B peak consumption from:
    _RNvCs3q5YlyTrg4_20trace_relation_costs15unknown_refusal
      in /tmp/fa-campaign-20260908-wave5-profile/trace_relation_costs
    _RNvCs3q5YlyTrg4_20trace_relation_costs8run_case
      in /tmp/fa-campaign-20260908-wave5-profile/trace_relation_costs
    _RNvYNCNvCs3q5YlyTrg4_20trace_relation_costs66fixed_trace_relation_costs_are_descriptive_and_assert_all_outcomes0INtNtNtCsg3O1AWWDtD0_4core3ops8function6FnOnceuE9call_onceB6_
      in /tmp/fa-campaign-20260908-wave5-profile/trace_relation_costs
    _RINvCscO0Syu2iFtE_4test28___rust_begin_short_backtraceINtNtCsg3O1AWWDtD0_4core6result6ResultuNtNtCs2mBL6TZy0y2_5alloc6string6StringEFEBQ_EB2_
      in /tmp/fa-campaign-20260908-wave5-profile/trace_relation_costs
    _RNCNvCscO0Syu2iFtE_4test8run_test0B3_
      in /tmp/fa-campaign-20260908-wave5-profile/trace_relation_costs
    _RINvNtNtCsjr6MQCPf0hc_3std3sys9backtrace28___rust_begin_short_backtraceNCNvCscO0Syu2iFtE_4test8run_tests_0uEB1b_
      in /tmp/fa-campaign-20260908-wave5-profile/trace_relation_costs
    _RNSNvYNCINvNtNtCsjr6MQCPf0hc_3std6thread9lifecycle15spawn_uncheckedNCNvCscO0Syu2iFtE_4test8run_tests_0uEs_0INtNtNtCsg3O1AWWDtD0_4core3ops8function6FnOnceuE9call_once6vtableB17_
      in /tmp/fa-campaign-20260908-wave5-profile/trace_relation_costs
    _RNvNvMs0_NtNtNtCsjr6MQCPf0hc_3std3sys6thread4unixNtB7_6Thread3new12thread_start
      in /tmp/fa-campaign-20260908-wave5-profile/trace_relation_costs
    start_thread
      at ./nptl/pthread_create.c:454
      in /usr/lib/x86_64-linux-gnu/libc.so.6
    __clone3
      at ../sysdeps/unix/sysv/linux/x86_64/clone3.S:78
      in /usr/lib/x86_64-linux-gnu/libc.so.6
12 calls with 0B peak consumption from:
    _RNvCs3q5YlyTrg4_20trace_relation_costs15unknown_refusal
      in /tmp/fa-campaign-20260908-wave5-profile/trace_relation_costs
    _RNvCs3q5YlyTrg4_20trace_relation_costs8run_case
      in /tmp/fa-campaign-20260908-wave5-profile/trace_relation_costs
    _RNvYNCNvCs3q5YlyTrg4_20trace_relation_costs66fixed_trace_relation_costs_are_descriptive_and_assert_all_outcomes0INtNtNtCsg3O1AWWDtD0_4core3ops8function6FnOnceuE9call_onceB6_
      in /tmp/fa-campaign-20260908-wave5-profile/trace_relation_costs
    _RINvCscO0Syu2iFtE_4test28___rust_begin_short_backtraceINtNtCsg3O1AWWDtD0_4core6result6ResultuNtNtCs2mBL6TZy0y2_5alloc6string6StringEFEBQ_EB2_
      in /tmp/fa-campaign-20260908-wave5-profile/trace_relation_costs
    _RNCNvCscO0Syu2iFtE_4test8run_test0B3_
      in /tmp/fa-campaign-20260908-wave5-profile/trace_relation_costs
    _RINvNtNtCsjr6MQCPf0hc_3std3sys9backtrace28___rust_begin_short_backtraceNCNvCscO0Syu2iFtE_4test8run_tests_0uEB1b_
      in /tmp/fa-campaign-20260908-wave5-profile/trace_relation_costs
    _RNSNvYNCINvNtNtCsjr6MQCPf0hc_3std6thread9lifecycle15spawn_uncheckedNCNvCscO0Syu2iFtE_4test8run_tests_0uEs_0INtNtNtCsg3O1AWWDtD0_4core3ops8function6FnOnceuE9call_once6vtableB17_
      in /tmp/fa-campaign-20260908-wave5-profile/trace_relation_costs
    _RNvNvMs0_NtNtNtCsjr6MQCPf0hc_3std3sys6thread4unixNtB7_6Thread3new12thread_start
      in /tmp/fa-campaign-20260908-wave5-profile/trace_relation_costs
    start_thread
      at ./nptl/pthread_create.c:454
      in /usr/lib/x86_64-linux-gnu/libc.so.6
    __clone3
      at ../sysdeps/unix/sysv/linux/x86_64/clone3.S:78
      in /usr/lib/x86_64-linux-gnu/libc.so.6
  and 12 from 1 other places

57 calls to allocation functions with 0B peak consumption from
_RNvXsH_Cs8v6Vxq2exiQ_7getoptsNtB5_8OptGroupNtNtCsg3O1AWWDtD0_4core5clone5Clone5clone
  in /tmp/fa-campaign-20260908-wave5-profile/trace_relation_costs
24 calls with 0B peak consumption from:
    _RNvMs3_Cs8v6Vxq2exiQ_7getoptsNtB5_8OptGroup13long_to_short
      in /tmp/fa-campaign-20260908-wave5-profile/trace_relation_costs
    _RNvNtCscO0Syu2iFtE_4test3cli10parse_opts
      in /tmp/fa-campaign-20260908-wave5-profile/trace_relation_costs
    _RNvCscO0Syu2iFtE_4test16test_main_static
      in /tmp/fa-campaign-20260908-wave5-profile/trace_relation_costs
    _RINvNtNtCsjr6MQCPf0hc_3std3sys9backtrace28___rust_begin_short_backtraceFEuuECs3q5YlyTrg4_20trace_relation_costs
      in /tmp/fa-campaign-20260908-wave5-profile/trace_relation_costs
    _RNCINvNtCsjr6MQCPf0hc_3std2rt10lang_startuE0Cs3q5YlyTrg4_20trace_relation_costs
      in /tmp/fa-campaign-20260908-wave5-profile/trace_relation_costs
    _RNvNtCsjr6MQCPf0hc_3std2rt19lang_start_internal
      in /tmp/fa-campaign-20260908-wave5-profile/trace_relation_costs
    main
      in /tmp/fa-campaign-20260908-wave5-profile/trace_relation_costs
23 calls with 0B peak consumption from:
    _RNvMs3_Cs8v6Vxq2exiQ_7getoptsNtB5_8OptGroup13long_to_short
      in /tmp/fa-campaign-20260908-wave5-profile/trace_relation_costs
    _RNvNtCscO0Syu2iFtE_4test3cli10parse_opts
      in /tmp/fa-campaign-20260908-wave5-profile/trace_relation_costs
    _RNvCscO0Syu2iFtE_4test16test_main_static
      in /tmp/fa-campaign-20260908-wave5-profile/trace_relation_costs
    _RINvNtNtCsjr6MQCPf0hc_3std3sys9backtrace28___rust_begin_short_backtraceFEuuECs3q5YlyTrg4_20trace_relation_costs
      in /tmp/fa-campaign-20260908-wave5-profile/trace_relation_costs
    _RNCINvNtCsjr6MQCPf0hc_3std2rt10lang_startuE0Cs3q5YlyTrg4_20trace_relation_costs
      in /tmp/fa-campaign-20260908-wave5-profile/trace_relation_costs
    _RNvNtCsjr6MQCPf0hc_3std2rt19lang_start_internal
      in /tmp/fa-campaign-20260908-wave5-profile/trace_relation_costs
    main
      in /tmp/fa-campaign-20260908-wave5-profile/trace_relation_costs
7 calls with 0B peak consumption from:
    _RNvMs3_Cs8v6Vxq2exiQ_7getoptsNtB5_8OptGroup13long_to_short
      in /tmp/fa-campaign-20260908-wave5-profile/trace_relation_costs
    _RNvNtCscO0Syu2iFtE_4test3cli10parse_opts
      in /tmp/fa-campaign-20260908-wave5-profile/trace_relation_costs
    _RNvCscO0Syu2iFtE_4test16test_main_static
      in /tmp/fa-campaign-20260908-wave5-profile/trace_relation_costs
    _RINvNtNtCsjr6MQCPf0hc_3std3sys9backtrace28___rust_begin_short_backtraceFEuuECs3q5YlyTrg4_20trace_relation_costs
      in /tmp/fa-campaign-20260908-wave5-profile/trace_relation_costs
    _RNCINvNtCsjr6MQCPf0hc_3std2rt10lang_startuE0Cs3q5YlyTrg4_20trace_relation_costs
      in /tmp/fa-campaign-20260908-wave5-profile/trace_relation_costs
    _RNvNtCsjr6MQCPf0hc_3std2rt19lang_start_internal
      in /tmp/fa-campaign-20260908-wave5-profile/trace_relation_costs
    main
      in /tmp/fa-campaign-20260908-wave5-profile/trace_relation_costs
3 calls with 0B peak consumption from:
    _RNvMs3_Cs8v6Vxq2exiQ_7getoptsNtB5_8OptGroup13long_to_short
      in /tmp/fa-campaign-20260908-wave5-profile/trace_relation_costs
    _RNvNtCscO0Syu2iFtE_4test3cli10parse_opts
      in /tmp/fa-campaign-20260908-wave5-profile/trace_relation_costs
    _RNvCscO0Syu2iFtE_4test16test_main_static
      in /tmp/fa-campaign-20260908-wave5-profile/trace_relation_costs
    _RINvNtNtCsjr6MQCPf0hc_3std3sys9backtrace28___rust_begin_short_backtraceFEuuECs3q5YlyTrg4_20trace_relation_costs
      in /tmp/fa-campaign-20260908-wave5-profile/trace_relation_costs
    _RNCINvNtCsjr6MQCPf0hc_3std2rt10lang_startuE0Cs3q5YlyTrg4_20trace_relation_costs
      in /tmp/fa-campaign-20260908-wave5-profile/trace_relation_costs
    _RNvNtCsjr6MQCPf0hc_3std2rt19lang_start_internal
      in /tmp/fa-campaign-20260908-wave5-profile/trace_relation_costs
    main
      in /tmp/fa-campaign-20260908-wave5-profile/trace_relation_costs

48 calls to allocation functions with 0B peak consumption from
_RINvMse_NtNtNtCs2mBL6TZy0y2_5alloc11collections5btree3setINtB6_8BTreeSetyE16from_sorted_iterINtNtNtBc_3vec9into_iter8IntoIteryEECsbWQsUAIcWcI_12fa_reference
  in /tmp/fa-campaign-20260908-wave5-profile/trace_relation_costs
12 calls with 0B peak consumption from:
    _RNvMs2_NtCsbWQsUAIcWcI_12fa_reference18trace_independenceNtB5_24RegisteredTraceOperation13try_from_spec
      in /tmp/fa-campaign-20260908-wave5-profile/trace_relation_costs
    _RNvCs3q5YlyTrg4_20trace_relation_costs24negative_domain_conflict
      in /tmp/fa-campaign-20260908-wave5-profile/trace_relation_costs
    _RNvCs3q5YlyTrg4_20trace_relation_costs8run_case
      in /tmp/fa-campaign-20260908-wave5-profile/trace_relation_costs
    _RNvYNCNvCs3q5YlyTrg4_20trace_relation_costs66fixed_trace_relation_costs_are_descriptive_and_assert_all_outcomes0INtNtNtCsg3O1AWWDtD0_4core3ops8function6FnOnceuE9call_onceB6_
      in /tmp/fa-campaign-20260908-wave5-profile/trace_relation_costs
    _RINvCscO0Syu2iFtE_4test28___rust_begin_short_backtraceINtNtCsg3O1AWWDtD0_4core6result6ResultuNtNtCs2mBL6TZy0y2_5alloc6string6StringEFEBQ_EB2_
      in /tmp/fa-campaign-20260908-wave5-profile/trace_relation_costs
    _RNCNvCscO0Syu2iFtE_4test8run_test0B3_
      in /tmp/fa-campaign-20260908-wave5-profile/trace_relation_costs
    _RINvNtNtCsjr6MQCPf0hc_3std3sys9backtrace28___rust_begin_short_backtraceNCNvCscO0Syu2iFtE_4test8run_tests_0uEB1b_
      in /tmp/fa-campaign-20260908-wave5-profile/trace_relation_costs
    _RNSNvYNCINvNtNtCsjr6MQCPf0hc_3std6thread9lifecycle15spawn_uncheckedNCNvCscO0Syu2iFtE_4test8run_tests_0uEs_0INtNtNtCsg3O1AWWDtD0_4core3ops8function6FnOnceuE9call_once6vtableB17_
      in /tmp/fa-campaign-20260908-wave5-profile/trace_relation_costs
    _RNvNvMs0_NtNtNtCsjr6MQCPf0hc_3std3sys6thread4unixNtB7_6Thread3new12thread_start
      in /tmp/fa-campaign-20260908-wave5-profile/trace_relation_costs
    start_thread
      at ./nptl/pthread_create.c:454
      in /usr/lib/x86_64-linux-gnu/libc.so.6
    __clone3
      at ../sysdeps/unix/sysv/linux/x86_64/clone3.S:78
      in /usr/lib/x86_64-linux-gnu/libc.so.6
12 calls with 0B peak consumption from:
    _RNvMs2_NtCsbWQsUAIcWcI_12fa_reference18trace_independenceNtB5_24RegisteredTraceOperation13try_from_spec
      in /tmp/fa-campaign-20260908-wave5-profile/trace_relation_costs
    _RNvCs3q5YlyTrg4_20trace_relation_costs24negative_domain_conflict
      in /tmp/fa-campaign-20260908-wave5-profile/trace_relation_costs
    _RNvCs3q5YlyTrg4_20trace_relation_costs8run_case
      in /tmp/fa-campaign-20260908-wave5-profile/trace_relation_costs
    _RNvYNCNvCs3q5YlyTrg4_20trace_relation_costs66fixed_trace_relation_costs_are_descriptive_and_assert_all_outcomes0INtNtNtCsg3O1AWWDtD0_4core3ops8function6FnOnceuE9call_onceB6_
      in /tmp/fa-campaign-20260908-wave5-profile/trace_relation_costs
    _RINvCscO0Syu2iFtE_4test28___rust_begin_short_backtraceINtNtCsg3O1AWWDtD0_4core6result6ResultuNtNtCs2mBL6TZy0y2_5alloc6string6StringEFEBQ_EB2_
      in /tmp/fa-campaign-20260908-wave5-profile/trace_relation_costs
    _RNCNvCscO0Syu2iFtE_4test8run_test0B3_
      in /tmp/fa-campaign-20260908-wave5-profile/trace_relation_costs
    _RINvNtNtCsjr6MQCPf0hc_3std3sys9backtrace28___rust_begin_short_backtraceNCNvCscO0Syu2iFtE_4test8run_tests_0uEB1b_
      in /tmp/fa-campaign-20260908-wave5-profile/trace_relation_costs
    _RNSNvYNCINvNtNtCsjr6MQCPf0hc_3std6thread9lifecycle15spawn_uncheckedNCNvCscO0Syu2iFtE_4test8run_tests_0uEs_0INtNtNtCsg3O1AWWDtD0_4core3ops8function6FnOnceuE9call_once6vtableB17_
      in /tmp/fa-campaign-20260908-wave5-profile/trace_relation_costs
    _RNvNvMs0_NtNtNtCsjr6MQCPf0hc_3std3sys6thread4unixNtB7_6Thread3new12thread_start
      in /tmp/fa-campaign-20260908-wave5-profile/trace_relation_costs
    start_thread
      at ./nptl/pthread_create.c:454
      in /usr/lib/x86_64-linux-gnu/libc.so.6
    __clone3
      at ../sysdeps/unix/sysv/linux/x86_64/clone3.S:78
      in /usr/lib/x86_64-linux-gnu/libc.so.6
12 calls with 0B peak consumption from:
    _RNvMs2_NtCsbWQsUAIcWcI_12fa_reference18trace_independenceNtB5_24RegisteredTraceOperation13try_from_spec
      in /tmp/fa-campaign-20260908-wave5-profile/trace_relation_costs
    _RNvCs3q5YlyTrg4_20trace_relation_costs15unknown_refusal
      in /tmp/fa-campaign-20260908-wave5-profile/trace_relation_costs
    _RNvCs3q5YlyTrg4_20trace_relation_costs8run_case
      in /tmp/fa-campaign-20260908-wave5-profile/trace_relation_costs
    _RNvYNCNvCs3q5YlyTrg4_20trace_relation_costs66fixed_trace_relation_costs_are_descriptive_and_assert_all_outcomes0INtNtNtCsg3O1AWWDtD0_4core3ops8function6FnOnceuE9call_onceB6_
      in /tmp/fa-campaign-20260908-wave5-profile/trace_relation_costs
    _RINvCscO0Syu2iFtE_4test28___rust_begin_short_backtraceINtNtCsg3O1AWWDtD0_4core6result6ResultuNtNtCs2mBL6TZy0y2_5alloc6string6StringEFEBQ_EB2_
      in /tmp/fa-campaign-20260908-wave5-profile/trace_relation_costs
    _RNCNvCscO0Syu2iFtE_4test8run_test0B3_
      in /tmp/fa-campaign-20260908-wave5-profile/trace_relation_costs
    _RINvNtNtCsjr6MQCPf0hc_3std3sys9backtrace28___rust_begin_short_backtraceNCNvCscO0Syu2iFtE_4test8run_tests_0uEB1b_
      in /tmp/fa-campaign-20260908-wave5-profile/trace_relation_costs
    _RNSNvYNCINvNtNtCsjr6MQCPf0hc_3std6thread9lifecycle15spawn_uncheckedNCNvCscO0Syu2iFtE_4test8run_tests_0uEs_0INtNtNtCsg3O1AWWDtD0_4core3ops8function6FnOnceuE9call_once6vtableB17_
      in /tmp/fa-campaign-20260908-wave5-profile/trace_relation_costs
    _RNvNvMs0_NtNtNtCsjr6MQCPf0hc_3std3sys6thread4unixNtB7_6Thread3new12thread_start
      in /tmp/fa-campaign-20260908-wave5-profile/trace_relation_costs
    start_thread
      at ./nptl/pthread_create.c:454
      in /usr/lib/x86_64-linux-gnu/libc.so.6
    __clone3
      at ../sysdeps/unix/sysv/linux/x86_64/clone3.S:78
      in /usr/lib/x86_64-linux-gnu/libc.so.6
12 calls with 0B peak consumption from:
    _RNvMs2_NtCsbWQsUAIcWcI_12fa_reference18trace_independenceNtB5_24RegisteredTraceOperation13try_from_spec
      in /tmp/fa-campaign-20260908-wave5-profile/trace_relation_costs
    _RNvCs3q5YlyTrg4_20trace_relation_costs15unknown_refusal
      in /tmp/fa-campaign-20260908-wave5-profile/trace_relation_costs
    _RNvCs3q5YlyTrg4_20trace_relation_costs8run_case
      in /tmp/fa-campaign-20260908-wave5-profile/trace_relation_costs
    _RNvYNCNvCs3q5YlyTrg4_20trace_relation_costs66fixed_trace_relation_costs_are_descriptive_and_assert_all_outcomes0INtNtNtCsg3O1AWWDtD0_4core3ops8function6FnOnceuE9call_onceB6_
      in /tmp/fa-campaign-20260908-wave5-profile/trace_relation_costs
    _RINvCscO0Syu2iFtE_4test28___rust_begin_short_backtraceINtNtCsg3O1AWWDtD0_4core6result6ResultuNtNtCs2mBL6TZy0y2_5alloc6string6StringEFEBQ_EB2_
      in /tmp/fa-campaign-20260908-wave5-profile/trace_relation_costs
    _RNCNvCscO0Syu2iFtE_4test8run_test0B3_
      in /tmp/fa-campaign-20260908-wave5-profile/trace_relation_costs
    _RINvNtNtCsjr6MQCPf0hc_3std3sys9backtrace28___rust_begin_short_backtraceNCNvCscO0Syu2iFtE_4test8run_tests_0uEB1b_
      in /tmp/fa-campaign-20260908-wave5-profile/trace_relation_costs
    _RNSNvYNCINvNtNtCsjr6MQCPf0hc_3std6thread9lifecycle15spawn_uncheckedNCNvCscO0Syu2iFtE_4test8run_tests_0uEs_0INtNtNtCsg3O1AWWDtD0_4core3ops8function6FnOnceuE9call_once6vtableB17_
      in /tmp/fa-campaign-20260908-wave5-profile/trace_relation_costs
    _RNvNvMs0_NtNtNtCsjr6MQCPf0hc_3std3sys6thread4unixNtB7_6Thread3new12thread_start
      in /tmp/fa-campaign-20260908-wave5-profile/trace_relation_costs
    start_thread
      at ./nptl/pthread_create.c:454
      in /usr/lib/x86_64-linux-gnu/libc.so.6
    __clone3
      at ../sysdeps/unix/sysv/linux/x86_64/clone3.S:78
      in /usr/lib/x86_64-linux-gnu/libc.so.6

36 calls to allocation functions with 0B peak consumption from
_RNvMsi_NtNtNtCs2mBL6TZy0y2_5alloc11collections5btree3mapINtB5_8BTreeMapNtNtCsbWQsUAIcWcI_12fa_reference18trace_independence8DomainIdNtNtB7_7set_val9SetValZSTE6insertB1b_
  in /tmp/fa-campaign-20260908-wave5-profile/trace_relation_costs
12 calls with 0B peak consumption from:
    _RNvMs2_NtCsbWQsUAIcWcI_12fa_reference18trace_independenceNtB5_24RegisteredTraceOperation13try_from_spec
      in /tmp/fa-campaign-20260908-wave5-profile/trace_relation_costs
    _RNvCs3q5YlyTrg4_20trace_relation_costs24negative_domain_conflict
      in /tmp/fa-campaign-20260908-wave5-profile/trace_relation_costs
    _RNvCs3q5YlyTrg4_20trace_relation_costs8run_case
      in /tmp/fa-campaign-20260908-wave5-profile/trace_relation_costs
    _RNvYNCNvCs3q5YlyTrg4_20trace_relation_costs66fixed_trace_relation_costs_are_descriptive_and_assert_all_outcomes0INtNtNtCsg3O1AWWDtD0_4core3ops8function6FnOnceuE9call_onceB6_
      in /tmp/fa-campaign-20260908-wave5-profile/trace_relation_costs
    _RINvCscO0Syu2iFtE_4test28___rust_begin_short_backtraceINtNtCsg3O1AWWDtD0_4core6result6ResultuNtNtCs2mBL6TZy0y2_5alloc6string6StringEFEBQ_EB2_
      in /tmp/fa-campaign-20260908-wave5-profile/trace_relation_costs
    _RNCNvCscO0Syu2iFtE_4test8run_test0B3_
      in /tmp/fa-campaign-20260908-wave5-profile/trace_relation_costs
    _RINvNtNtCsjr6MQCPf0hc_3std3sys9backtrace28___rust_begin_short_backtraceNCNvCscO0Syu2iFtE_4test8run_tests_0uEB1b_
      in /tmp/fa-campaign-20260908-wave5-profile/trace_relation_costs
    _RNSNvYNCINvNtNtCsjr6MQCPf0hc_3std6thread9lifecycle15spawn_uncheckedNCNvCscO0Syu2iFtE_4test8run_tests_0uEs_0INtNtNtCsg3O1AWWDtD0_4core3ops8function6FnOnceuE9call_once6vtableB17_
      in /tmp/fa-campaign-20260908-wave5-profile/trace_relation_costs
    _RNvNvMs0_NtNtNtCsjr6MQCPf0hc_3std3sys6thread4unixNtB7_6Thread3new12thread_start
      in /tmp/fa-campaign-20260908-wave5-profile/trace_relation_costs
    start_thread
      at ./nptl/pthread_create.c:454
      in /usr/lib/x86_64-linux-gnu/libc.so.6
    __clone3
      at ../sysdeps/unix/sysv/linux/x86_64/clone3.S:78
      in /usr/lib/x86_64-linux-gnu/libc.so.6
12 calls with 0B peak consumption from:
    _RNvMs2_NtCsbWQsUAIcWcI_12fa_reference18trace_independenceNtB5_24RegisteredTraceOperation13try_from_spec
      in /tmp/fa-campaign-20260908-wave5-profile/trace_relation_costs
    _RNvCs3q5YlyTrg4_20trace_relation_costs24negative_domain_conflict
      in /tmp/fa-campaign-20260908-wave5-profile/trace_relation_costs
    _RNvCs3q5YlyTrg4_20trace_relation_costs8run_case
      in /tmp/fa-campaign-20260908-wave5-profile/trace_relation_costs
    _RNvYNCNvCs3q5YlyTrg4_20trace_relation_costs66fixed_trace_relation_costs_are_descriptive_and_assert_all_outcomes0INtNtNtCsg3O1AWWDtD0_4core3ops8function6FnOnceuE9call_onceB6_
      in /tmp/fa-campaign-20260908-wave5-profile/trace_relation_costs
    _RINvCscO0Syu2iFtE_4test28___rust_begin_short_backtraceINtNtCsg3O1AWWDtD0_4core6result6ResultuNtNtCs2mBL6TZy0y2_5alloc6string6StringEFEBQ_EB2_
      in /tmp/fa-campaign-20260908-wave5-profile/trace_relation_costs
    _RNCNvCscO0Syu2iFtE_4test8run_test0B3_
      in /tmp/fa-campaign-20260908-wave5-profile/trace_relation_costs
    _RINvNtNtCsjr6MQCPf0hc_3std3sys9backtrace28___rust_begin_short_backtraceNCNvCscO0Syu2iFtE_4test8run_tests_0uEB1b_
      in /tmp/fa-campaign-20260908-wave5-profile/trace_relation_costs
    _RNSNvYNCINvNtNtCsjr6MQCPf0hc_3std6thread9lifecycle15spawn_uncheckedNCNvCscO0Syu2iFtE_4test8run_tests_0uEs_0INtNtNtCsg3O1AWWDtD0_4core3ops8function6FnOnceuE9call_once6vtableB17_
      in /tmp/fa-campaign-20260908-wave5-profile/trace_relation_costs
    _RNvNvMs0_NtNtNtCsjr6MQCPf0hc_3std3sys6thread4unixNtB7_6Thread3new12thread_start
      in /tmp/fa-campaign-20260908-wave5-profile/trace_relation_costs
    start_thread
      at ./nptl/pthread_create.c:454
      in /usr/lib/x86_64-linux-gnu/libc.so.6
    __clone3
      at ../sysdeps/unix/sysv/linux/x86_64/clone3.S:78
      in /usr/lib/x86_64-linux-gnu/libc.so.6
12 calls with 0B peak consumption from:
    _RNvMs2_NtCsbWQsUAIcWcI_12fa_reference18trace_independenceNtB5_24RegisteredTraceOperation13try_from_spec
      in /tmp/fa-campaign-20260908-wave5-profile/trace_relation_costs
    _RNvCs3q5YlyTrg4_20trace_relation_costs15unknown_refusal
      in /tmp/fa-campaign-20260908-wave5-profile/trace_relation_costs
    _RNvCs3q5YlyTrg4_20trace_relation_costs8run_case
      in /tmp/fa-campaign-20260908-wave5-profile/trace_relation_costs
    _RNvYNCNvCs3q5YlyTrg4_20trace_relation_costs66fixed_trace_relation_costs_are_descriptive_and_assert_all_outcomes0INtNtNtCsg3O1AWWDtD0_4core3ops8function6FnOnceuE9call_onceB6_
      in /tmp/fa-campaign-20260908-wave5-profile/trace_relation_costs
    _RINvCscO0Syu2iFtE_4test28___rust_begin_short_backtraceINtNtCsg3O1AWWDtD0_4core6result6ResultuNtNtCs2mBL6TZy0y2_5alloc6string6StringEFEBQ_EB2_
      in /tmp/fa-campaign-20260908-wave5-profile/trace_relation_costs
    _RNCNvCscO0Syu2iFtE_4test8run_test0B3_
      in /tmp/fa-campaign-20260908-wave5-profile/trace_relation_costs
    _RINvNtNtCsjr6MQCPf0hc_3std3sys9backtrace28___rust_begin_short_backtraceNCNvCscO0Syu2iFtE_4test8run_tests_0uEB1b_
      in /tmp/fa-campaign-20260908-wave5-profile/trace_relation_costs
    _RNSNvYNCINvNtNtCsjr6MQCPf0hc_3std6thread9lifecycle15spawn_uncheckedNCNvCscO0Syu2iFtE_4test8run_tests_0uEs_0INtNtNtCsg3O1AWWDtD0_4core3ops8function6FnOnceuE9call_once6vtableB17_
      in /tmp/fa-campaign-20260908-wave5-profile/trace_relation_costs
    _RNvNvMs0_NtNtNtCsjr6MQCPf0hc_3std3sys6thread4unixNtB7_6Thread3new12thread_start
      in /tmp/fa-campaign-20260908-wave5-profile/trace_relation_costs
    start_thread
      at ./nptl/pthread_create.c:454
      in /usr/lib/x86_64-linux-gnu/libc.so.6
    __clone3
      at ../sysdeps/unix/sysv/linux/x86_64/clone3.S:78
      in /usr/lib/x86_64-linux-gnu/libc.so.6

36 calls to allocation functions with 0B peak consumption from
_RNvMs0_Cs8v6Vxq2exiQ_7getoptsNtB5_7Options7optflag
  in /tmp/fa-campaign-20260908-wave5-profile/trace_relation_costs
1 calls with 0B peak consumption from:
    _RNvNtCscO0Syu2iFtE_4test3cli9optgroups
      in /tmp/fa-campaign-20260908-wave5-profile/trace_relation_costs
    _RNvNtCscO0Syu2iFtE_4test3cli10parse_opts
      in /tmp/fa-campaign-20260908-wave5-profile/trace_relation_costs
    _RNvCscO0Syu2iFtE_4test16test_main_static
      in /tmp/fa-campaign-20260908-wave5-profile/trace_relation_costs
    _RINvNtNtCsjr6MQCPf0hc_3std3sys9backtrace28___rust_begin_short_backtraceFEuuECs3q5YlyTrg4_20trace_relation_costs
      in /tmp/fa-campaign-20260908-wave5-profile/trace_relation_costs
    _RNCINvNtCsjr6MQCPf0hc_3std2rt10lang_startuE0Cs3q5YlyTrg4_20trace_relation_costs
      in /tmp/fa-campaign-20260908-wave5-profile/trace_relation_costs
    _RNvNtCsjr6MQCPf0hc_3std2rt19lang_start_internal
      in /tmp/fa-campaign-20260908-wave5-profile/trace_relation_costs
    main
      in /tmp/fa-campaign-20260908-wave5-profile/trace_relation_costs
1 calls with 0B peak consumption from:
    _RNvNtCscO0Syu2iFtE_4test3cli9optgroups
      in /tmp/fa-campaign-20260908-wave5-profile/trace_relation_costs
    _RNvNtCscO0Syu2iFtE_4test3cli10parse_opts
      in /tmp/fa-campaign-20260908-wave5-profile/trace_relation_costs
    _RNvCscO0Syu2iFtE_4test16test_main_static
      in /tmp/fa-campaign-20260908-wave5-profile/trace_relation_costs
    _RINvNtNtCsjr6MQCPf0hc_3std3sys9backtrace28___rust_begin_short_backtraceFEuuECs3q5YlyTrg4_20trace_relation_costs
      in /tmp/fa-campaign-20260908-wave5-profile/trace_relation_costs
    _RNCINvNtCsjr6MQCPf0hc_3std2rt10lang_startuE0Cs3q5YlyTrg4_20trace_relation_costs
      in /tmp/fa-campaign-20260908-wave5-profile/trace_relation_costs
    _RNvNtCsjr6MQCPf0hc_3std2rt19lang_start_internal
      in /tmp/fa-campaign-20260908-wave5-profile/trace_relation_costs
    main
      in /tmp/fa-campaign-20260908-wave5-profile/trace_relation_costs
1 calls with 0B peak consumption from:
    _RNvNtCscO0Syu2iFtE_4test3cli9optgroups
      in /tmp/fa-campaign-20260908-wave5-profile/trace_relation_costs
    _RNvNtCscO0Syu2iFtE_4test3cli10parse_opts
      in /tmp/fa-campaign-20260908-wave5-profile/trace_relation_costs
    _RNvCscO0Syu2iFtE_4test16test_main_static
      in /tmp/fa-campaign-20260908-wave5-profile/trace_relation_costs
    _RINvNtNtCsjr6MQCPf0hc_3std3sys9backtrace28___rust_begin_short_backtraceFEuuECs3q5YlyTrg4_20trace_relation_costs
      in /tmp/fa-campaign-20260908-wave5-profile/trace_relation_costs
    _RNCINvNtCsjr6MQCPf0hc_3std2rt10lang_startuE0Cs3q5YlyTrg4_20trace_relation_costs
      in /tmp/fa-campaign-20260908-wave5-profile/trace_relation_costs
    _RNvNtCsjr6MQCPf0hc_3std2rt19lang_start_internal
      in /tmp/fa-campaign-20260908-wave5-profile/trace_relation_costs
    main
      in /tmp/fa-campaign-20260908-wave5-profile/trace_relation_costs
1 calls with 0B peak consumption from:
    _RNvNtCscO0Syu2iFtE_4test3cli9optgroups
      in /tmp/fa-campaign-20260908-wave5-profile/trace_relation_costs
    _RNvNtCscO0Syu2iFtE_4test3cli10parse_opts
      in /tmp/fa-campaign-20260908-wave5-profile/trace_relation_costs
    _RNvCscO0Syu2iFtE_4test16test_main_static
      in /tmp/fa-campaign-20260908-wave5-profile/trace_relation_costs
    _RINvNtNtCsjr6MQCPf0hc_3std3sys9backtrace28___rust_begin_short_backtraceFEuuECs3q5YlyTrg4_20trace_relation_costs
      in /tmp/fa-campaign-20260908-wave5-profile/trace_relation_costs
    _RNCINvNtCsjr6MQCPf0hc_3std2rt10lang_startuE0Cs3q5YlyTrg4_20trace_relation_costs
      in /tmp/fa-campaign-20260908-wave5-profile/trace_relation_costs
    _RNvNtCsjr6MQCPf0hc_3std2rt19lang_start_internal
      in /tmp/fa-campaign-20260908-wave5-profile/trace_relation_costs
    main
      in /tmp/fa-campaign-20260908-wave5-profile/trace_relation_costs
1 calls with 0B peak consumption from:
    _RNvNtCscO0Syu2iFtE_4test3cli9optgroups
      in /tmp/fa-campaign-20260908-wave5-profile/trace_relation_costs
    _RNvNtCscO0Syu2iFtE_4test3cli10parse_opts
      in /tmp/fa-campaign-20260908-wave5-profile/trace_relation_costs
    _RNvCscO0Syu2iFtE_4test16test_main_static
      in /tmp/fa-campaign-20260908-wave5-profile/trace_relation_costs
    _RINvNtNtCsjr6MQCPf0hc_3std3sys9backtrace28___rust_begin_short_backtraceFEuuECs3q5YlyTrg4_20trace_relation_costs
      in /tmp/fa-campaign-20260908-wave5-profile/trace_relation_costs
    _RNCINvNtCsjr6MQCPf0hc_3std2rt10lang_startuE0Cs3q5YlyTrg4_20trace_relation_costs
      in /tmp/fa-campaign-20260908-wave5-profile/trace_relation_costs
    _RNvNtCsjr6MQCPf0hc_3std2rt19lang_start_internal
      in /tmp/fa-campaign-20260908-wave5-profile/trace_relation_costs
    main
      in /tmp/fa-campaign-20260908-wave5-profile/trace_relation_costs
  and 31 from 31 other places

24 calls to allocation functions with 0B peak consumption from
_RNvMs_NtCsbWQsUAIcWcI_12fa_reference10full_inputNtB4_17ActualHelperInput3new
  in /tmp/fa-campaign-20260908-wave5-profile/trace_relation_costs
12 calls with 0B peak consumption from:
    _RNvCs3q5YlyTrg4_20trace_relation_costs7binding
      in /tmp/fa-campaign-20260908-wave5-profile/trace_relation_costs
    _RNvCs3q5YlyTrg4_20trace_relation_costs24negative_domain_conflict
      in /tmp/fa-campaign-20260908-wave5-profile/trace_relation_costs
    _RNvCs3q5YlyTrg4_20trace_relation_costs8run_case
      in /tmp/fa-campaign-20260908-wave5-profile/trace_relation_costs
    _RNvYNCNvCs3q5YlyTrg4_20trace_relation_costs66fixed_trace_relation_costs_are_descriptive_and_assert_all_outcomes0INtNtNtCsg3O1AWWDtD0_4core3ops8function6FnOnceuE9call_onceB6_
      in /tmp/fa-campaign-20260908-wave5-profile/trace_relation_costs
    _RINvCscO0Syu2iFtE_4test28___rust_begin_short_backtraceINtNtCsg3O1AWWDtD0_4core6result6ResultuNtNtCs2mBL6TZy0y2_5alloc6string6StringEFEBQ_EB2_
      in /tmp/fa-campaign-20260908-wave5-profile/trace_relation_costs
    _RNCNvCscO0Syu2iFtE_4test8run_test0B3_
      in /tmp/fa-campaign-20260908-wave5-profile/trace_relation_costs
    _RINvNtNtCsjr6MQCPf0hc_3std3sys9backtrace28___rust_begin_short_backtraceNCNvCscO0Syu2iFtE_4test8run_tests_0uEB1b_
      in /tmp/fa-campaign-20260908-wave5-profile/trace_relation_costs
    _RNSNvYNCINvNtNtCsjr6MQCPf0hc_3std6thread9lifecycle15spawn_uncheckedNCNvCscO0Syu2iFtE_4test8run_tests_0uEs_0INtNtNtCsg3O1AWWDtD0_4core3ops8function6FnOnceuE9call_once6vtableB17_
      in /tmp/fa-campaign-20260908-wave5-profile/trace_relation_costs
    _RNvNvMs0_NtNtNtCsjr6MQCPf0hc_3std3sys6thread4unixNtB7_6Thread3new12thread_start
      in /tmp/fa-campaign-20260908-wave5-profile/trace_relation_costs
    start_thread
      at ./nptl/pthread_create.c:454
      in /usr/lib/x86_64-linux-gnu/libc.so.6
    __clone3
      at ../sysdeps/unix/sysv/linux/x86_64/clone3.S:78
      in /usr/lib/x86_64-linux-gnu/libc.so.6
12 calls with 0B peak consumption from:
    _RNvCs3q5YlyTrg4_20trace_relation_costs7binding
      in /tmp/fa-campaign-20260908-wave5-profile/trace_relation_costs
    _RNvCs3q5YlyTrg4_20trace_relation_costs15unknown_refusal
      in /tmp/fa-campaign-20260908-wave5-profile/trace_relation_costs
    _RNvCs3q5YlyTrg4_20trace_relation_costs8run_case
      in /tmp/fa-campaign-20260908-wave5-profile/trace_relation_costs
    _RNvYNCNvCs3q5YlyTrg4_20trace_relation_costs66fixed_trace_relation_costs_are_descriptive_and_assert_all_outcomes0INtNtNtCsg3O1AWWDtD0_4core3ops8function6FnOnceuE9call_onceB6_
      in /tmp/fa-campaign-20260908-wave5-profile/trace_relation_costs
    _RINvCscO0Syu2iFtE_4test28___rust_begin_short_backtraceINtNtCsg3O1AWWDtD0_4core6result6ResultuNtNtCs2mBL6TZy0y2_5alloc6string6StringEFEBQ_EB2_
      in /tmp/fa-campaign-20260908-wave5-profile/trace_relation_costs
    _RNCNvCscO0Syu2iFtE_4test8run_test0B3_
      in /tmp/fa-campaign-20260908-wave5-profile/trace_relation_costs
    _RINvNtNtCsjr6MQCPf0hc_3std3sys9backtrace28___rust_begin_short_backtraceNCNvCscO0Syu2iFtE_4test8run_tests_0uEB1b_
      in /tmp/fa-campaign-20260908-wave5-profile/trace_relation_costs
    _RNSNvYNCINvNtNtCsjr6MQCPf0hc_3std6thread9lifecycle15spawn_uncheckedNCNvCscO0Syu2iFtE_4test8run_tests_0uEs_0INtNtNtCsg3O1AWWDtD0_4core3ops8function6FnOnceuE9call_once6vtableB17_
      in /tmp/fa-campaign-20260908-wave5-profile/trace_relation_costs
    _RNvNvMs0_NtNtNtCsjr6MQCPf0hc_3std3sys6thread4unixNtB7_6Thread3new12thread_start
      in /tmp/fa-campaign-20260908-wave5-profile/trace_relation_costs
    start_thread
      at ./nptl/pthread_create.c:454
      in /usr/lib/x86_64-linux-gnu/libc.so.6
    __clone3
      at ../sysdeps/unix/sysv/linux/x86_64/clone3.S:78
      in /usr/lib/x86_64-linux-gnu/libc.so.6


PEAK MEMORY CONSUMERS
73.73K peak memory consumed over 1 calls from
0x71413aebf8f6
  in /usr/lib/x86_64-linux-gnu/libstdc++.so.6
73.73K consumed over 1 calls from:
    call_init
      at ./elf/dl-init.c:74
      in /lib64/ld-linux-x86-64.so.2
    _dl_init::call_init
      at ./elf/dl-init.c:120
      in /lib64/ld-linux-x86-64.so.2
    _dl_init
      at ./elf/./elf/dl-init.c:121
    _dl_start_user
      in /lib64/ld-linux-x86-64.so.2

4.13K peak memory consumed over 276 calls from
_RNvCs3q5YlyTrg4_20trace_relation_costs12registry_for
  in /tmp/fa-campaign-20260908-wave5-profile/trace_relation_costs
3.07K consumed over 192 calls from:
    _RNvCs3q5YlyTrg4_20trace_relation_costs14maximum_matrix
      in /tmp/fa-campaign-20260908-wave5-profile/trace_relation_costs
    _RNvCs3q5YlyTrg4_20trace_relation_costs8run_case
      in /tmp/fa-campaign-20260908-wave5-profile/trace_relation_costs
    _RNvYNCNvCs3q5YlyTrg4_20trace_relation_costs66fixed_trace_relation_costs_are_descriptive_and_assert_all_outcomes0INtNtNtCsg3O1AWWDtD0_4core3ops8function6FnOnceuE9call_onceB6_
      in /tmp/fa-campaign-20260908-wave5-profile/trace_relation_costs
    _RINvCscO0Syu2iFtE_4test28___rust_begin_short_backtraceINtNtCsg3O1AWWDtD0_4core6result6ResultuNtNtCs2mBL6TZy0y2_5alloc6string6StringEFEBQ_EB2_
      in /tmp/fa-campaign-20260908-wave5-profile/trace_relation_costs
    _RNCNvCscO0Syu2iFtE_4test8run_test0B3_
      in /tmp/fa-campaign-20260908-wave5-profile/trace_relation_costs
    _RINvNtNtCsjr6MQCPf0hc_3std3sys9backtrace28___rust_begin_short_backtraceNCNvCscO0Syu2iFtE_4test8run_tests_0uEB1b_
      in /tmp/fa-campaign-20260908-wave5-profile/trace_relation_costs
    _RNSNvYNCINvNtNtCsjr6MQCPf0hc_3std6thread9lifecycle15spawn_uncheckedNCNvCscO0Syu2iFtE_4test8run_tests_0uEs_0INtNtNtCsg3O1AWWDtD0_4core3ops8function6FnOnceuE9call_once6vtableB17_
      in /tmp/fa-campaign-20260908-wave5-profile/trace_relation_costs
    _RNvNvMs0_NtNtNtCsjr6MQCPf0hc_3std3sys6thread4unixNtB7_6Thread3new12thread_start
      in /tmp/fa-campaign-20260908-wave5-profile/trace_relation_costs
    start_thread
      at ./nptl/pthread_create.c:454
      in /usr/lib/x86_64-linux-gnu/libc.so.6
    __clone3
      at ../sysdeps/unix/sysv/linux/x86_64/clone3.S:78
      in /usr/lib/x86_64-linux-gnu/libc.so.6
576B consumed over 24 calls from:
    _RNvCs3q5YlyTrg4_20trace_relation_costs14maximum_matrix
      in /tmp/fa-campaign-20260908-wave5-profile/trace_relation_costs
    _RNvCs3q5YlyTrg4_20trace_relation_costs8run_case
      in /tmp/fa-campaign-20260908-wave5-profile/trace_relation_costs
    _RNvYNCNvCs3q5YlyTrg4_20trace_relation_costs66fixed_trace_relation_costs_are_descriptive_and_assert_all_outcomes0INtNtNtCsg3O1AWWDtD0_4core3ops8function6FnOnceuE9call_onceB6_
      in /tmp/fa-campaign-20260908-wave5-profile/trace_relation_costs
    _RINvCscO0Syu2iFtE_4test28___rust_begin_short_backtraceINtNtCsg3O1AWWDtD0_4core6result6ResultuNtNtCs2mBL6TZy0y2_5alloc6string6StringEFEBQ_EB2_
      in /tmp/fa-campaign-20260908-wave5-profile/trace_relation_costs
    _RNCNvCscO0Syu2iFtE_4test8run_test0B3_
      in /tmp/fa-campaign-20260908-wave5-profile/trace_relation_costs
    _RINvNtNtCsjr6MQCPf0hc_3std3sys9backtrace28___rust_begin_short_backtraceNCNvCscO0Syu2iFtE_4test8run_tests_0uEB1b_
      in /tmp/fa-campaign-20260908-wave5-profile/trace_relation_costs
    _RNSNvYNCINvNtNtCsjr6MQCPf0hc_3std6thread9lifecycle15spawn_uncheckedNCNvCscO0Syu2iFtE_4test8run_tests_0uEs_0INtNtNtCsg3O1AWWDtD0_4core3ops8function6FnOnceuE9call_once6vtableB17_
      in /tmp/fa-campaign-20260908-wave5-profile/trace_relation_costs
    _RNvNvMs0_NtNtNtCsjr6MQCPf0hc_3std3sys6thread4unixNtB7_6Thread3new12thread_start
      in /tmp/fa-campaign-20260908-wave5-profile/trace_relation_costs
    start_thread
      at ./nptl/pthread_create.c:454
      in /usr/lib/x86_64-linux-gnu/libc.so.6
    __clone3
      at ../sysdeps/unix/sysv/linux/x86_64/clone3.S:78
      in /usr/lib/x86_64-linux-gnu/libc.so.6
288B consumed over 12 calls from:
    _RNvCs3q5YlyTrg4_20trace_relation_costs14maximum_matrix
      in /tmp/fa-campaign-20260908-wave5-profile/trace_relation_costs
    _RNvCs3q5YlyTrg4_20trace_relation_costs8run_case
      in /tmp/fa-campaign-20260908-wave5-profile/trace_relation_costs
    _RNvYNCNvCs3q5YlyTrg4_20trace_relation_costs66fixed_trace_relation_costs_are_descriptive_and_assert_all_outcomes0INtNtNtCsg3O1AWWDtD0_4core3ops8function6FnOnceuE9call_onceB6_
      in /tmp/fa-campaign-20260908-wave5-profile/trace_relation_costs
    _RINvCscO0Syu2iFtE_4test28___rust_begin_short_backtraceINtNtCsg3O1AWWDtD0_4core6result6ResultuNtNtCs2mBL6TZy0y2_5alloc6string6StringEFEBQ_EB2_
      in /tmp/fa-campaign-20260908-wave5-profile/trace_relation_costs
    _RNCNvCscO0Syu2iFtE_4test8run_test0B3_
      in /tmp/fa-campaign-20260908-wave5-profile/trace_relation_costs
    _RINvNtNtCsjr6MQCPf0hc_3std3sys9backtrace28___rust_begin_short_backtraceNCNvCscO0Syu2iFtE_4test8run_tests_0uEB1b_
      in /tmp/fa-campaign-20260908-wave5-profile/trace_relation_costs
    _RNSNvYNCINvNtNtCsjr6MQCPf0hc_3std6thread9lifecycle15spawn_uncheckedNCNvCscO0Syu2iFtE_4test8run_tests_0uEs_0INtNtNtCsg3O1AWWDtD0_4core3ops8function6FnOnceuE9call_once6vtableB17_
      in /tmp/fa-campaign-20260908-wave5-profile/trace_relation_costs
    _RNvNvMs0_NtNtNtCsjr6MQCPf0hc_3std3sys6thread4unixNtB7_6Thread3new12thread_start
      in /tmp/fa-campaign-20260908-wave5-profile/trace_relation_costs
    start_thread
      at ./nptl/pthread_create.c:454
      in /usr/lib/x86_64-linux-gnu/libc.so.6
    __clone3
      at ../sysdeps/unix/sysv/linux/x86_64/clone3.S:78
      in /usr/lib/x86_64-linux-gnu/libc.so.6
192B consumed over 12 calls from:
    _RNvCs3q5YlyTrg4_20trace_relation_costs14maximum_matrix
      in /tmp/fa-campaign-20260908-wave5-profile/trace_relation_costs
    _RNvCs3q5YlyTrg4_20trace_relation_costs8run_case
      in /tmp/fa-campaign-20260908-wave5-profile/trace_relation_costs
    _RNvYNCNvCs3q5YlyTrg4_20trace_relation_costs66fixed_trace_relation_costs_are_descriptive_and_assert_all_outcomes0INtNtNtCsg3O1AWWDtD0_4core3ops8function6FnOnceuE9call_onceB6_
      in /tmp/fa-campaign-20260908-wave5-profile/trace_relation_costs
    _RINvCscO0Syu2iFtE_4test28___rust_begin_short_backtraceINtNtCsg3O1AWWDtD0_4core6result6ResultuNtNtCs2mBL6TZy0y2_5alloc6string6StringEFEBQ_EB2_
      in /tmp/fa-campaign-20260908-wave5-profile/trace_relation_costs
    _RNCNvCscO0Syu2iFtE_4test8run_test0B3_
      in /tmp/fa-campaign-20260908-wave5-profile/trace_relation_costs
    _RINvNtNtCsjr6MQCPf0hc_3std3sys9backtrace28___rust_begin_short_backtraceNCNvCscO0Syu2iFtE_4test8run_tests_0uEB1b_
      in /tmp/fa-campaign-20260908-wave5-profile/trace_relation_costs
    _RNSNvYNCINvNtNtCsjr6MQCPf0hc_3std6thread9lifecycle15spawn_uncheckedNCNvCscO0Syu2iFtE_4test8run_tests_0uEs_0INtNtNtCsg3O1AWWDtD0_4core3ops8function6FnOnceuE9call_once6vtableB17_
      in /tmp/fa-campaign-20260908-wave5-profile/trace_relation_costs
    _RNvNvMs0_NtNtNtCsjr6MQCPf0hc_3std3sys6thread4unixNtB7_6Thread3new12thread_start
      in /tmp/fa-campaign-20260908-wave5-profile/trace_relation_costs
    start_thread
      at ./nptl/pthread_create.c:454
      in /usr/lib/x86_64-linux-gnu/libc.so.6
    __clone3
      at ../sysdeps/unix/sysv/linux/x86_64/clone3.S:78
      in /usr/lib/x86_64-linux-gnu/libc.so.6
  and 0B from 2 other places

3.34K peak memory consumed over 912 calls from
_RNvCs3q5YlyTrg4_20trace_relation_costs7domains
  in /tmp/fa-campaign-20260908-wave5-profile/trace_relation_costs
1.66K consumed over 192 calls from:
    _RNvCs3q5YlyTrg4_20trace_relation_costs14maximum_matrix
      in /tmp/fa-campaign-20260908-wave5-profile/trace_relation_costs
    _RNvCs3q5YlyTrg4_20trace_relation_costs8run_case
      in /tmp/fa-campaign-20260908-wave5-profile/trace_relation_costs
    _RNvYNCNvCs3q5YlyTrg4_20trace_relation_costs66fixed_trace_relation_costs_are_descriptive_and_assert_all_outcomes0INtNtNtCsg3O1AWWDtD0_4core3ops8function6FnOnceuE9call_onceB6_
      in /tmp/fa-campaign-20260908-wave5-profile/trace_relation_costs
    _RINvCscO0Syu2iFtE_4test28___rust_begin_short_backtraceINtNtCsg3O1AWWDtD0_4core6result6ResultuNtNtCs2mBL6TZy0y2_5alloc6string6StringEFEBQ_EB2_
      in /tmp/fa-campaign-20260908-wave5-profile/trace_relation_costs
    _RNCNvCscO0Syu2iFtE_4test8run_test0B3_
      in /tmp/fa-campaign-20260908-wave5-profile/trace_relation_costs
    _RINvNtNtCsjr6MQCPf0hc_3std3sys9backtrace28___rust_begin_short_backtraceNCNvCscO0Syu2iFtE_4test8run_tests_0uEB1b_
      in /tmp/fa-campaign-20260908-wave5-profile/trace_relation_costs
    _RNSNvYNCINvNtNtCsjr6MQCPf0hc_3std6thread9lifecycle15spawn_uncheckedNCNvCscO0Syu2iFtE_4test8run_tests_0uEs_0INtNtNtCsg3O1AWWDtD0_4core3ops8function6FnOnceuE9call_once6vtableB17_
      in /tmp/fa-campaign-20260908-wave5-profile/trace_relation_costs
    _RNvNvMs0_NtNtNtCsjr6MQCPf0hc_3std3sys6thread4unixNtB7_6Thread3new12thread_start
      in /tmp/fa-campaign-20260908-wave5-profile/trace_relation_costs
    start_thread
      at ./nptl/pthread_create.c:454
      in /usr/lib/x86_64-linux-gnu/libc.so.6
    __clone3
      at ../sysdeps/unix/sysv/linux/x86_64/clone3.S:78
      in /usr/lib/x86_64-linux-gnu/libc.so.6
1.66K consumed over 192 calls from:
    _RNvCs3q5YlyTrg4_20trace_relation_costs14maximum_matrix
      in /tmp/fa-campaign-20260908-wave5-profile/trace_relation_costs
    _RNvCs3q5YlyTrg4_20trace_relation_costs8run_case
      in /tmp/fa-campaign-20260908-wave5-profile/trace_relation_costs
    _RNvYNCNvCs3q5YlyTrg4_20trace_relation_costs66fixed_trace_relation_costs_are_descriptive_and_assert_all_outcomes0INtNtNtCsg3O1AWWDtD0_4core3ops8function6FnOnceuE9call_onceB6_
      in /tmp/fa-campaign-20260908-wave5-profile/trace_relation_costs
    _RINvCscO0Syu2iFtE_4test28___rust_begin_short_backtraceINtNtCsg3O1AWWDtD0_4core6result6ResultuNtNtCs2mBL6TZy0y2_5alloc6string6StringEFEBQ_EB2_
      in /tmp/fa-campaign-20260908-wave5-profile/trace_relation_costs
    _RNCNvCscO0Syu2iFtE_4test8run_test0B3_
      in /tmp/fa-campaign-20260908-wave5-profile/trace_relation_costs
    _RINvNtNtCsjr6MQCPf0hc_3std3sys9backtrace28___rust_begin_short_backtraceNCNvCscO0Syu2iFtE_4test8run_tests_0uEB1b_
      in /tmp/fa-campaign-20260908-wave5-profile/trace_relation_costs
    _RNSNvYNCINvNtNtCsjr6MQCPf0hc_3std6thread9lifecycle15spawn_uncheckedNCNvCscO0Syu2iFtE_4test8run_tests_0uEs_0INtNtNtCsg3O1AWWDtD0_4core3ops8function6FnOnceuE9call_once6vtableB17_
      in /tmp/fa-campaign-20260908-wave5-profile/trace_relation_costs
    _RNvNvMs0_NtNtNtCsjr6MQCPf0hc_3std3sys6thread4unixNtB7_6Thread3new12thread_start
      in /tmp/fa-campaign-20260908-wave5-profile/trace_relation_costs
    start_thread
      at ./nptl/pthread_create.c:454
      in /usr/lib/x86_64-linux-gnu/libc.so.6
    __clone3
      at ../sysdeps/unix/sysv/linux/x86_64/clone3.S:78
      in /usr/lib/x86_64-linux-gnu/libc.so.6
8B consumed over 192 calls from:
    _RNvCs3q5YlyTrg4_20trace_relation_costs14maximum_matrix
      in /tmp/fa-campaign-20260908-wave5-profile/trace_relation_costs
    _RNvCs3q5YlyTrg4_20trace_relation_costs8run_case
      in /tmp/fa-campaign-20260908-wave5-profile/trace_relation_costs
    _RNvYNCNvCs3q5YlyTrg4_20trace_relation_costs66fixed_trace_relation_costs_are_descriptive_and_assert_all_outcomes0INtNtNtCsg3O1AWWDtD0_4core3ops8function6FnOnceuE9call_onceB6_
      in /tmp/fa-campaign-20260908-wave5-profile/trace_relation_costs
    _RINvCscO0Syu2iFtE_4test28___rust_begin_short_backtraceINtNtCsg3O1AWWDtD0_4core6result6ResultuNtNtCs2mBL6TZy0y2_5alloc6string6StringEFEBQ_EB2_
      in /tmp/fa-campaign-20260908-wave5-profile/trace_relation_costs
    _RNCNvCscO0Syu2iFtE_4test8run_test0B3_
      in /tmp/fa-campaign-20260908-wave5-profile/trace_relation_costs
    _RINvNtNtCsjr6MQCPf0hc_3std3sys9backtrace28___rust_begin_short_backtraceNCNvCscO0Syu2iFtE_4test8run_tests_0uEB1b_
      in /tmp/fa-campaign-20260908-wave5-profile/trace_relation_costs
    _RNSNvYNCINvNtNtCsjr6MQCPf0hc_3std6thread9lifecycle15spawn_uncheckedNCNvCscO0Syu2iFtE_4test8run_tests_0uEs_0INtNtNtCsg3O1AWWDtD0_4core3ops8function6FnOnceuE9call_once6vtableB17_
      in /tmp/fa-campaign-20260908-wave5-profile/trace_relation_costs
    _RNvNvMs0_NtNtNtCsjr6MQCPf0hc_3std3sys6thread4unixNtB7_6Thread3new12thread_start
      in /tmp/fa-campaign-20260908-wave5-profile/trace_relation_costs
    start_thread
      at ./nptl/pthread_create.c:454
      in /usr/lib/x86_64-linux-gnu/libc.so.6
    __clone3
      at ../sysdeps/unix/sysv/linux/x86_64/clone3.S:78
      in /usr/lib/x86_64-linux-gnu/libc.so.6
  and 0B from 11 other places

2.69K peak memory consumed over 24 calls from
_RNvCs3q5YlyTrg4_20trace_relation_costs14maximum_matrix
  in /tmp/fa-campaign-20260908-wave5-profile/trace_relation_costs
2.56K consumed over 12 calls from:
    _RNvCs3q5YlyTrg4_20trace_relation_costs8run_case
      in /tmp/fa-campaign-20260908-wave5-profile/trace_relation_costs
    _RNvYNCNvCs3q5YlyTrg4_20trace_relation_costs66fixed_trace_relation_costs_are_descriptive_and_assert_all_outcomes0INtNtNtCsg3O1AWWDtD0_4core3ops8function6FnOnceuE9call_onceB6_
      in /tmp/fa-campaign-20260908-wave5-profile/trace_relation_costs
    _RINvCscO0Syu2iFtE_4test28___rust_begin_short_backtraceINtNtCsg3O1AWWDtD0_4core6result6ResultuNtNtCs2mBL6TZy0y2_5alloc6string6StringEFEBQ_EB2_
      in /tmp/fa-campaign-20260908-wave5-profile/trace_relation_costs
    _RNCNvCscO0Syu2iFtE_4test8run_test0B3_
      in /tmp/fa-campaign-20260908-wave5-profile/trace_relation_costs
    _RINvNtNtCsjr6MQCPf0hc_3std3sys9backtrace28___rust_begin_short_backtraceNCNvCscO0Syu2iFtE_4test8run_tests_0uEB1b_
      in /tmp/fa-campaign-20260908-wave5-profile/trace_relation_costs
    _RNSNvYNCINvNtNtCsjr6MQCPf0hc_3std6thread9lifecycle15spawn_uncheckedNCNvCscO0Syu2iFtE_4test8run_tests_0uEs_0INtNtNtCsg3O1AWWDtD0_4core3ops8function6FnOnceuE9call_once6vtableB17_
      in /tmp/fa-campaign-20260908-wave5-profile/trace_relation_costs
    _RNvNvMs0_NtNtNtCsjr6MQCPf0hc_3std3sys6thread4unixNtB7_6Thread3new12thread_start
      in /tmp/fa-campaign-20260908-wave5-profile/trace_relation_costs
    start_thread
      at ./nptl/pthread_create.c:454
      in /usr/lib/x86_64-linux-gnu/libc.so.6
    __clone3
      at ../sysdeps/unix/sysv/linux/x86_64/clone3.S:78
      in /usr/lib/x86_64-linux-gnu/libc.so.6
128B consumed over 12 calls from:
    _RNvCs3q5YlyTrg4_20trace_relation_costs8run_case
      in /tmp/fa-campaign-20260908-wave5-profile/trace_relation_costs
    _RNvYNCNvCs3q5YlyTrg4_20trace_relation_costs66fixed_trace_relation_costs_are_descriptive_and_assert_all_outcomes0INtNtNtCsg3O1AWWDtD0_4core3ops8function6FnOnceuE9call_onceB6_
      in /tmp/fa-campaign-20260908-wave5-profile/trace_relation_costs
    _RINvCscO0Syu2iFtE_4test28___rust_begin_short_backtraceINtNtCsg3O1AWWDtD0_4core6result6ResultuNtNtCs2mBL6TZy0y2_5alloc6string6StringEFEBQ_EB2_
      in /tmp/fa-campaign-20260908-wave5-profile/trace_relation_costs
    _RNCNvCscO0Syu2iFtE_4test8run_test0B3_
      in /tmp/fa-campaign-20260908-wave5-profile/trace_relation_costs
    _RINvNtNtCsjr6MQCPf0hc_3std3sys9backtrace28___rust_begin_short_backtraceNCNvCscO0Syu2iFtE_4test8run_tests_0uEB1b_
      in /tmp/fa-campaign-20260908-wave5-profile/trace_relation_costs
    _RNSNvYNCINvNtNtCsjr6MQCPf0hc_3std6thread9lifecycle15spawn_uncheckedNCNvCscO0Syu2iFtE_4test8run_tests_0uEs_0INtNtNtCsg3O1AWWDtD0_4core3ops8function6FnOnceuE9call_once6vtableB17_
      in /tmp/fa-campaign-20260908-wave5-profile/trace_relation_costs
    _RNvNvMs0_NtNtNtCsjr6MQCPf0hc_3std3sys6thread4unixNtB7_6Thread3new12thread_start
      in /tmp/fa-campaign-20260908-wave5-profile/trace_relation_costs
    start_thread
      at ./nptl/pthread_create.c:454
      in /usr/lib/x86_64-linux-gnu/libc.so.6
    __clone3
      at ../sysdeps/unix/sysv/linux/x86_64/clone3.S:78
      in /usr/lib/x86_64-linux-gnu/libc.so.6

1.02K peak memory consumed over 1 calls from
_RNCINvMs0_NtNtCsjr6MQCPf0hc_3std4sync4onceNtB8_4Once15call_once_forceNCINvMNtBa_9once_lockINtB1b_8OnceLockINtNtBa_14reentrant_lock13ReentrantLockINtNtCsg3O1AWWDtD0_4core4cell7RefCellINtNtNtNtCs2mBL6TZy0y2_5alloc2io8buffered10linewriter10LineWriterNtNtNtBc_2io5stdio9StdoutRawEEEE10initializeNCINvB1a_11get_or_initNCNvB3Z_6stdout0E0zE0E0Bc_.llvm.3668188353032033200
  in /tmp/fa-campaign-20260908-wave5-profile/trace_relation_costs
1.02K consumed over 1 calls from:
    _RNvMs0_NtNtNtNtCsjr6MQCPf0hc_3std3sys4sync4once5futexNtB5_4Once4call
      in /tmp/fa-campaign-20260908-wave5-profile/trace_relation_costs
    _RINvMNtNtCsjr6MQCPf0hc_3std4sync9once_lockINtB3_8OnceLockINtNtB5_14reentrant_lock13ReentrantLockINtNtCsg3O1AWWDtD0_4core4cell7RefCellINtNtNtNtCs2mBL6TZy0y2_5alloc2io8buffered10linewriter10LineWriterNtNtNtB7_2io5stdio9StdoutRawEEEE10initializeNCINvB2_11get_or_initNCNvB3c_6stdout0E0zEB7_.llvm.3668188353032033200
      in /tmp/fa-campaign-20260908-wave5-profile/trace_relation_costs
    _RNvNtCscO0Syu2iFtE_4test7console17run_tests_console
      in /tmp/fa-campaign-20260908-wave5-profile/trace_relation_costs
    _RNvCscO0Syu2iFtE_4test16test_main_static
      in /tmp/fa-campaign-20260908-wave5-profile/trace_relation_costs
    _RINvNtNtCsjr6MQCPf0hc_3std3sys9backtrace28___rust_begin_short_backtraceFEuuECs3q5YlyTrg4_20trace_relation_costs
      in /tmp/fa-campaign-20260908-wave5-profile/trace_relation_costs
    _RNCINvNtCsjr6MQCPf0hc_3std2rt10lang_startuE0Cs3q5YlyTrg4_20trace_relation_costs
      in /tmp/fa-campaign-20260908-wave5-profile/trace_relation_costs
    _RNvNtCsjr6MQCPf0hc_3std2rt19lang_start_internal
      in /tmp/fa-campaign-20260908-wave5-profile/trace_relation_costs
    main
      in /tmp/fa-campaign-20260908-wave5-profile/trace_relation_costs

736B peak memory consumed over 6 calls from
_RNvMs5_NtCs2mBL6TZy0y2_5alloc7raw_vecNtB5_11RawVecInner11finish_growCscO0Syu2iFtE_4test
  in /tmp/fa-campaign-20260908-wave5-profile/trace_relation_costs
640B consumed over 1 calls from:
    _RNvMs4_NtCs2mBL6TZy0y2_5alloc7raw_vecINtB5_6RawVecTNtNtCscO0Syu2iFtE_4test5types6TestIdNtBP_13TestDescAndFnEE8grow_oneBR_
      in /tmp/fa-campaign-20260908-wave5-profile/trace_relation_costs
    _RNvNtCscO0Syu2iFtE_4test7console17run_tests_console
      in /tmp/fa-campaign-20260908-wave5-profile/trace_relation_costs
    _RNvCscO0Syu2iFtE_4test16test_main_static
      in /tmp/fa-campaign-20260908-wave5-profile/trace_relation_costs
    _RINvNtNtCsjr6MQCPf0hc_3std3sys9backtrace28___rust_begin_short_backtraceFEuuECs3q5YlyTrg4_20trace_relation_costs
      in /tmp/fa-campaign-20260908-wave5-profile/trace_relation_costs
    _RNCINvNtCsjr6MQCPf0hc_3std2rt10lang_startuE0Cs3q5YlyTrg4_20trace_relation_costs
      in /tmp/fa-campaign-20260908-wave5-profile/trace_relation_costs
    _RNvNtCsjr6MQCPf0hc_3std2rt19lang_start_internal
      in /tmp/fa-campaign-20260908-wave5-profile/trace_relation_costs
    main
      in /tmp/fa-campaign-20260908-wave5-profile/trace_relation_costs
96B consumed over 1 calls from:
    _RNvMs4_NtCs2mBL6TZy0y2_5alloc7raw_vecINtB5_6RawVecNtNtCsjr6MQCPf0hc_3std4path7PathBufE8grow_oneCscO0Syu2iFtE_4test
      in /tmp/fa-campaign-20260908-wave5-profile/trace_relation_costs
    _RNvMs0_NtNtNtCsjr6MQCPf0hc_3std4sync4mpmc5wakerNtB5_9SyncWaker8register
      in /tmp/fa-campaign-20260908-wave5-profile/trace_relation_costs
    _RNCNvMs1_NtNtNtCsjr6MQCPf0hc_3std4sync4mpmc4listINtB7_7ChannelNtNtCscO0Syu2iFtE_4test5event13CompletedTestE4recvs_0B12_
      in /tmp/fa-campaign-20260908-wave5-profile/trace_relation_costs
    _RNvMs1_NtNtNtCsjr6MQCPf0hc_3std4sync4mpmc4listINtB5_7ChannelNtNtCscO0Syu2iFtE_4test5event13CompletedTestE4recvB10_
      in /tmp/fa-campaign-20260908-wave5-profile/trace_relation_costs
    _RNvNtCscO0Syu2iFtE_4test7console17run_tests_console
      in /tmp/fa-campaign-20260908-wave5-profile/trace_relation_costs
    _RNvCscO0Syu2iFtE_4test16test_main_static
      in /tmp/fa-campaign-20260908-wave5-profile/trace_relation_costs
    _RINvNtNtCsjr6MQCPf0hc_3std3sys9backtrace28___rust_begin_short_backtraceFEuuECs3q5YlyTrg4_20trace_relation_costs
      in /tmp/fa-campaign-20260908-wave5-profile/trace_relation_costs
    _RNCINvNtCsjr6MQCPf0hc_3std2rt10lang_startuE0Cs3q5YlyTrg4_20trace_relation_costs
      in /tmp/fa-campaign-20260908-wave5-profile/trace_relation_costs
    _RNvNtCsjr6MQCPf0hc_3std2rt19lang_start_internal
      in /tmp/fa-campaign-20260908-wave5-profile/trace_relation_costs
    main
      in /tmp/fa-campaign-20260908-wave5-profile/trace_relation_costs

648B peak memory consumed over 2 calls from
_RNvNtCscO0Syu2iFtE_4test7console17run_tests_console
  in /tmp/fa-campaign-20260908-wave5-profile/trace_relation_costs
512B consumed over 1 calls from:
    _RNvCscO0Syu2iFtE_4test16test_main_static
      in /tmp/fa-campaign-20260908-wave5-profile/trace_relation_costs
    _RINvNtNtCsjr6MQCPf0hc_3std3sys9backtrace28___rust_begin_short_backtraceFEuuECs3q5YlyTrg4_20trace_relation_costs
      in /tmp/fa-campaign-20260908-wave5-profile/trace_relation_costs
    _RNCINvNtCsjr6MQCPf0hc_3std2rt10lang_startuE0Cs3q5YlyTrg4_20trace_relation_costs
      in /tmp/fa-campaign-20260908-wave5-profile/trace_relation_costs
    _RNvNtCsjr6MQCPf0hc_3std2rt19lang_start_internal
      in /tmp/fa-campaign-20260908-wave5-profile/trace_relation_costs
    main
      in /tmp/fa-campaign-20260908-wave5-profile/trace_relation_costs
136B consumed over 1 calls from:
    _RNvCscO0Syu2iFtE_4test16test_main_static
      in /tmp/fa-campaign-20260908-wave5-profile/trace_relation_costs
    _RINvNtNtCsjr6MQCPf0hc_3std3sys9backtrace28___rust_begin_short_backtraceFEuuECs3q5YlyTrg4_20trace_relation_costs
      in /tmp/fa-campaign-20260908-wave5-profile/trace_relation_costs
    _RNCINvNtCsjr6MQCPf0hc_3std2rt10lang_startuE0Cs3q5YlyTrg4_20trace_relation_costs
      in /tmp/fa-campaign-20260908-wave5-profile/trace_relation_costs
    _RNvNtCsjr6MQCPf0hc_3std2rt19lang_start_internal
      in /tmp/fa-campaign-20260908-wave5-profile/trace_relation_costs
    main
      in /tmp/fa-campaign-20260908-wave5-profile/trace_relation_costs

614B peak memory consumed over 3 calls from
_RNvNtNtNtNtNtCsjr6MQCPf0hc_3std3sys3pal4unix14stack_overflow11thread_info16set_current_info
  in /tmp/fa-campaign-20260908-wave5-profile/trace_relation_costs
544B consumed over 1 calls from:
    _RNvNtCsjr6MQCPf0hc_3std2rt19lang_start_internal
      in /tmp/fa-campaign-20260908-wave5-profile/trace_relation_costs
    main
      in /tmp/fa-campaign-20260908-wave5-profile/trace_relation_costs
66B consumed over 1 calls from:
    _RNvNtNtNtNtNtCsjr6MQCPf0hc_3std3sys3pal4unix14stack_overflow3imp12make_handler
      in /tmp/fa-campaign-20260908-wave5-profile/trace_relation_costs
    _RNvNvMs0_NtNtNtCsjr6MQCPf0hc_3std3sys6thread4unixNtB7_6Thread3new12thread_start
      in /tmp/fa-campaign-20260908-wave5-profile/trace_relation_costs
    start_thread
      at ./nptl/pthread_create.c:454
      in /usr/lib/x86_64-linux-gnu/libc.so.6
    __clone3
      at ../sysdeps/unix/sysv/linux/x86_64/clone3.S:78
      in /usr/lib/x86_64-linux-gnu/libc.so.6
4B consumed over 1 calls from:
    _RNvNtCsjr6MQCPf0hc_3std2rt19lang_start_internal
      in /tmp/fa-campaign-20260908-wave5-profile/trace_relation_costs
    main
      in /tmp/fa-campaign-20260908-wave5-profile/trace_relation_costs

456B peak memory consumed over 6 calls from
_RNvCscO0Syu2iFtE_4test8run_test
  in /tmp/fa-campaign-20260908-wave5-profile/trace_relation_costs
312B consumed over 1 calls from:
    _RNvNtCscO0Syu2iFtE_4test7console17run_tests_console
      in /tmp/fa-campaign-20260908-wave5-profile/trace_relation_costs
    _RNvCscO0Syu2iFtE_4test16test_main_static
      in /tmp/fa-campaign-20260908-wave5-profile/trace_relation_costs
    _RINvNtNtCsjr6MQCPf0hc_3std3sys9backtrace28___rust_begin_short_backtraceFEuuECs3q5YlyTrg4_20trace_relation_costs
      in /tmp/fa-campaign-20260908-wave5-profile/trace_relation_costs
    _RNCINvNtCsjr6MQCPf0hc_3std2rt10lang_startuE0Cs3q5YlyTrg4_20trace_relation_costs
      in /tmp/fa-campaign-20260908-wave5-profile/trace_relation_costs
    _RNvNtCsjr6MQCPf0hc_3std2rt19lang_start_internal
      in /tmp/fa-campaign-20260908-wave5-profile/trace_relation_costs
    main
      in /tmp/fa-campaign-20260908-wave5-profile/trace_relation_costs
48B consumed over 1 calls from:
    _RNvNtCscO0Syu2iFtE_4test7console17run_tests_console
      in /tmp/fa-campaign-20260908-wave5-profile/trace_relation_costs
    _RNvCscO0Syu2iFtE_4test16test_main_static
      in /tmp/fa-campaign-20260908-wave5-profile/trace_relation_costs
    _RINvNtNtCsjr6MQCPf0hc_3std3sys9backtrace28___rust_begin_short_backtraceFEuuECs3q5YlyTrg4_20trace_relation_costs
      in /tmp/fa-campaign-20260908-wave5-profile/trace_relation_costs
    _RNCINvNtCsjr6MQCPf0hc_3std2rt10lang_startuE0Cs3q5YlyTrg4_20trace_relation_costs
      in /tmp/fa-campaign-20260908-wave5-profile/trace_relation_costs
    _RNvNtCsjr6MQCPf0hc_3std2rt19lang_start_internal
      in /tmp/fa-campaign-20260908-wave5-profile/trace_relation_costs
    main
      in /tmp/fa-campaign-20260908-wave5-profile/trace_relation_costs
48B consumed over 1 calls from:
    _RNvNtCscO0Syu2iFtE_4test7console17run_tests_console
      in /tmp/fa-campaign-20260908-wave5-profile/trace_relation_costs
    _RNvCscO0Syu2iFtE_4test16test_main_static
      in /tmp/fa-campaign-20260908-wave5-profile/trace_relation_costs
    _RINvNtNtCsjr6MQCPf0hc_3std3sys9backtrace28___rust_begin_short_backtraceFEuuECs3q5YlyTrg4_20trace_relation_costs
      in /tmp/fa-campaign-20260908-wave5-profile/trace_relation_costs
    _RNCINvNtCsjr6MQCPf0hc_3std2rt10lang_startuE0Cs3q5YlyTrg4_20trace_relation_costs
      in /tmp/fa-campaign-20260908-wave5-profile/trace_relation_costs
    _RNvNtCsjr6MQCPf0hc_3std2rt19lang_start_internal
      in /tmp/fa-campaign-20260908-wave5-profile/trace_relation_costs
    main
      in /tmp/fa-campaign-20260908-wave5-profile/trace_relation_costs
48B consumed over 1 calls from:
    _RNvNtCscO0Syu2iFtE_4test7console17run_tests_console
      in /tmp/fa-campaign-20260908-wave5-profile/trace_relation_costs
    _RNvCscO0Syu2iFtE_4test16test_main_static
      in /tmp/fa-campaign-20260908-wave5-profile/trace_relation_costs
    _RINvNtNtCsjr6MQCPf0hc_3std3sys9backtrace28___rust_begin_short_backtraceFEuuECs3q5YlyTrg4_20trace_relation_costs
      in /tmp/fa-campaign-20260908-wave5-profile/trace_relation_costs
    _RNCINvNtCsjr6MQCPf0hc_3std2rt10lang_startuE0Cs3q5YlyTrg4_20trace_relation_costs
      in /tmp/fa-campaign-20260908-wave5-profile/trace_relation_costs
    _RNvNtCsjr6MQCPf0hc_3std2rt19lang_start_internal
      in /tmp/fa-campaign-20260908-wave5-profile/trace_relation_costs
    main
      in /tmp/fa-campaign-20260908-wave5-profile/trace_relation_costs
  and 0B from 1 other places

352B peak memory consumed over 1 calls from
__GI__dl_allocate_tls::allocate_dtv::calloc
  at ../include/rtld-malloc.h:44
  in /lib64/ld-linux-x86-64.so.2
__GI__dl_allocate_tls::allocate_dtv
  at ./elf/../elf/dl-tls.c:470
__GI__dl_allocate_tls
  at ./elf/../elf/dl-tls.c:722
352B consumed over 1 calls from:
    __pthread_create_2_1::allocate_stack
      at ./nptl/allocatestack.c:568
      in /usr/lib/x86_64-linux-gnu/libc.so.6
    __pthread_create_2_1
      at ./nptl/./nptl/pthread_create.c:680
    _RNvMs0_NtNtNtCsjr6MQCPf0hc_3std3sys6thread4unixNtB5_6Thread3new
      in /tmp/fa-campaign-20260908-wave5-profile/trace_relation_costs
    _RNvCscO0Syu2iFtE_4test8run_test
      in /tmp/fa-campaign-20260908-wave5-profile/trace_relation_costs
    _RNvNtCscO0Syu2iFtE_4test7console17run_tests_console
      in /tmp/fa-campaign-20260908-wave5-profile/trace_relation_costs
    _RNvCscO0Syu2iFtE_4test16test_main_static
      in /tmp/fa-campaign-20260908-wave5-profile/trace_relation_costs
    _RINvNtNtCsjr6MQCPf0hc_3std3sys9backtrace28___rust_begin_short_backtraceFEuuECs3q5YlyTrg4_20trace_relation_costs
      in /tmp/fa-campaign-20260908-wave5-profile/trace_relation_costs
    _RNCINvNtCsjr6MQCPf0hc_3std2rt10lang_startuE0Cs3q5YlyTrg4_20trace_relation_costs
      in /tmp/fa-campaign-20260908-wave5-profile/trace_relation_costs
    _RNvNtCsjr6MQCPf0hc_3std2rt19lang_start_internal
      in /tmp/fa-campaign-20260908-wave5-profile/trace_relation_costs
    main
      in /tmp/fa-campaign-20260908-wave5-profile/trace_relation_costs


MOST TEMPORARY ALLOCATIONS
24 temporary allocations of 24 allocations in total (100.00%) from
_RNvMs_NtCsbWQsUAIcWcI_12fa_reference10full_inputNtB4_17ActualHelperInput3new
  in /tmp/fa-campaign-20260908-wave5-profile/trace_relation_costs
12 temporary allocations of 12 allocations in total (100.00%) from:
    _RNvCs3q5YlyTrg4_20trace_relation_costs7binding
      in /tmp/fa-campaign-20260908-wave5-profile/trace_relation_costs
    _RNvCs3q5YlyTrg4_20trace_relation_costs24negative_domain_conflict
      in /tmp/fa-campaign-20260908-wave5-profile/trace_relation_costs
    _RNvCs3q5YlyTrg4_20trace_relation_costs8run_case
      in /tmp/fa-campaign-20260908-wave5-profile/trace_relation_costs
    _RNvYNCNvCs3q5YlyTrg4_20trace_relation_costs66fixed_trace_relation_costs_are_descriptive_and_assert_all_outcomes0INtNtNtCsg3O1AWWDtD0_4core3ops8function6FnOnceuE9call_onceB6_
      in /tmp/fa-campaign-20260908-wave5-profile/trace_relation_costs
    _RINvCscO0Syu2iFtE_4test28___rust_begin_short_backtraceINtNtCsg3O1AWWDtD0_4core6result6ResultuNtNtCs2mBL6TZy0y2_5alloc6string6StringEFEBQ_EB2_
      in /tmp/fa-campaign-20260908-wave5-profile/trace_relation_costs
    _RNCNvCscO0Syu2iFtE_4test8run_test0B3_
      in /tmp/fa-campaign-20260908-wave5-profile/trace_relation_costs
    _RINvNtNtCsjr6MQCPf0hc_3std3sys9backtrace28___rust_begin_short_backtraceNCNvCscO0Syu2iFtE_4test8run_tests_0uEB1b_
      in /tmp/fa-campaign-20260908-wave5-profile/trace_relation_costs
    _RNSNvYNCINvNtNtCsjr6MQCPf0hc_3std6thread9lifecycle15spawn_uncheckedNCNvCscO0Syu2iFtE_4test8run_tests_0uEs_0INtNtNtCsg3O1AWWDtD0_4core3ops8function6FnOnceuE9call_once6vtableB17_
      in /tmp/fa-campaign-20260908-wave5-profile/trace_relation_costs
    _RNvNvMs0_NtNtNtCsjr6MQCPf0hc_3std3sys6thread4unixNtB7_6Thread3new12thread_start
      in /tmp/fa-campaign-20260908-wave5-profile/trace_relation_costs
    start_thread
      at ./nptl/pthread_create.c:454
      in /usr/lib/x86_64-linux-gnu/libc.so.6
    __clone3
      at ../sysdeps/unix/sysv/linux/x86_64/clone3.S:78
      in /usr/lib/x86_64-linux-gnu/libc.so.6
12 temporary allocations of 12 allocations in total (100.00%) from:
    _RNvCs3q5YlyTrg4_20trace_relation_costs7binding
      in /tmp/fa-campaign-20260908-wave5-profile/trace_relation_costs
    _RNvCs3q5YlyTrg4_20trace_relation_costs15unknown_refusal
      in /tmp/fa-campaign-20260908-wave5-profile/trace_relation_costs
    _RNvCs3q5YlyTrg4_20trace_relation_costs8run_case
      in /tmp/fa-campaign-20260908-wave5-profile/trace_relation_costs
    _RNvYNCNvCs3q5YlyTrg4_20trace_relation_costs66fixed_trace_relation_costs_are_descriptive_and_assert_all_outcomes0INtNtNtCsg3O1AWWDtD0_4core3ops8function6FnOnceuE9call_onceB6_
      in /tmp/fa-campaign-20260908-wave5-profile/trace_relation_costs
    _RINvCscO0Syu2iFtE_4test28___rust_begin_short_backtraceINtNtCsg3O1AWWDtD0_4core6result6ResultuNtNtCs2mBL6TZy0y2_5alloc6string6StringEFEBQ_EB2_
      in /tmp/fa-campaign-20260908-wave5-profile/trace_relation_costs
    _RNCNvCscO0Syu2iFtE_4test8run_test0B3_
      in /tmp/fa-campaign-20260908-wave5-profile/trace_relation_costs
    _RINvNtNtCsjr6MQCPf0hc_3std3sys9backtrace28___rust_begin_short_backtraceNCNvCscO0Syu2iFtE_4test8run_tests_0uEB1b_
      in /tmp/fa-campaign-20260908-wave5-profile/trace_relation_costs
    _RNSNvYNCINvNtNtCsjr6MQCPf0hc_3std6thread9lifecycle15spawn_uncheckedNCNvCscO0Syu2iFtE_4test8run_tests_0uEs_0INtNtNtCsg3O1AWWDtD0_4core3ops8function6FnOnceuE9call_once6vtableB17_
      in /tmp/fa-campaign-20260908-wave5-profile/trace_relation_costs
    _RNvNvMs0_NtNtNtCsjr6MQCPf0hc_3std3sys6thread4unixNtB7_6Thread3new12thread_start
      in /tmp/fa-campaign-20260908-wave5-profile/trace_relation_costs
    start_thread
      at ./nptl/pthread_create.c:454
      in /usr/lib/x86_64-linux-gnu/libc.so.6
    __clone3
      at ../sysdeps/unix/sysv/linux/x86_64/clone3.S:78
      in /usr/lib/x86_64-linux-gnu/libc.so.6

17 temporary allocations of 24 allocations in total (70.83%) from
_RNvMs4_Cs8v6Vxq2exiQ_7getoptsNtB5_7Matches8opt_vals
  in /tmp/fa-campaign-20260908-wave5-profile/trace_relation_costs
1 temporary allocations of 1 allocations in total (100.00%) from:
    _RNvMs4_Cs8v6Vxq2exiQ_7getoptsNtB5_7Matches8opt_strs
      in /tmp/fa-campaign-20260908-wave5-profile/trace_relation_costs
    _RNvNtCscO0Syu2iFtE_4test3cli10parse_opts
      in /tmp/fa-campaign-20260908-wave5-profile/trace_relation_costs
    _RNvCscO0Syu2iFtE_4test16test_main_static
      in /tmp/fa-campaign-20260908-wave5-profile/trace_relation_costs
    _RINvNtNtCsjr6MQCPf0hc_3std3sys9backtrace28___rust_begin_short_backtraceFEuuECs3q5YlyTrg4_20trace_relation_costs
      in /tmp/fa-campaign-20260908-wave5-profile/trace_relation_costs
    _RNCINvNtCsjr6MQCPf0hc_3std2rt10lang_startuE0Cs3q5YlyTrg4_20trace_relation_costs
      in /tmp/fa-campaign-20260908-wave5-profile/trace_relation_costs
    _RNvNtCsjr6MQCPf0hc_3std2rt19lang_start_internal
      in /tmp/fa-campaign-20260908-wave5-profile/trace_relation_costs
    main
      in /tmp/fa-campaign-20260908-wave5-profile/trace_relation_costs
1 temporary allocations of 1 allocations in total (100.00%) from:
    _RNvMs4_Cs8v6Vxq2exiQ_7getoptsNtB5_7Matches11opt_present
      in /tmp/fa-campaign-20260908-wave5-profile/trace_relation_costs
    _RNvNtCscO0Syu2iFtE_4test3cli10parse_opts
      in /tmp/fa-campaign-20260908-wave5-profile/trace_relation_costs
    _RNvCscO0Syu2iFtE_4test16test_main_static
      in /tmp/fa-campaign-20260908-wave5-profile/trace_relation_costs
    _RINvNtNtCsjr6MQCPf0hc_3std3sys9backtrace28___rust_begin_short_backtraceFEuuECs3q5YlyTrg4_20trace_relation_costs
      in /tmp/fa-campaign-20260908-wave5-profile/trace_relation_costs
    _RNCINvNtCsjr6MQCPf0hc_3std2rt10lang_startuE0Cs3q5YlyTrg4_20trace_relation_costs
      in /tmp/fa-campaign-20260908-wave5-profile/trace_relation_costs
    _RNvNtCsjr6MQCPf0hc_3std2rt19lang_start_internal
      in /tmp/fa-campaign-20260908-wave5-profile/trace_relation_costs
    main
      in /tmp/fa-campaign-20260908-wave5-profile/trace_relation_costs
1 temporary allocations of 1 allocations in total (100.00%) from:
    _RNvNtCscO0Syu2iFtE_4test3cli10get_format
      in /tmp/fa-campaign-20260908-wave5-profile/trace_relation_costs
    _RNvNtCscO0Syu2iFtE_4test3cli10parse_opts
      in /tmp/fa-campaign-20260908-wave5-profile/trace_relation_costs
    _RNvCscO0Syu2iFtE_4test16test_main_static
      in /tmp/fa-campaign-20260908-wave5-profile/trace_relation_costs
    _RINvNtNtCsjr6MQCPf0hc_3std3sys9backtrace28___rust_begin_short_backtraceFEuuECs3q5YlyTrg4_20trace_relation_costs
      in /tmp/fa-campaign-20260908-wave5-profile/trace_relation_costs
    _RNCINvNtCsjr6MQCPf0hc_3std2rt10lang_startuE0Cs3q5YlyTrg4_20trace_relation_costs
      in /tmp/fa-campaign-20260908-wave5-profile/trace_relation_costs
    _RNvNtCsjr6MQCPf0hc_3std2rt19lang_start_internal
      in /tmp/fa-campaign-20260908-wave5-profile/trace_relation_costs
    main
      in /tmp/fa-campaign-20260908-wave5-profile/trace_relation_costs
1 temporary allocations of 1 allocations in total (100.00%) from:
    _RNvNtCscO0Syu2iFtE_4test3cli16get_color_config
      in /tmp/fa-campaign-20260908-wave5-profile/trace_relation_costs
    _RNvNtCscO0Syu2iFtE_4test3cli10parse_opts
      in /tmp/fa-campaign-20260908-wave5-profile/trace_relation_costs
    _RNvCscO0Syu2iFtE_4test16test_main_static
      in /tmp/fa-campaign-20260908-wave5-profile/trace_relation_costs
    _RINvNtNtCsjr6MQCPf0hc_3std3sys9backtrace28___rust_begin_short_backtraceFEuuECs3q5YlyTrg4_20trace_relation_costs
      in /tmp/fa-campaign-20260908-wave5-profile/trace_relation_costs
    _RNCINvNtCsjr6MQCPf0hc_3std2rt10lang_startuE0Cs3q5YlyTrg4_20trace_relation_costs
      in /tmp/fa-campaign-20260908-wave5-profile/trace_relation_costs
    _RNvNtCsjr6MQCPf0hc_3std2rt19lang_start_internal
      in /tmp/fa-campaign-20260908-wave5-profile/trace_relation_costs
    main
      in /tmp/fa-campaign-20260908-wave5-profile/trace_relation_costs
1 temporary allocations of 1 allocations in total (100.00%) from:
    _RNvNtCscO0Syu2iFtE_4test3cli15get_run_ignored
      in /tmp/fa-campaign-20260908-wave5-profile/trace_relation_costs
    _RNvNtCscO0Syu2iFtE_4test3cli10parse_opts
      in /tmp/fa-campaign-20260908-wave5-profile/trace_relation_costs
    _RNvCscO0Syu2iFtE_4test16test_main_static
      in /tmp/fa-campaign-20260908-wave5-profile/trace_relation_costs
    _RINvNtNtCsjr6MQCPf0hc_3std3sys9backtrace28___rust_begin_short_backtraceFEuuECs3q5YlyTrg4_20trace_relation_costs
      in /tmp/fa-campaign-20260908-wave5-profile/trace_relation_costs
    _RNCINvNtCsjr6MQCPf0hc_3std2rt10lang_startuE0Cs3q5YlyTrg4_20trace_relation_costs
      in /tmp/fa-campaign-20260908-wave5-profile/trace_relation_costs
    _RNvNtCsjr6MQCPf0hc_3std2rt19lang_start_internal
      in /tmp/fa-campaign-20260908-wave5-profile/trace_relation_costs
    main
      in /tmp/fa-campaign-20260908-wave5-profile/trace_relation_costs
  and 12B from 19 other places

17 temporary allocations of 57 allocations in total (29.82%) from
_RNvXsH_Cs8v6Vxq2exiQ_7getoptsNtB5_8OptGroupNtNtCsg3O1AWWDtD0_4core5clone5Clone5clone
  in /tmp/fa-campaign-20260908-wave5-profile/trace_relation_costs
17 temporary allocations of 24 allocations in total (70.83%) from:
    _RNvMs3_Cs8v6Vxq2exiQ_7getoptsNtB5_8OptGroup13long_to_short
      in /tmp/fa-campaign-20260908-wave5-profile/trace_relation_costs
    _RNvNtCscO0Syu2iFtE_4test3cli10parse_opts
      in /tmp/fa-campaign-20260908-wave5-profile/trace_relation_costs
    _RNvCscO0Syu2iFtE_4test16test_main_static
      in /tmp/fa-campaign-20260908-wave5-profile/trace_relation_costs
    _RINvNtNtCsjr6MQCPf0hc_3std3sys9backtrace28___rust_begin_short_backtraceFEuuECs3q5YlyTrg4_20trace_relation_costs
      in /tmp/fa-campaign-20260908-wave5-profile/trace_relation_costs
    _RNCINvNtCsjr6MQCPf0hc_3std2rt10lang_startuE0Cs3q5YlyTrg4_20trace_relation_costs
      in /tmp/fa-campaign-20260908-wave5-profile/trace_relation_costs
    _RNvNtCsjr6MQCPf0hc_3std2rt19lang_start_internal
      in /tmp/fa-campaign-20260908-wave5-profile/trace_relation_costs
    main
      in /tmp/fa-campaign-20260908-wave5-profile/trace_relation_costs

4 temporary allocations of 4 allocations in total (100.00%) from
_RNvNvNtCs2mBL6TZy0y2_5alloc3fmt6format12format_inner
  in /tmp/fa-campaign-20260908-wave5-profile/trace_relation_costs
1 temporary allocations of 1 allocations in total (100.00%) from:
    _RNvXs_NtNtCscO0Syu2iFtE_4test10formatters6prettyINtB4_15PrettyFormatterNtNtNtCsjr6MQCPf0hc_3std2io5stdio6StdoutENtB6_15OutputFormatter15write_run_startB8_
      in /tmp/fa-campaign-20260908-wave5-profile/trace_relation_costs
    _RNCNvNtCscO0Syu2iFtE_4test7console17run_tests_consoles0_0B5_
      in /tmp/fa-campaign-20260908-wave5-profile/trace_relation_costs
    _RNvNtCscO0Syu2iFtE_4test7console17run_tests_console
      in /tmp/fa-campaign-20260908-wave5-profile/trace_relation_costs
    _RNvCscO0Syu2iFtE_4test16test_main_static
      in /tmp/fa-campaign-20260908-wave5-profile/trace_relation_costs
    _RINvNtNtCsjr6MQCPf0hc_3std3sys9backtrace28___rust_begin_short_backtraceFEuuECs3q5YlyTrg4_20trace_relation_costs
      in /tmp/fa-campaign-20260908-wave5-profile/trace_relation_costs
    _RNCINvNtCsjr6MQCPf0hc_3std2rt10lang_startuE0Cs3q5YlyTrg4_20trace_relation_costs
      in /tmp/fa-campaign-20260908-wave5-profile/trace_relation_costs
    _RNvNtCsjr6MQCPf0hc_3std2rt19lang_start_internal
      in /tmp/fa-campaign-20260908-wave5-profile/trace_relation_costs
    main
      in /tmp/fa-campaign-20260908-wave5-profile/trace_relation_costs
1 temporary allocations of 1 allocations in total (100.00%) from:
    _RNvMNtNtCscO0Syu2iFtE_4test10formatters6prettyINtB2_15PrettyFormatterNtNtNtCsjr6MQCPf0hc_3std2io5stdio6StdoutE15write_test_nameB6_
      in /tmp/fa-campaign-20260908-wave5-profile/trace_relation_costs
    _RNCNvNtCscO0Syu2iFtE_4test7console17run_tests_consoles0_0B5_
      in /tmp/fa-campaign-20260908-wave5-profile/trace_relation_costs
    _RNvNtCscO0Syu2iFtE_4test7console17run_tests_console
      in /tmp/fa-campaign-20260908-wave5-profile/trace_relation_costs
    _RNvCscO0Syu2iFtE_4test16test_main_static
      in /tmp/fa-campaign-20260908-wave5-profile/trace_relation_costs
    _RINvNtNtCsjr6MQCPf0hc_3std3sys9backtrace28___rust_begin_short_backtraceFEuuECs3q5YlyTrg4_20trace_relation_costs
      in /tmp/fa-campaign-20260908-wave5-profile/trace_relation_costs
    _RNCINvNtCsjr6MQCPf0hc_3std2rt10lang_startuE0Cs3q5YlyTrg4_20trace_relation_costs
      in /tmp/fa-campaign-20260908-wave5-profile/trace_relation_costs
    _RNvNtCsjr6MQCPf0hc_3std2rt19lang_start_internal
      in /tmp/fa-campaign-20260908-wave5-profile/trace_relation_costs
    main
      in /tmp/fa-campaign-20260908-wave5-profile/trace_relation_costs
1 temporary allocations of 1 allocations in total (100.00%) from:
    _RNvXs_NtNtCscO0Syu2iFtE_4test10formatters6prettyINtB4_15PrettyFormatterNtNtNtCsjr6MQCPf0hc_3std2io5stdio6StdoutENtB6_15OutputFormatter16write_run_finishB8_
      in /tmp/fa-campaign-20260908-wave5-profile/trace_relation_costs
    _RNvNtCscO0Syu2iFtE_4test7console17run_tests_console
      in /tmp/fa-campaign-20260908-wave5-profile/trace_relation_costs
    _RNvCscO0Syu2iFtE_4test16test_main_static
      in /tmp/fa-campaign-20260908-wave5-profile/trace_relation_costs
    _RINvNtNtCsjr6MQCPf0hc_3std3sys9backtrace28___rust_begin_short_backtraceFEuuECs3q5YlyTrg4_20trace_relation_costs
      in /tmp/fa-campaign-20260908-wave5-profile/trace_relation_costs
    _RNCINvNtCsjr6MQCPf0hc_3std2rt10lang_startuE0Cs3q5YlyTrg4_20trace_relation_costs
      in /tmp/fa-campaign-20260908-wave5-profile/trace_relation_costs
    _RNvNtCsjr6MQCPf0hc_3std2rt19lang_start_internal
      in /tmp/fa-campaign-20260908-wave5-profile/trace_relation_costs
    main
      in /tmp/fa-campaign-20260908-wave5-profile/trace_relation_costs
1 temporary allocations of 1 allocations in total (100.00%) from:
    _RNvXs_NtNtCscO0Syu2iFtE_4test10formatters6prettyINtB4_15PrettyFormatterNtNtNtCsjr6MQCPf0hc_3std2io5stdio6StdoutENtB6_15OutputFormatter16write_run_finishB8_
      in /tmp/fa-campaign-20260908-wave5-profile/trace_relation_costs
    _RNvNtCscO0Syu2iFtE_4test7console17run_tests_console
      in /tmp/fa-campaign-20260908-wave5-profile/trace_relation_costs
    _RNvCscO0Syu2iFtE_4test16test_main_static
      in /tmp/fa-campaign-20260908-wave5-profile/trace_relation_costs
    _RINvNtNtCsjr6MQCPf0hc_3std3sys9backtrace28___rust_begin_short_backtraceFEuuECs3q5YlyTrg4_20trace_relation_costs
      in /tmp/fa-campaign-20260908-wave5-profile/trace_relation_costs
    _RNCINvNtCsjr6MQCPf0hc_3std2rt10lang_startuE0Cs3q5YlyTrg4_20trace_relation_costs
      in /tmp/fa-campaign-20260908-wave5-profile/trace_relation_costs
    _RNvNtCsjr6MQCPf0hc_3std2rt19lang_start_internal
      in /tmp/fa-campaign-20260908-wave5-profile/trace_relation_costs
    main
      in /tmp/fa-campaign-20260908-wave5-profile/trace_relation_costs

2 temporary allocations of 3 allocations in total (66.67%) from
_RNvMs5_NtCs2mBL6TZy0y2_5alloc7raw_vecNtB5_11RawVecInner11finish_growB7_.llvm.15288140286092161802
  in /tmp/fa-campaign-20260908-wave5-profile/trace_relation_costs
1 temporary allocations of 1 allocations in total (100.00%) from:
    _RINvNvMs2_NtCs2mBL6TZy0y2_5alloc7raw_vecINtB8_11RawVecInnerpE7reserve21do_reserve_and_handleNtNtBa_5alloc6GlobalEBa_
      in /tmp/fa-campaign-20260908-wave5-profile/trace_relation_costs
    _RNvXsZ_NtCs2mBL6TZy0y2_5alloc6stringNtB5_6StringNtNtCsg3O1AWWDtD0_4core3fmt5Write9write_str
      in /tmp/fa-campaign-20260908-wave5-profile/trace_relation_costs
    _RNvNtCsg3O1AWWDtD0_4core3fmt5write
      in /tmp/fa-campaign-20260908-wave5-profile/trace_relation_costs
    _RNvNvNtCs2mBL6TZy0y2_5alloc3fmt6format12format_inner
      in /tmp/fa-campaign-20260908-wave5-profile/trace_relation_costs
    _RNvMNtNtCscO0Syu2iFtE_4test10formatters6prettyINtB2_15PrettyFormatterNtNtNtCsjr6MQCPf0hc_3std2io5stdio6StdoutE15write_test_nameB6_
      in /tmp/fa-campaign-20260908-wave5-profile/trace_relation_costs
    _RNCNvNtCscO0Syu2iFtE_4test7console17run_tests_consoles0_0B5_
      in /tmp/fa-campaign-20260908-wave5-profile/trace_relation_costs
    _RNvNtCscO0Syu2iFtE_4test7console17run_tests_console
      in /tmp/fa-campaign-20260908-wave5-profile/trace_relation_costs
    _RNvCscO0Syu2iFtE_4test16test_main_static
      in /tmp/fa-campaign-20260908-wave5-profile/trace_relation_costs
    _RINvNtNtCsjr6MQCPf0hc_3std3sys9backtrace28___rust_begin_short_backtraceFEuuECs3q5YlyTrg4_20trace_relation_costs
      in /tmp/fa-campaign-20260908-wave5-profile/trace_relation_costs
    _RNCINvNtCsjr6MQCPf0hc_3std2rt10lang_startuE0Cs3q5YlyTrg4_20trace_relation_costs
      in /tmp/fa-campaign-20260908-wave5-profile/trace_relation_costs
    _RNvNtCsjr6MQCPf0hc_3std2rt19lang_start_internal
      in /tmp/fa-campaign-20260908-wave5-profile/trace_relation_costs
    main
      in /tmp/fa-campaign-20260908-wave5-profile/trace_relation_costs
1 temporary allocations of 1 allocations in total (100.00%) from:
    _RINvNvMs2_NtCs2mBL6TZy0y2_5alloc7raw_vecINtB8_11RawVecInnerpE7reserve21do_reserve_and_handleNtNtBa_5alloc6GlobalEBa_
      in /tmp/fa-campaign-20260908-wave5-profile/trace_relation_costs
    _RNvXsZ_NtCs2mBL6TZy0y2_5alloc6stringNtB5_6StringNtNtCsg3O1AWWDtD0_4core3fmt5Write9write_str
      in /tmp/fa-campaign-20260908-wave5-profile/trace_relation_costs
    _RNvNtCsg3O1AWWDtD0_4core3fmt5write
      in /tmp/fa-campaign-20260908-wave5-profile/trace_relation_costs
    _RNvNvNtCs2mBL6TZy0y2_5alloc3fmt6format12format_inner
      in /tmp/fa-campaign-20260908-wave5-profile/trace_relation_costs
    _RNvMNtNtCscO0Syu2iFtE_4test10formatters6prettyINtB2_15PrettyFormatterNtNtNtCsjr6MQCPf0hc_3std2io5stdio6StdoutE15write_test_nameB6_
      in /tmp/fa-campaign-20260908-wave5-profile/trace_relation_costs
    _RNCNvNtCscO0Syu2iFtE_4test7console17run_tests_consoles0_0B5_
      in /tmp/fa-campaign-20260908-wave5-profile/trace_relation_costs
    _RNvNtCscO0Syu2iFtE_4test7console17run_tests_console
      in /tmp/fa-campaign-20260908-wave5-profile/trace_relation_costs
    _RNvCscO0Syu2iFtE_4test16test_main_static
      in /tmp/fa-campaign-20260908-wave5-profile/trace_relation_costs
    _RINvNtNtCsjr6MQCPf0hc_3std3sys9backtrace28___rust_begin_short_backtraceFEuuECs3q5YlyTrg4_20trace_relation_costs
      in /tmp/fa-campaign-20260908-wave5-profile/trace_relation_costs
    _RNCINvNtCsjr6MQCPf0hc_3std2rt10lang_startuE0Cs3q5YlyTrg4_20trace_relation_costs
      in /tmp/fa-campaign-20260908-wave5-profile/trace_relation_costs
    _RNvNtCsjr6MQCPf0hc_3std2rt19lang_start_internal
      in /tmp/fa-campaign-20260908-wave5-profile/trace_relation_costs
    main
      in /tmp/fa-campaign-20260908-wave5-profile/trace_relation_costs

1 temporary allocations of 1 allocations in total (100.00%) from
0x71413aebf8f6
  in /usr/lib/x86_64-linux-gnu/libstdc++.so.6
1 temporary allocations of 1 allocations in total (100.00%) from:
    call_init
      at ./elf/dl-init.c:74
      in /lib64/ld-linux-x86-64.so.2
    _dl_init::call_init
      at ./elf/dl-init.c:120
      in /lib64/ld-linux-x86-64.so.2
    _dl_init
      at ./elf/./elf/dl-init.c:121
    _dl_start_user
      in /lib64/ld-linux-x86-64.so.2

1 temporary allocations of 1 allocations in total (100.00%) from
__GI___getdelim
  at ./libio/iogetdelim.c:111
  in /usr/lib/x86_64-linux-gnu/libc.so.6
1 temporary allocations of 1 allocations in total (100.00%) from:
    __pthread_getattr_np
      at ./nptl/pthread_getattr_np.c:122
      in /usr/lib/x86_64-linux-gnu/libc.so.6
    _RNvNtCsjr6MQCPf0hc_3std2rt19lang_start_internal
      in /tmp/fa-campaign-20260908-wave5-profile/trace_relation_costs
    main
      in /tmp/fa-campaign-20260908-wave5-profile/trace_relation_costs


total runtime: 0.08s.
calls to allocation functions: 1897 (23712/s)
temporary memory allocations: 66 (825/s)
peak heap memory consumption: 88.58K
peak RSS (including heaptrack overhead): 6.13M
total memory leaked: 948B
